timestamp,temperature,humidity,rain,wind_speed,pressure,pm25,pm10,co,no2,so2,ozone,aqi
2025-06-01T00:00,29.1,79,0.0,14.4,996.9,16.0,33.2,177.0,3.9,5.5,67.0,98
2025-06-01T01:00,28.6,89,0.0,13.4,998.2,16.0,32.4,244.0,5.9,6.3,66.0,98
2025-06-01T02:00,29.1,88,0.0,13.4,998.6,17.6,36.8,332.0,8.6,7.5,66.0,97
2025-06-01T03:00,30.4,79,0.0,15.6,998.8,22.7,68.0,383.0,10.1,9.0,71.0,97
2025-06-01T04:00,32.2,64,0.0,16.7,998.9,31.9,129.5,361.0,9.3,11.3,88.0,97
2025-06-01T05:00,33.7,55,0.0,15.3,998.7,44.2,209.5,303.0,7.4,13.8,111.0,97
2025-06-01T06:00,35.5,42,0.0,15.3,998.6,56.2,286.8,256.0,5.8,15.4,127.0,97
2025-06-01T07:00,36.5,36,0.0,16.6,998.0,63.3,322.2,238.0,4.9,15.2,132.0,97
2025-06-01T08:00,37.2,29,0.0,17.5,997.4,68.7,331.6,231.0,4.3,14.1,131.0,97
2025-06-01T09:00,37.7,24,0.0,18.6,996.8,73.3,334.3,236.0,4.4,12.8,126.0,97
2025-06-01T10:00,36.3,34,0.0,18.9,996.2,73.6,314.8,255.0,5.4,11.5,117.0,97
2025-06-01T11:00,34.7,53,0.0,19.8,995.7,66.4,267.3,286.0,7.1,10.0,105.0,97
2025-06-01T12:00,33.8,49,0.0,18.9,995.4,52.4,208.6,320.0,10.5,9.3,89.0,98
2025-06-01T13:00,32.8,58,0.0,15.3,995.5,40.2,154.6,361.0,14.8,9.2,78.0,99
2025-06-01T14:00,31.5,66,0.0,14.0,995.7,32.5,118.5,405.0,20.6,9.0,63.0,99
2025-06-01T15:00,30.8,74,0.0,12.2,996.1,29.7,101.5,431.0,23.9,8.9,52.0,100
2025-06-01T16:00,30.4,75,0.0,7.0,996.9,28.1,93.6,433.0,22.7,9.0,49.0,101
2025-06-01T17:00,29.9,79,0.0,11.8,997.5,25.9,79.9,418.0,19.2,9.2,51.0,101
2025-06-01T18:00,29.5,84,0.0,13.6,997.4,23.5,65.7,384.0,15.5,9.1,53.0,102
2025-06-01T19:00,29.2,85,0.0,15.9,997.1,21.5,56.5,316.0,12.2,8.3,55.0,102
2025-06-01T20:00,28.9,88,0.0,15.9,996.5,19.9,50.5,229.0,8.7,7.2,59.0,102
2025-06-01T21:00,28.9,86,0.0,15.1,996.0,19.4,50.9,167.0,6.2,6.4,62.0,102
2025-06-01T22:00,29.0,83,0.0,15.8,995.7,20.2,56.8,144.0,4.9,6.0,65.0,103
2025-06-01T23:00,28.9,84,0.0,14.7,995.8,21.8,65.9,146.0,4.5,5.8,67.0,103
2025-06-02T00:00,28.6,86,0.0,13.8,996.0,22.7,79.2,169.0,4.9,5.9,66.0,103
2025-06-02T01:00,29.2,82,0.0,12.7,996.5,25.0,84.1,230.0,6.9,6.9,66.0,104
2025-06-02T02:00,29.8,78,0.0,11.0,996.9,29.5,107.8,312.0,9.5,8.4,66.0,105
2025-06-02T03:00,30.8,73,0.0,12.7,997.3,38.8,173.7,359.0,10.9,10.1,72.0,106
2025-06-02T04:00,32.0,66,0.0,13.4,997.6,52.0,268.2,335.0,9.7,12.4,88.0,108
2025-06-02T05:00,32.8,62,0.0,15.3,997.5,63.1,331.6,276.0,7.3,14.9,109.0,110
2025-06-02T06:00,33.3,60,0.0,16.5,997.3,70.3,366.9,233.0,5.3,16.5,124.0,112
2025-06-02T07:00,33.8,57,0.0,16.8,996.8,73.1,372.5,225.0,4.4,16.3,129.0,114
2025-06-02T08:00,33.5,59,0.0,18.0,996.4,72.9,362.3,232.0,4.0,15.2,128.0,115
2025-06-02T09:00,33.2,61,0.0,18.4,995.9,72.9,360.4,245.0,4.1,14.0,124.0,115
2025-06-02T10:00,32.8,63,0.0,18.5,995.7,71.0,341.8,266.0,4.8,12.9,117.0,115
2025-06-02T11:00,32.3,67,0.0,17.6,995.5,67.1,314.8,293.0,6.1,11.8,107.0,115
2025-06-02T12:00,31.5,72,0.0,17.2,995.2,61.2,289.6,309.0,8.2,11.1,92.0,115
2025-06-02T13:00,30.8,77,0.0,16.0,995.8,52.4,228.6,306.0,11.9,10.6,82.0,116
2025-06-02T14:00,29.6,84,0.0,15.5,996.0,41.7,157.9,291.0,16.8,10.0,68.0,117
2025-06-02T15:00,29.5,85,0.0,15.1,996.9,35.3,120.1,275.0,19.6,9.3,59.0,118
2025-06-02T16:00,29.2,84,0.0,15.1,997.6,31.9,103.6,260.0,18.3,8.7,58.0,118
2025-06-02T17:00,29.1,83,0.0,16.2,998.0,29.4,92.0,243.0,14.8,8.2,62.0,119
2025-06-02T18:00,29.0,80,0.0,16.0,998.4,27.1,80.1,225.0,11.5,7.7,65.0,119
2025-06-02T19:00,29.0,80,0.0,16.6,998.4,25.6,73.1,202.0,9.1,7.2,66.0,120
2025-06-02T20:00,28.7,82,0.0,17.5,997.7,24.8,69.8,177.0,7.0,6.8,66.0,120
2025-06-02T21:00,28.4,85,0.0,15.0,997.2,24.4,70.5,159.0,5.5,6.5,66.0,121
2025-06-02T22:00,28.0,87,0.0,14.9,997.2,24.6,75.7,148.0,4.8,6.3,66.0,121
2025-06-02T23:00,28.0,87,0.0,15.3,997.3,24.5,77.8,143.0,4.6,6.2,66.0,122
2025-06-03T00:00,28.0,88,0.0,14.8,997.7,24.6,77.8,156.0,4.6,6.1,68.0,122
2025-06-03T01:00,28.3,89,0.0,13.8,998.2,23.7,72.2,203.0,5.7,6.7,69.0,122
2025-06-03T02:00,28.8,86,0.0,14.9,998.9,24.5,74.5,266.0,7.1,7.6,72.0,122
2025-06-03T03:00,29.5,80,0.0,15.8,999.3,26.7,92.0,304.0,7.7,8.4,76.0,121
2025-06-03T04:00,30.5,74,0.0,16.2,999.5,28.0,102.2,290.0,6.6,9.1,84.0,120
2025-06-03T05:00,31.2,68,0.0,16.7,999.6,28.4,105.9,251.0,4.7,9.7,95.0,118
2025-06-03T06:00,31.6,67,0.0,17.3,999.5,28.3,104.8,222.0,3.2,10.2,103.0,114
2025-06-03T07:00,32.0,67,0.0,18.4,999.3,28.1,101.7,215.0,2.7,10.5,107.0,110
2025-06-03T08:00,32.2,67,0.0,18.0,998.7,28.5,101.7,218.0,2.7,10.6,109.0,105
2025-06-03T09:00,32.2,67,0.0,17.7,997.9,29.4,103.6,229.0,3.1,10.8,110.0,100
2025-06-03T10:00,32.0,68,0.0,17.3,997.4,29.9,103.1,253.0,3.8,11.3,110.0,96
2025-06-03T11:00,31.7,70,0.0,16.3,997.2,30.2,100.8,286.0,4.9,11.8,108.0,93
2025-06-03T12:00,31.1,72,0.0,15.1,996.9,39.1,137.4,311.0,6.9,12.4,100.0,89
2025-06-03T13:00,30.4,77,0.0,14.9,997.4,38.1,119.7,322.0,11.4,12.1,90.0,88
2025-06-03T14:00,29.5,82,0.0,15.5,997.9,36.8,98.3,325.0,17.4,11.7,76.0,86
2025-06-03T15:00,29.0,87,0.0,15.0,998.3,36.6,83.8,322.0,21.1,11.2,67.0,86
2025-06-03T16:00,28.9,88,0.0,15.9,999.3,36.3,78.2,315.0,20.3,10.5,67.0,86
2025-06-03T17:00,28.8,89,0.0,15.3,999.9,35.4,70.5,302.0,17.1,9.8,72.0,86
2025-06-03T18:00,28.6,90,0.0,14.2,1000.1,34.2,65.4,282.0,14.1,9.1,75.0,87
2025-06-03T19:00,28.5,90,0.0,11.5,1000.0,32.8,64.5,249.0,11.8,8.6,75.0,87
2025-06-03T20:00,28.1,92,0.0,10.6,999.7,32.1,69.6,209.0,9.7,8.2,73.0,88
2025-06-03T21:00,28.0,91,0.0,10.7,999.3,31.7,75.0,178.0,8.2,8.0,71.0,89
2025-06-03T22:00,28.0,90,0.0,11.7,999.2,31.1,77.3,161.0,7.6,8.1,69.0,89
2025-06-03T23:00,28.0,89,0.0,12.9,999.2,30.2,77.1,154.0,7.6,8.5,66.0,90
2025-06-04T00:00,28.0,89,0.0,13.7,999.6,28.6,80.1,161.0,6.8,7.8,68.0,90
2025-06-04T01:00,28.6,81,0.0,12.2,999.9,28.6,79.2,197.0,7.5,9.1,71.0,91
2025-06-04T02:00,29.0,77,0.0,14.6,1000.3,30.7,93.4,248.0,8.5,10.9,75.0,91
2025-06-04T03:00,29.8,72,0.0,15.8,1001.2,31.4,103.6,277.0,8.7,12.4,81.0,92
2025-06-04T04:00,30.6,68,0.0,15.1,1002.1,32.4,110.6,263.0,7.4,13.5,91.0,92
2025-06-04T05:00,31.6,62,0.0,16.4,1002.5,32.7,108.3,228.0,5.3,14.3,102.0,93
2025-06-04T06:00,31.8,62,0.0,18.1,1002.6,32.7,106.6,202.0,3.7,14.6,110.0,93
2025-06-04T07:00,32.0,62,0.0,18.5,1002.2,31.8,101.7,197.0,3.0,13.9,112.0,93
2025-06-04T08:00,32.4,59,0.0,18.7,1001.8,30.5,98.7,200.0,2.8,12.7,109.0,94
2025-06-04T09:00,32.5,59,0.0,18.9,1001.1,28.9,95.5,208.0,3.0,11.7,105.0,94
2025-06-04T10:00,32.5,59,0.0,18.6,1000.8,26.8,88.0,223.0,3.4,11.4,98.0,94
2025-06-04T11:00,32.2,61,0.0,18.8,1000.4,24.9,81.3,241.0,4.1,11.3,90.0,94
2025-06-04T12:00,31.6,63,0.0,18.4,1000.3,28.8,99.4,252.0,6.0,12.2,83.0,93
2025-06-04T13:00,30.9,68,0.0,15.5,1001.0,27.4,91.0,246.0,9.6,12.2,72.0,92
2025-06-04T14:00,30.4,70,0.0,15.8,1001.6,25.7,78.5,232.0,14.6,12.2,56.0,91
2025-06-04T15:00,30.0,74,0.0,14.9,1002.2,25.3,64.0,222.0,17.9,12.1,45.0,90
2025-06-04T16:00,29.6,77,0.0,15.8,1003.0,25.6,60.8,223.0,18.3,11.8,41.0,89
2025-06-04T17:00,29.2,78,0.0,15.2,1003.5,25.5,58.8,228.0,17.1,11.3,42.0,88
2025-06-04T18:00,29.1,80,0.1,14.4,1003.7,24.6,57.9,224.0,15.4,10.8,43.0,87
2025-06-04T19:00,29.0,81,0.0,11.9,1003.8,23.9,58.9,202.0,13.2,10.1,45.0,87
2025-06-04T20:00,28.6,83,0.0,11.2,1003.3,22.8,58.6,173.0,10.4,9.3,47.0,86
2025-06-04T21:00,28.5,82,0.0,10.6,1003.1,22.1,60.8,151.0,8.5,8.8,49.0,85
2025-06-04T22:00,28.5,81,0.0,11.0,1002.9,21.4,60.8,142.0,8.0,8.5,48.0,84
2025-06-04T23:00,28.4,80,0.0,11.1,1003.0,21.0,60.3,141.0,8.4,8.4,47.0,83
2025-06-05T00:00,28.2,80,0.0,10.7,1003.6,19.5,55.6,152.0,6.3,7.7,52.0,82
2025-06-05T01:00,28.5,78,0.0,10.8,1004.2,21.0,63.1,188.0,6.7,9.1,55.0,82
2025-06-05T02:00,29.0,73,0.0,12.1,1005.0,23.6,76.6,236.0,7.2,10.9,59.0,81
2025-06-05T03:00,29.8,68,0.0,12.6,1005.8,23.5,80.6,264.0,7.2,12.3,65.0,80
2025-06-05T04:00,30.6,64,0.0,13.7,1006.3,24.3,84.8,251.0,6.1,12.7,75.0,80
2025-06-05T05:00,31.3,60,0.0,14.8,1006.6,24.9,85.2,218.0,4.5,12.6,87.0,79
2025-06-05T06:00,31.5,59,0.0,14.8,1006.6,25.4,85.2,194.0,3.3,12.5,96.0,78
2025-06-05T07:00,32.3,57,0.0,14.9,1006.4,25.8,83.8,191.0,2.8,12.6,101.0,78
2025-06-05T08:00,32.5,56,0.0,14.9,1005.9,25.8,82.0,198.0,2.8,12.6,103.0,77
2025-06-05T09:00,32.7,56,0.0,15.4,1005.4,25.6,79.9,208.0,3.1,12.9,102.0,77
2025-06-05T10:00,32.5,56,0.0,15.3,1004.9,25.0,77.3,225.0,3.6,13.6,99.0,76
2025-06-05T11:00,32.2,59,0.0,14.7,1004.5,24.2,73.3,246.0,4.4,14.5,92.0,76
2025-06-05T12:00,31.7,61,0.0,13.7,1004.3,29.4,94.8,258.0,6.5,15.3,88.0,76
2025-06-05T13:00,31.2,66,0.0,12.5,1004.7,27.9,87.5,253.0,9.8,14.9,76.0,76
2025-06-05T14:00,30.5,70,0.0,12.4,1005.2,26.2,78.7,240.0,14.4,14.2,60.0,76
2025-06-05T15:00,30.1,71,0.0,11.9,1005.9,25.5,66.8,230.0,18.0,13.6,47.0,76
2025-06-05T16:00,29.9,73,0.0,11.5,1006.5,25.7,66.4,234.0,19.9,13.0,41.0,76
2025-06-05T17:00,29.5,77,0.0,10.8,1007.0,25.8,64.5,243.0,20.7,12.5,39.0,76
2025-06-05T18:00,29.3,80,0.0,11.9,1007.2,25.7,64.0,238.0,20.0,11.9,39.0,76
2025-06-05T19:00,29.0,80,0.0,11.5,1007.1,25.1,64.0,206.0,16.8,11.4,43.0,76
2025-06-05T20:00,28.8,81,0.0,10.3,1006.9,23.9,64.0,162.0,12.1,10.8,49.0,77
2025-06-05T21:00,28.6,80,0.0,9.9,1006.4,23.3,64.0,130.0,8.6,10.4,53.0,77
2025-06-05T22:00,28.6,79,0.0,11.0,1006.2,23.3,64.0,121.0,7.4,10.0,54.0,77
2025-06-05T23:00,28.5,78,0.0,11.7,1006.3,22.5,60.5,124.0,7.4,9.6,52.0,77
2025-06-06T00:00,28.4,78,0.0,11.7,1006.5,21.8,56.7,139.0,6.7,10.5,55.0,77
2025-06-06T01:00,28.5,80,0.0,10.9,1006.7,23.0,60.3,174.0,6.9,11.2,57.0,77
2025-06-06T02:00,29.2,76,0.0,12.3,1007.5,24.8,68.9,220.0,7.1,12.1,60.0,77
2025-06-06T03:00,30.3,69,0.0,13.7,1007.9,25.3,69.8,247.0,6.9,12.7,66.0,78
2025-06-06T04:00,31.3,63,0.0,14.5,1008.5,26.1,72.2,236.0,5.9,12.6,76.0,78
2025-06-06T05:00,31.8,60,0.0,14.5,1008.5,27.4,74.5,205.0,4.4,12.3,88.0,78
2025-06-06T06:00,32.5,56,0.0,15.4,1008.4,28.2,75.0,182.0,3.3,12.0,97.0,78
2025-06-06T07:00,33.2,52,0.0,16.0,1008.1,28.9,74.5,177.0,2.8,12.0,101.0,78
2025-06-06T08:00,33.2,54,0.0,16.3,1007.8,28.5,72.2,180.0,2.6,12.0,103.0,79
2025-06-06T09:00,33.0,54,0.0,16.8,1007.0,27.8,70.3,188.0,2.9,12.2,102.0,79
2025-06-06T10:00,32.7,56,0.0,17.2,1006.4,26.8,68.0,204.0,3.5,12.7,98.0,79
2025-06-06T11:00,32.2,59,0.0,17.9,1006.1,25.8,65.7,225.0,4.4,13.3,91.0,79
2025-06-06T12:00,31.4,62,0.0,17.5,1005.8,25.8,69.2,240.0,6.0,13.4,84.0,79
2025-06-06T13:00,30.9,62,0.0,17.1,1006.2,25.0,65.0,242.0,9.4,13.2,74.0,79
2025-06-06T14:00,30.1,67,0.0,16.4,1006.2,24.7,62.4,238.0,13.9,13.0,59.0,79
2025-06-06T15:00,29.7,69,0.0,15.7,1006.7,24.9,56.9,232.0,17.1,12.6,49.0,79
2025-06-06T16:00,29.4,70,0.0,15.2,1007.3,25.3,58.9,228.0,17.6,12.0,46.0,79
2025-06-06T17:00,29.2,72,0.0,14.6,1007.6,25.5,60.3,223.0,16.8,11.3,47.0,79
2025-06-06T18:00,28.9,75,0.0,14.2,1007.5,25.6,62.2,211.0,15.3,10.5,49.0,78
2025-06-06T19:00,28.5,77,0.0,13.7,1007.1,25.3,63.8,185.0,13.2,9.6,52.0,78
2025-06-06T20:00,28.2,79,0.0,13.2,1006.7,24.9,65.4,153.0,10.5,8.7,55.0,79
2025-06-06T21:00,28.0,81,0.0,13.2,1006.2,24.2,65.4,130.0,8.3,8.0,58.0,79
2025-06-06T22:00,28.0,81,0.0,14.1,1005.8,23.3,63.3,120.0,7.1,7.6,59.0,79
2025-06-06T23:00,28.0,80,0.0,14.6,1005.9,22.8,62.2,118.0,6.4,7.4,60.0,79
2025-06-07T00:00,27.9,80,0.0,15.3,1005.9,22.4,61.2,129.0,6.6,7.7,59.0,79
2025-06-07T01:00,28.1,81,0.0,14.9,1006.6,22.6,61.7,165.0,7.0,8.8,61.0,79
2025-06-07T02:00,28.5,78,0.0,16.4,1007.2,24.9,75.2,213.0,7.5,10.3,65.0,79
2025-06-07T03:00,29.5,71,0.0,17.3,1007.8,24.9,75.9,242.0,7.4,11.6,70.0,79
2025-06-07T04:00,30.5,65,0.0,17.8,1008.1,25.5,76.1,232.0,6.3,12.5,79.0,79
2025-06-07T05:00,31.5,61,0.0,18.0,1008.1,26.2,76.1,202.0,4.7,13.3,90.0,79
2025-06-07T06:00,32.2,58,0.0,18.6,1007.8,26.5,76.1,180.0,3.5,13.5,97.0,79
2025-06-07T07:00,32.5,58,0.0,19.1,1007.6,26.4,78.0,176.0,3.0,12.9,99.0,78
2025-06-07T08:00,32.6,57,0.0,19.7,1007.0,25.8,76.6,179.0,2.8,11.9,98.0,78
2025-06-07T09:00,32.5,59,0.0,20.0,1006.1,25.4,75.4,186.0,3.0,11.1,95.0,78
2025-06-07T10:00,32.2,60,0.0,20.6,1005.6,25.0,73.6,200.0,3.4,10.9,90.0,78
2025-06-07T11:00,31.7,62,0.0,20.5,1005.3,24.6,71.9,217.0,4.2,10.9,84.0,78
2025-06-07T12:00,31.1,65,0.0,20.0,1004.9,23.8,71.0,227.0,5.7,11.3,78.0,77
2025-06-07T13:00,30.7,68,0.0,18.8,1005.2,23.4,66.1,221.0,8.6,11.1,70.0,77
2025-06-07T14:00,29.9,71,0.0,17.9,1005.3,23.1,62.9,207.0,12.5,10.9,60.0,77
2025-06-07T15:00,29.5,74,0.0,17.4,1005.7,23.3,56.6,197.0,15.1,10.6,52.0,77
2025-06-07T16:00,29.2,75,0.0,16.5,1006.1,23.3,55.5,201.0,15.4,10.2,50.0,77
2025-06-07T17:00,29.0,76,0.0,15.4,1006.4,23.2,53.4,209.0,14.5,9.7,52.0,77
2025-06-07T18:00,28.7,78,0.0,14.7,1006.5,22.6,51.1,208.0,13.0,9.1,54.0,76
2025-06-07T19:00,28.5,80,0.0,14.9,1006.3,21.7,48.4,187.0,10.9,8.4,57.0,76
2025-06-07T20:00,28.4,81,0.0,14.2,1005.9,20.3,45.2,156.0,8.4,7.6,60.0,76
2025-06-07T21:00,28.3,80,0.0,14.8,1005.5,19.0,42.4,133.0,6.4,7.1,63.0,75
2025-06-07T22:00,28.3,80,0.0,14.0,1005.4,18.2,40.2,122.0,5.6,6.8,64.0,75
2025-06-07T23:00,28.1,79,0.0,13.7,1005.5,17.6,39.2,118.0,5.3,6.8,65.0,75
2025-06-08T00:00,28.1,78,0.0,13.8,1005.6,17.0,36.1,130.0,6.4,7.3,63.0,74
2025-06-08T01:00,28.3,78,0.0,14.5,1006.0,17.3,38.8,171.0,6.8,8.4,66.0,74
2025-06-08T02:00,28.8,75,0.0,15.6,1006.4,19.4,49.8,227.0,7.4,9.9,70.0,73
2025-06-08T03:00,29.6,71,0.0,15.8,1006.9,20.7,55.2,260.0,7.4,11.3,76.0,73
2025-06-08T04:00,30.5,66,0.0,16.3,1007.3,21.9,58.4,248.0,6.4,12.4,86.0,72
2025-06-08T05:00,31.5,61,0.0,17.2,1007.2,23.2,61.0,214.0,4.9,13.3,97.0,72
2025-06-08T06:00,32.0,60,0.0,17.3,1007.1,24.0,63.8,188.0,3.7,13.8,105.0,72
2025-06-08T07:00,32.3,58,0.0,17.6,1006.9,24.0,63.8,183.0,3.2,13.6,107.0,71
2025-06-08T08:00,32.5,58,0.0,18.3,1006.2,23.8,63.1,187.0,3.0,12.9,106.0,71
2025-06-08T09:00,32.3,59,0.0,19.2,1005.5,23.5,61.2,195.0,3.2,12.2,102.0,71
2025-06-08T10:00,32.1,60,0.0,20.1,1004.9,22.9,58.8,210.0,3.6,11.7,96.0,71
2025-06-08T11:00,31.7,61,0.0,19.9,1004.5,22.2,56.3,229.0,4.2,11.3,89.0,71
2025-06-08T12:00,31.1,66,0.0,18.9,1004.2,25.4,66.8,240.0,5.9,11.8,84.0,71
2025-06-08T13:00,30.6,69,0.0,18.3,1004.6,24.3,62.6,234.0,8.6,11.6,76.0,71
2025-06-08T14:00,29.9,73,0.0,17.0,1005.0,23.6,59.1,219.0,12.4,11.3,64.0,71
2025-06-08T15:00,29.5,75,0.0,15.9,1005.5,23.7,52.5,207.0,15.1,11.0,56.0,71
2025-06-08T16:00,29.4,76,0.0,15.9,1006.2,24.2,52.5,203.0,15.9,10.8,54.0,71
2025-06-08T17:00,29.2,76,0.0,16.2,1006.5,24.4,52.4,201.0,15.6,10.5,55.0,71
2025-06-08T18:00,29.0,76,0.0,15.8,1006.5,24.5,51.7,194.0,14.7,10.1,57.0,71
2025-06-08T19:00,29.0,76,0.0,15.9,1006.1,23.9,49.7,176.0,12.8,9.3,59.0,71
2025-06-08T20:00,28.7,78,0.0,15.3,1005.8,23.0,47.4,153.0,10.2,8.3,61.0,71
2025-06-08T21:00,28.5,79,0.0,14.8,1005.3,22.1,45.9,136.0,8.2,7.6,63.0,72
2025-06-08T22:00,28.4,78,0.0,15.0,1004.9,21.5,44.7,126.0,7.2,7.2,63.0,72
2025-06-08T23:00,28.2,78,0.0,14.8,1005.0,21.0,43.8,121.0,6.7,7.1,63.0,72
2025-06-09T00:00,28.1,78,0.0,14.1,1005.1,20.9,42.4,132.0,6.9,7.8,62.0,72
2025-06-09T01:00,28.4,76,0.0,13.2,1005.5,21.0,42.7,173.0,7.2,8.9,64.0,73
2025-06-09T02:00,28.8,73,0.0,14.7,1006.0,26.6,61.2,230.0,7.5,10.4,66.0,73
2025-06-09T03:00,29.6,69,0.0,15.5,1006.5,23.4,54.6,263.0,7.3,11.6,71.0,74
2025-06-09T04:00,30.5,64,0.0,16.2,1006.7,24.2,55.6,249.0,6.2,12.3,79.0,74
2025-06-09T05:00,31.3,62,0.0,17.4,1006.6,24.7,56.2,211.0,4.5,12.7,90.0,74
2025-06-09T06:00,32.0,60,0.0,18.2,1006.5,24.9,56.2,183.0,3.3,12.8,97.0,74
2025-06-09T07:00,32.4,57,0.0,18.7,1006.0,24.7,55.2,177.0,2.8,12.4,99.0,74
2025-06-09T08:00,32.3,58,0.0,19.6,1005.3,24.4,54.5,180.0,2.8,11.7,99.0,75
2025-06-09T09:00,32.2,60,0.0,20.5,1004.4,24.0,53.9,188.0,3.0,11.2,96.0,75
2025-06-09T10:00,31.9,62,0.0,20.8,1003.7,23.4,52.7,202.0,3.4,11.0,92.0,75
2025-06-09T11:00,31.5,63,0.0,20.6,1003.3,22.6,51.8,220.0,4.1,10.9,85.0,75
2025-06-09T12:00,31.1,65,0.0,19.7,1003.0,22.3,53.3,230.0,5.7,11.2,78.0,75
2025-06-09T13:00,30.6,67,0.0,17.5,1003.6,21.5,52.2,225.0,8.7,11.3,70.0,74
2025-06-09T14:00,30.0,70,0.0,17.6,1003.7,20.7,50.5,211.0,12.8,11.5,58.0,74
2025-06-09T15:00,29.6,73,0.0,17.4,1004.1,20.5,45.5,201.0,15.7,11.5,50.0,74
2025-06-09T16:00,29.4,74,0.0,16.7,1004.3,20.5,45.6,200.0,16.5,11.2,47.0,74
2025-06-09T17:00,29.2,74,0.0,16.6,1004.7,20.1,44.7,202.0,16.1,10.6,47.0,73
2025-06-09T18:00,28.9,76,0.0,15.9,1004.7,19.4,43.2,197.0,14.9,10.0,48.0,73
2025-06-09T19:00,28.8,77,0.0,15.6,1004.2,18.6,41.9,179.0,12.6,9.2,51.0,72
2025-06-09T20:00,28.5,78,0.0,15.1,1003.6,17.6,40.4,154.0,9.5,8.2,55.0,72
2025-06-09T21:00,28.5,78,0.0,15.3,1003.0,17.0,39.5,136.0,7.1,7.5,58.0,72
2025-06-09T22:00,28.5,76,0.0,16.2,1002.9,16.8,38.6,126.0,6.1,7.1,59.0,71
2025-06-09T23:00,28.5,76,0.0,16.0,1002.9,16.6,38.0,124.0,5.8,6.9,60.0,71
2025-06-10T00:00,28.4,76,0.0,15.2,1003.1,17.4,37.5,134.0,6.1,7.3,62.0,70
2025-06-10T01:00,28.9,78,0.0,14.8,1003.2,17.8,38.4,172.0,6.4,8.3,65.0,70
2025-06-10T02:00,29.5,73,0.0,16.3,1003.6,19.7,45.4,222.0,6.8,9.7,69.0,70
2025-06-10T03:00,30.5,67,0.0,18.1,1004.0,20.3,48.4,253.0,6.7,10.7,74.0,69
2025-06-10T04:00,31.3,63,0.0,19.1,1004.2,20.8,49.6,242.0,5.7,11.1,82.0,69
2025-06-10T05:00,32.0,59,0.0,19.8,1003.9,21.4,51.2,212.0,4.2,11.3,90.0,68
2025-06-10T06:00,32.5,57,0.0,20.0,1003.8,21.7,52.3,188.0,3.1,11.2,96.0,68
2025-06-10T07:00,33.1,54,0.0,20.6,1003.4,21.7,52.0,182.0,2.7,10.8,97.0,68
2025-06-10T08:00,33.0,53,0.0,21.7,1002.8,21.5,51.3,183.0,2.6,10.3,96.0,68
2025-06-10T09:00,32.6,56,0.0,21.1,1002.0,21.2,50.6,190.0,2.8,9.9,93.0,67
2025-06-10T10:00,32.2,59,0.0,20.7,1001.3,20.8,49.1,205.0,3.2,9.9,89.0,67
2025-06-10T11:00,31.8,61,0.0,20.7,1001.0,20.2,47.4,226.0,4.0,10.0,84.0,67
2025-06-10T12:00,31.1,65,0.0,19.4,1000.8,25.9,63.8,239.0,5.4,10.7,78.0,67
2025-06-10T13:00,30.5,66,0.0,17.3,1001.5,24.9,60.3,236.0,7.1,10.8,72.0,67
2025-06-10T14:00,30.0,69,0.0,18.4,1001.8,24.3,58.3,225.0,9.4,10.9,64.0,67
2025-06-10T15:00,29.6,71,0.0,18.0,1002.1,23.2,52.3,217.0,11.4,10.9,58.0,68
2025-06-10T16:00,29.8,70,0.0,16.1,1002.7,23.0,50.2,220.0,12.9,10.8,54.0,68
2025-06-10T17:00,29.5,73,0.0,16.3,1003.1,23.0,49.8,227.0,14.0,10.7,53.0,68
2025-06-10T18:00,29.2,75,0.0,16.1,1003.4,23.1,50.2,223.0,14.1,10.4,52.0,68
2025-06-10T19:00,29.1,77,0.0,16.1,1003.1,22.5,48.9,197.0,12.5,9.8,54.0,69
2025-06-10T20:00,29.0,78,0.0,15.0,1002.5,21.5,46.9,162.0,10.0,8.9,57.0,69
2025-06-10T21:00,28.8,79,0.0,14.9,1001.8,20.4,44.7,136.0,8.0,8.3,59.0,69
2025-06-10T22:00,28.7,79,0.0,15.3,1001.6,19.8,43.7,127.0,7.1,7.8,59.0,70
2025-06-10T23:00,28.5,79,0.0,15.2,1001.6,19.3,42.5,128.0,6.7,7.5,59.0,70
2025-06-11T00:00,28.5,79,0.0,13.8,1001.9,18.6,40.2,141.0,6.6,7.7,60.0,70
2025-06-11T01:00,29.0,79,0.0,14.1,1002.0,18.8,40.9,178.0,6.9,8.8,62.0,70
2025-06-11T02:00,29.5,75,0.0,15.5,1002.7,20.3,46.9,227.0,7.3,10.3,65.0,70
2025-06-11T03:00,30.5,69,0.0,16.9,1003.3,20.1,49.8,255.0,7.2,11.4,70.0,70
2025-06-11T04:00,31.2,64,0.0,19.0,1003.1,20.5,51.1,242.0,6.0,11.8,78.0,70
2025-06-11T05:00,32.0,60,0.0,18.8,1003.1,21.0,51.3,209.0,4.4,11.8,87.0,70
2025-06-11T06:00,32.5,59,0.0,18.7,1003.1,21.1,50.8,185.0,3.1,11.6,94.0,70
2025-06-11T07:00,32.3,61,0.0,19.9,1002.9,20.9,49.2,182.0,2.6,11.1,95.0,70
2025-06-11T08:00,32.2,61,0.0,19.7,1002.6,20.7,48.7,188.0,2.5,10.5,94.0,70
2025-06-11T09:00,32.9,59,0.0,20.9,1001.6,20.6,49.1,199.0,2.8,10.1,91.0,70
2025-06-11T10:00,32.6,60,0.0,20.7,1000.8,20.6,48.4,217.0,3.4,10.3,87.0,70
2025-06-11T11:00,32.3,60,0.0,19.8,1000.3,20.4,47.8,240.0,4.4,10.7,83.0,70
2025-06-11T12:00,31.8,65,0.0,18.4,1000.1,25.1,61.7,254.0,5.8,12.3,80.0,70
2025-06-11T13:00,30.9,69,0.0,16.1,1000.5,25.0,58.3,251.0,8.0,12.5,73.0,70
2025-06-11T14:00,30.0,75,0.0,13.7,1000.6,24.6,54.0,239.0,11.1,12.7,63.0,70
2025-06-11T15:00,29.5,79,0.0,12.1,1000.8,24.3,48.5,226.0,13.3,12.6,55.0,70
2025-06-11T16:00,29.1,81,0.0,14.9,1001.5,24.2,44.8,216.0,14.1,12.0,52.0,70
2025-06-11T17:00,29.2,81,0.0,15.3,1002.2,23.5,43.3,205.0,14.0,11.1,52.0,70
2025-06-11T18:00,29.1,83,0.0,14.5,1002.5,23.1,42.5,192.0,13.2,10.3,52.0,70
2025-06-11T19:00,29.0,84,0.0,14.3,1002.1,20.8,38.3,175.0,11.4,9.5,53.0,70
2025-06-11T20:00,28.6,86,0.0,13.9,1001.6,19.4,35.9,156.0,9.0,8.8,55.0,70
2025-06-11T21:00,28.5,86,0.0,14.1,1001.2,18.2,33.5,142.0,7.1,8.2,57.0,70
2025-06-11T22:00,28.5,86,0.0,14.7,1001.0,17.1,31.2,131.0,6.2,7.7,57.0,70
2025-06-11T23:00,28.5,85,0.0,16.6,1001.0,16.2,29.7,124.0,5.7,7.2,57.0,70
2025-06-12T00:00,28.5,83,0.0,16.7,1001.0,15.8,27.9,132.0,5.7,7.3,57.0,69
2025-06-12T01:00,28.5,85,0.0,15.0,1001.3,15.8,28.6,170.0,6.5,8.3,58.0,69
2025-06-12T02:00,28.9,83,0.0,14.4,1001.5,16.8,32.0,223.0,7.6,9.7,59.0,69
2025-06-12T03:00,30.0,75,0.0,18.6,1002.0,18.1,38.1,255.0,7.9,11.0,63.0,68
2025-06-12T04:00,31.2,67,0.0,20.0,1001.9,18.9,41.0,244.0,6.9,12.2,73.0,68
2025-06-12T05:00,32.0,63,0.0,18.8,1001.7,20.1,43.1,213.0,5.1,13.3,86.0,68
2025-06-12T06:00,32.5,62,0.0,18.4,1001.5,21.0,45.9,189.0,3.8,13.9,95.0,68
2025-06-12T07:00,32.7,62,0.0,18.1,1001.0,21.4,48.0,184.0,3.2,13.6,98.0,68
2025-06-12T08:00,32.8,63,0.0,18.7,1000.4,21.5,50.2,188.0,3.1,12.9,98.0,68
2025-06-12T09:00,33.0,63,0.0,18.9,999.4,21.0,48.8,197.0,3.3,12.2,96.0,68
2025-06-12T10:00,32.6,65,0.0,19.7,998.6,20.3,47.5,217.0,4.0,11.9,91.0,68
2025-06-12T11:00,31.9,68,0.0,17.3,998.4,19.2,44.5,243.0,5.1,11.6,84.0,68
2025-06-12T12:00,31.5,72,0.0,16.8,997.8,15.9,37.0,257.0,7.2,12.8,78.0,68
2025-06-12T13:00,30.6,78,0.0,15.6,998.2,15.0,32.5,250.0,9.5,12.6,69.0,67
2025-06-12T14:00,29.8,83,0.0,13.6,998.3,13.8,27.0,232.0,12.6,12.2,57.0,66
2025-06-12T15:00,29.7,82,0.0,13.7,999.4,13.4,24.3,215.0,15.0,11.9,48.0,65
2025-06-12T16:00,29.6,83,0.0,12.1,999.8,13.5,22.8,206.0,16.1,11.6,45.0,64
2025-06-12T17:00,29.5,83,0.0,8.2,1000.1,14.1,23.6,199.0,16.4,11.2,44.0,63
2025-06-12T18:00,28.9,88,0.0,9.9,1000.4,14.1,23.1,189.0,15.9,10.8,45.0,63
2025-06-12T19:00,28.8,88,0.0,11.5,1000.3,14.2,23.4,173.0,14.2,10.1,46.0,62
2025-06-12T20:00,28.5,89,0.0,11.9,1000.0,13.8,23.5,154.0,11.8,9.3,48.0,61
2025-06-12T21:00,28.5,89,0.0,11.7,999.6,13.3,23.6,140.0,9.8,8.7,50.0,61
2025-06-12T22:00,28.3,91,0.0,11.6,999.5,12.9,23.9,130.0,8.6,8.2,50.0,60
2025-06-12T23:00,28.2,90,0.0,11.0,999.4,12.7,24.2,126.0,7.9,8.0,50.0,60
2025-06-13T00:00,28.1,90,0.0,9.4,999.5,14.1,27.1,139.0,8.7,7.3,49.0,60
2025-06-13T01:00,28.2,93,0.0,10.1,999.6,15.0,29.0,186.0,9.3,9.2,51.0,59
2025-06-13T02:00,29.0,87,0.0,11.1,1000.2,17.1,38.0,250.0,10.0,11.8,56.0,59
2025-06-13T03:00,30.1,80,0.0,12.8,1000.5,18.3,50.2,290.0,10.0,14.0,63.0,59
2025-06-13T04:00,31.1,74,0.0,12.7,1000.5,20.1,57.2,279.0,8.7,15.5,77.0,59
2025-06-13T05:00,32.4,69,0.0,14.4,1000.3,22.2,62.2,243.0,6.8,16.7,94.0,60
2025-06-13T06:00,33.4,65,0.0,14.7,999.7,24.6,68.2,219.0,5.3,17.4,108.0,60
2025-06-13T07:00,34.5,59,0.0,14.9,998.9,26.6,76.6,220.0,4.6,17.6,118.0,60
2025-06-13T08:00,35.4,55,0.0,14.5,998.1,28.5,87.8,232.0,4.3,17.5,124.0,61
2025-06-13T09:00,35.2,58,0.0,14.7,997.3,29.1,92.7,251.0,4.6,16.9,124.0,61
2025-06-13T10:00,34.1,64,0.0,14.5,996.7,28.3,90.3,283.0,5.4,15.8,115.0,62
2025-06-13T11:00,32.5,73,0.0,14.9,996.1,26.2,82.0,323.0,6.8,14.3,100.0,63
2025-06-13T12:00,31.5,78,0.0,15.7,996.1,24.7,75.9,346.0,9.6,15.8,92.0,63
2025-06-13T13:00,30.8,82,0.0,17.4,996.7,22.3,66.6,340.0,12.5,13.9,78.0,64
2025-06-13T14:00,30.0,86,0.0,19.1,996.7,20.1,53.7,318.0,16.5,11.2,58.0,65
2025-06-13T15:00,30.0,86,0.0,15.4,997.8,18.8,45.5,299.0,19.5,9.4,44.0,65
2025-06-13T16:00,29.9,88,0.0,13.7,997.9,19.0,43.1,295.0,20.7,9.3,40.0,66
2025-06-13T17:00,29.9,88,0.0,12.3,998.5,20.1,48.7,294.0,20.9,9.9,41.0,66
2025-06-13T18:00,29.5,89,0.0,9.6,999.0,21.9,55.8,281.0,20.3,10.3,43.0,67
2025-06-13T19:00,29.1,91,0.0,11.4,998.5,22.9,60.1,241.0,18.6,9.9,44.0,67
2025-06-13T20:00,28.9,93,0.0,10.9,998.3,22.6,64.3,188.0,16.2,9.3,46.0,68
2025-06-13T21:00,28.7,93,0.0,10.9,998.2,21.8,64.5,151.0,13.8,8.7,48.0,69
2025-06-13T22:00,28.8,92,0.0,11.3,997.8,21.0,63.8,134.0,11.6,8.0,50.0,70
2025-06-13T23:00,28.5,93,0.0,10.5,997.4,20.5,63.3,133.0,9.4,7.4,51.0,70
2025-06-14T00:00,28.4,94,0.0,10.4,997.4,20.3,66.4,157.0,7.5,7.4,55.0,71
2025-06-14T01:00,28.6,93,0.0,10.0,997.7,20.5,63.6,229.0,8.8,8.8,54.0,72
2025-06-14T02:00,29.1,89,0.0,6.6,997.9,22.4,66.1,326.0,10.6,10.8,54.0,72
2025-06-14T03:00,30.1,82,0.0,6.6,998.2,24.6,78.9,391.0,11.5,13.4,61.0,73
2025-06-14T04:00,31.2,75,0.0,7.4,998.1,27.9,91.5,393.0,10.9,17.1,80.0,73
2025-06-14T05:00,32.0,72,0.0,9.7,998.1,32.7,110.6,362.0,9.6,21.2,105.0,74
2025-06-14T06:00,32.2,73,0.0,11.9,997.7,39.0,130.9,334.0,8.2,23.9,126.0,75
2025-06-14T07:00,32.5,70,0.0,14.5,997.4,44.1,147.1,315.0,6.8,24.0,139.0,76
2025-06-14T08:00,32.8,70,0.0,14.5,996.6,44.4,146.7,298.0,5.3,22.6,146.0,78
2025-06-14T09:00,32.7,70,0.0,14.8,995.8,42.6,145.3,297.0,4.9,20.9,146.0,79
2025-06-14T10:00,32.5,72,0.0,14.2,995.2,40.9,149.5,323.0,5.8,19.2,134.0,80
2025-06-14T11:00,32.3,72,0.0,13.3,994.6,39.5,155.5,364.0,7.7,17.2,114.0,81
2025-06-14T12:00,31.8,73,0.0,9.7,994.1,39.8,151.8,401.0,11.3,19.1,106.0,83
2025-06-14T13:00,31.3,78,0.0,8.2,994.7,37.5,145.3,436.0,17.6,17.7,85.0,84
2025-06-14T14:00,30.5,79,0.0,7.9,995.2,35.7,136.4,467.0,26.2,15.8,57.0,85
2025-06-14T15:00,29.7,85,0.0,10.8,995.7,34.3,123.9,468.0,31.5,14.0,37.0,87
2025-06-14T16:00,29.4,89,0.0,14.1,996.2,32.1,109.4,414.0,30.3,12.5,33.0,88
2025-06-14T17:00,29.2,90,0.0,15.0,996.9,29.8,103.8,330.0,25.8,11.1,38.0,89
2025-06-14T18:00,29.2,88,0.0,11.8,997.4,28.5,98.0,260.0,21.8,9.9,42.0,90
2025-06-14T19:00,28.8,92,0.0,11.2,997.1,27.8,93.8,220.0,19.5,9.0,43.0,91
2025-06-14T20:00,28.6,92,0.0,8.3,996.8,27.2,89.4,195.0,17.6,8.4,44.0,91
2025-06-14T21:00,28.5,91,0.0,6.9,996.1,26.4,82.0,180.0,16.4,8.1,44.0,91
2025-06-14T22:00,28.1,93,0.0,3.8,995.4,27.8,82.2,171.0,15.9,7.9,42.0,92
2025-06-14T23:00,27.9,95,0.0,3.2,995.5,28.8,89.4,172.0,16.0,8.0,39.0,92
2025-06-15T00:00,27.8,94,0.0,1.0,995.7,27.5,85.7,200.0,18.8,9.1,34.0,93
2025-06-15T01:00,28.0,95,0.0,4.3,996.5,25.8,79.6,282.0,17.6,11.1,40.0,94
2025-06-15T02:00,28.5,91,0.0,5.2,996.6,27.3,106.9,390.0,15.8,13.9,49.0,94
2025-06-15T03:00,29.6,82,0.0,7.9,996.9,31.1,144.4,456.0,13.7,16.6,61.0,95
2025-06-15T04:00,30.7,75,0.0,9.0,996.8,37.0,194.6,442.0,11.2,19.2,80.0,95
2025-06-15T05:00,31.5,71,0.0,9.8,996.6,40.5,203.0,386.0,8.5,21.8,102.0,96
2025-06-15T06:00,32.0,67,0.0,10.7,996.2,44.7,210.9,339.0,6.4,23.1,119.0,97
2025-06-15T07:00,32.8,62,0.0,10.5,996.0,46.3,207.2,316.0,5.0,22.4,128.0,97
2025-06-15T08:00,33.3,58,0.0,12.1,995.2,45.2,195.1,302.0,4.1,20.5,132.0,97
2025-06-15T09:00,32.9,62,0.0,13.0,994.7,42.4,171.4,305.0,4.2,18.8,130.0,98
2025-06-15T10:00,32.8,67,0.0,11.2,994.3,39.2,147.1,337.0,5.2,17.8,122.0,98
2025-06-15T11:00,32.3,69,0.0,10.0,993.8,35.4,123.4,386.0,7.1,17.0,108.0,97
2025-06-15T12:00,32.0,69,0.0,9.2,993.6,40.3,137.4,429.0,10.1,16.7,100.0,97
2025-06-15T13:00,31.4,75,0.0,11.0,993.9,37.0,120.1,464.0,15.3,15.9,84.0,97
2025-06-15T14:00,30.7,77,0.0,10.5,994.8,34.2,104.5,493.0,22.5,14.8,62.0,97
2025-06-15T15:00,30.0,82,0.0,10.5,995.2,32.4,94.5,496.0,28.4,14.0,44.0,97
2025-06-15T16:00,29.9,84,0.0,11.2,995.6,31.1,92.0,457.0,31.6,13.8,35.0,97
2025-06-15T17:00,29.7,85,0.0,9.9,996.1,30.5,89.6,392.0,33.5,13.8,31.0,97
2025-06-15T18:00,29.5,87,0.0,7.7,996.3,31.3,88.5,334.0,35.1,14.1,27.0,97
2025-06-15T19:00,29.4,87,0.0,4.8,996.5,32.9,88.7,292.0,36.8,14.3,23.0,97
2025-06-15T20:00,29.4,87,0.0,6.0,996.6,35.2,93.1,256.0,38.3,14.7,20.0,97
2025-06-15T21:00,29.2,87,0.0,6.5,996.0,34.9,95.0,235.0,39.3,15.9,17.0,98
2025-06-15T22:00,29.0,88,0.0,6.1,995.9,33.9,88.9,229.0,39.9,18.3,15.0,99
2025-06-15T23:00,28.9,89,0.0,5.1,995.8,33.5,92.2,237.0,40.1,21.6,13.0,99
2025-06-16T00:00,28.9,89,0.0,5.3,995.9,33.3,89.4,264.0,33.5,21.6,20.0,100
2025-06-16T01:00,29.0,90,0.0,6.5,996.2,35.0,97.8,327.0,32.1,26.5,25.0,100
2025-06-16T02:00,29.5,85,0.0,7.9,996.1,39.1,125.3,409.0,29.8,33.2,33.0,101
2025-06-16T03:00,31.1,73,0.0,6.0,996.2,44.5,167.6,459.0,26.4,38.0,49.0,103
2025-06-16T04:00,33.5,59,0.0,4.6,996.1,47.7,175.1,446.0,20.7,39.3,81.0,104
2025-06-16T05:00,35.9,47,0.0,3.6,995.8,50.9,163.4,400.0,13.7,38.7,121.0,105
2025-06-16T06:00,37.4,40,0.0,4.7,995.7,53.7,156.9,364.0,8.4,36.9,153.0,106
2025-06-16T07:00,38.0,42,0.0,9.6,995.2,50.8,144.4,351.0,5.8,33.3,171.0,107
2025-06-16T08:00,36.8,50,1.0,12.7,994.8,46.9,130.9,348.0,4.9,28.6,181.0,108
2025-06-16T09:00,35.4,54,0.0,15.8,994.2,44.5,120.1,352.0,5.3,24.9,182.0,108
2025-06-16T10:00,34.9,57,0.2,9.8,994.8,44.2,117.3,369.0,7.3,23.4,170.0,108
2025-06-16T11:00,32.5,72,0.4,14.5,994.6,43.8,117.3,393.0,10.6,23.0,149.0,108
2025-06-16T12:00,32.1,73,0.4,10.3,994.2,34.1,107.6,406.0,17.3,25.0,88.0,123
2025-06-16T13:00,31.8,74,0.4,9.0,994.0,38.1,115.0,402.0,27.9,29.5,76.0,125
2025-06-16T14:00,31.1,80,0.0,8.6,994.7,40.2,110.8,387.0,42.2,35.4,60.0,115
2025-06-16T15:00,30.6,84,0.0,5.2,995.1,42.8,104.1,364.0,51.3,38.1,47.0,109
2025-06-16T16:00,30.2,89,0.0,5.6,995.4,39.6,99.4,329.0,50.3,34.7,39.0,111
2025-06-16T17:00,30.0,92,0.0,5.7,996.1,37.3,103.6,285.0,44.0,28.2,34.0,111
2025-06-16T18:00,29.9,92,0.0,7.6,996.7,36.2,106.4,244.0,37.6,22.5,31.0,112
2025-06-16T19:00,29.8,91,0.0,9.1,996.7,35.3,106.9,208.0,32.7,19.2,32.0,113
2025-06-16T20:00,29.6,91,0.0,8.3,996.6,33.5,99.2,175.0,27.6,16.8,36.0,113
2025-06-16T21:00,29.4,91,0.0,8.7,996.0,31.7,96.6,154.0,23.1,14.8,39.0,113
2025-06-16T22:00,29.2,91,0.0,7.7,995.9,30.0,95.5,140.0,18.8,13.0,41.0,112
2025-06-16T23:00,29.2,90,0.0,6.0,996.0,29.0,94.5,139.0,15.0,11.7,42.0,112
2025-06-17T00:00,29.0,91,0.0,7.0,996.1,34.0,120.6,175.0,17.5,14.2,43.0,111
2025-06-17T01:00,29.3,86,0.0,7.4,996.1,34.5,113.4,292.0,18.1,15.4,45.0,112
2025-06-17T02:00,29.8,85,0.0,6.9,996.7,36.8,132.7,447.0,18.8,17.1,49.0,112
2025-06-17T03:00,31.3,78,0.0,8.5,997.0,39.5,147.1,534.0,18.2,18.6,59.0,111
2025-06-17T04:00,33.3,67,0.0,7.6,997.4,41.0,140.6,489.0,15.1,19.8,81.0,111
2025-06-17T05:00,34.7,59,0.0,7.9,997.4,41.2,130.4,376.0,10.6,20.7,110.0,110
2025-06-17T06:00,35.9,53,0.0,11.4,997.1,41.0,124.8,289.0,7.1,20.9,130.0,109
2025-06-17T07:00,35.7,56,0.0,15.1,996.7,40.4,120.6,262.0,5.3,19.8,136.0,108
2025-06-17T08:00,35.2,57,0.0,15.2,996.3,39.2,116.2,260.0,4.4,18.0,134.0,107
2025-06-17T09:00,35.8,54,0.0,15.4,995.6,37.3,110.6,268.0,4.6,16.2,127.0,106
2025-06-17T10:00,36.0,50,0.0,15.9,995.0,34.9,102.2,289.0,6.3,14.7,114.0,105
2025-06-17T11:00,35.5,51,0.0,14.7,994.7,32.2,95.2,320.0,9.1,13.2,96.0,104
2025-06-17T12:00,34.5,55,0.0,13.4,994.9,30.4,89.2,342.0,12.0,12.4,82.0,103
2025-06-17T13:00,32.5,64,0.0,9.1,995.7,28.6,82.7,350.0,16.1,11.7,71.0,103
2025-06-17T14:00,31.0,81,0.0,11.7,996.0,27.0,75.9,348.0,21.6,10.7,55.0,102
2025-06-17T15:00,30.0,86,0.0,12.8,996.7,25.1,65.7,334.0,24.9,10.0,44.0,100
2025-06-17T16:00,29.8,88,0.0,14.3,997.2,23.9,56.9,298.0,24.3,10.0,42.0,99
2025-06-17T17:00,29.6,87,0.0,16.4,997.7,23.2,49.9,250.0,21.5,10.3,45.0,97
2025-06-17T18:00,29.4,87,0.0,15.8,998.1,22.9,47.5,208.0,18.3,10.5,48.0,96
2025-06-17T19:00,29.4,85,0.0,14.6,998.2,22.7,46.9,180.0,14.8,10.5,52.0,95
2025-06-17T20:00,29.2,84,0.0,15.4,997.9,22.4,46.2,160.0,11.0,10.4,56.0,94
2025-06-17T21:00,29.0,84,0.0,14.2,997.4,21.7,45.1,146.0,7.9,10.2,60.0,93
2025-06-17T22:00,28.8,86,0.0,14.6,997.2,20.9,43.4,136.0,6.1,9.6,62.0,92
2025-06-17T23:00,28.5,88,0.0,15.5,997.5,20.5,44.4,132.0,5.1,8.8,63.0,91
2025-06-18T00:00,28.2,89,0.0,15.1,997.8,19.8,42.3,146.0,5.5,8.1,64.0,90
2025-06-18T01:00,28.9,88,0.0,13.7,997.7,19.6,41.2,196.0,6.8,8.9,64.0,89
2025-06-18T02:00,29.4,85,0.0,14.6,998.2,21.2,46.6,263.0,8.5,10.1,65.0,88
2025-06-18T03:00,30.2,80,0.0,15.9,998.7,22.5,50.9,303.0,9.2,11.2,69.0,86
2025-06-18T04:00,31.2,74,0.0,16.9,998.8,23.4,53.4,289.0,8.0,12.1,80.0,85
2025-06-18T05:00,32.0,69,0.0,17.6,998.7,23.9,54.9,248.0,5.8,12.8,94.0,83
2025-06-18T06:00,32.7,66,0.0,17.3,998.6,23.9,55.5,217.0,4.1,13.2,104.0,82
2025-06-18T07:00,33.2,62,0.0,17.8,998.0,23.1,53.6,209.0,3.5,13.1,107.0,80
2025-06-18T08:00,33.5,61,0.0,18.5,997.5,22.2,51.3,211.0,3.3,12.8,106.0,79
2025-06-18T09:00,33.3,63,0.0,19.6,996.9,21.1,47.1,218.0,3.5,12.2,102.0,77
2025-06-18T10:00,32.9,65,0.0,20.7,996.5,20.0,44.7,232.0,3.9,11.4,94.0,76
2025-06-18T11:00,32.2,66,0.0,21.1,996.1,19.5,44.1,249.0,4.7,10.4,83.0,74
2025-06-18T12:00,31.5,69,0.0,21.0,996.0,24.0,53.4,259.0,5.9,10.0,74.0,73
2025-06-18T13:00,31.0,73,0.0,22.0,996.5,23.5,53.4,252.0,7.2,9.7,69.0,73
2025-06-18T14:00,30.1,81,0.0,20.2,996.8,23.2,50.9,237.0,8.9,9.3,63.0,72
2025-06-18T15:00,29.6,83,0.0,21.9,997.0,22.5,46.7,224.0,10.1,9.0,58.0,72
2025-06-18T16:00,29.6,84,0.1,20.0,997.6,22.3,45.1,219.0,10.5,8.9,56.0,72
2025-06-18T17:00,29.4,85,0.1,18.4,998.3,22.2,43.7,215.0,10.4,8.9,56.0,71
2025-06-18T18:00,29.2,86,0.0,18.0,998.0,21.9,43.8,206.0,9.9,8.8,56.0,71
2025-06-18T19:00,29.1,85,0.0,17.0,997.5,21.2,42.3,185.0,8.8,8.5,57.0,71
2025-06-18T20:00,28.9,86,0.0,17.4,997.1,20.5,41.4,158.0,7.3,8.0,58.0,71
2025-06-18T21:00,28.8,86,0.0,17.0,996.5,20.5,43.2,139.0,6.1,7.6,59.0,71
2025-06-18T22:00,28.9,85,0.0,16.7,996.4,20.9,46.6,130.0,5.3,7.1,60.0,71
2025-06-18T23:00,28.8,84,0.0,17.8,996.4,20.5,47.7,128.0,4.7,6.6,60.0,71
2025-06-19T00:00,28.8,84,0.0,18.6,996.7,19.2,46.0,138.0,4.4,6.5,61.0,71
2025-06-19T01:00,29.1,81,0.0,19.5,996.4,18.2,43.8,169.0,5.2,7.0,60.0,71
2025-06-19T02:00,29.5,79,0.0,22.8,996.6,17.9,44.5,212.0,6.3,7.7,59.0,71
2025-06-19T03:00,30.5,72,0.0,25.1,996.8,18.9,49.1,237.0,6.7,8.2,60.0,70
2025-06-19T04:00,31.2,67,0.0,25.7,997.0,21.0,56.2,227.0,5.8,8.4,65.0,70
2025-06-19T05:00,31.6,65,0.0,26.6,996.9,19.4,49.2,199.0,4.2,8.4,71.0,70
2025-06-19T06:00,32.0,64,0.0,26.8,996.8,19.8,50.5,180.0,3.0,8.4,77.0,69
2025-06-19T07:00,32.2,64,0.0,26.1,996.6,19.8,49.0,179.0,2.5,8.2,81.0,69
2025-06-19T08:00,32.4,63,0.0,26.5,996.2,20.3,50.4,186.0,2.4,8.0,83.0,69
2025-06-19T09:00,32.0,66,0.1,25.8,995.8,20.5,51.0,195.0,2.6,7.9,84.0,69
2025-06-19T10:00,31.9,67,0.1,24.2,995.2,20.4,49.1,207.0,3.2,8.1,81.0,69
2025-06-19T11:00,31.8,66,0.0,24.1,994.6,20.3,48.5,222.0,4.1,8.4,77.0,69
2025-06-19T12:00,31.3,69,0.0,24.1,994.4,22.7,57.2,233.0,5.5,9.4,72.0,69
2025-06-19T13:00,31.0,73,0.0,20.4,994.7,22.6,55.4,240.0,7.0,9.4,67.0,69
2025-06-19T14:00,30.2,78,0.1,18.6,995.2,21.8,52.2,243.0,9.2,9.3,61.0,69
2025-06-19T15:00,29.6,82,0.1,18.3,995.9,21.1,48.8,243.0,10.6,9.2,56.0,68
2025-06-19T16:00,29.5,84,0.0,17.1,996.6,20.4,45.8,241.0,10.9,8.9,55.0,68
2025-06-19T17:00,29.2,85,0.0,18.4,997.0,20.4,46.9,236.0,10.5,8.5,55.0,68
2025-06-19T18:00,29.2,85,0.0,17.5,997.4,20.4,46.7,223.0,9.7,8.0,56.0,68
2025-06-19T19:00,29.1,84,0.0,16.0,997.2,20.0,45.8,196.0,8.4,7.5,57.0,68
2025-06-19T20:00,29.0,85,0.0,15.8,996.8,19.6,45.3,162.0,6.8,7.0,58.0,68
2025-06-19T21:00,28.8,86,0.0,16.5,996.2,18.9,44.5,138.0,5.5,6.6,59.0,68
2025-06-19T22:00,28.9,84,0.0,15.5,996.1,18.2,43.2,129.0,4.8,6.4,59.0,67
2025-06-19T23:00,28.8,85,0.0,15.5,996.1,17.6,42.5,129.0,4.5,6.3,59.0,67
2025-06-20T00:00,28.6,86,0.0,15.8,996.2,17.2,41.3,142.0,4.6,6.0,59.0,67
2025-06-20T01:00,29.1,86,0.0,18.0,996.3,16.6,39.6,178.0,5.6,6.6,59.0,67
2025-06-20T02:00,29.4,85,0.3,21.6,996.8,17.1,40.6,226.0,7.0,7.6,58.0,67
2025-06-20T03:00,30.1,80,0.6,23.6,997.3,17.9,43.9,256.0,7.6,8.4,60.0,67
2025-06-20T04:00,30.9,76,0.0,21.6,997.6,18.5,45.9,249.0,6.7,9.1,66.0,66
2025-06-20T05:00,31.2,74,0.2,22.8,997.8,18.3,46.0,223.0,5.1,9.7,73.0,66
2025-06-20T06:00,31.5,73,0.5,22.0,997.9,19.0,48.2,205.0,3.9,10.1,79.0,66
2025-06-20T07:00,31.1,75,0.3,22.4,997.7,19.2,47.8,206.0,3.4,10.1,81.0,66
2025-06-20T08:00,30.9,77,0.3,22.5,997.4,27.8,87.3,214.0,3.2,9.8,82.0,66
2025-06-20T09:00,31.1,77,0.3,22.3,996.9,20.9,53.3,225.0,3.4,9.6,81.0,67
2025-06-20T10:00,31.2,75,0.0,21.1,996.5,20.5,50.6,236.0,4.0,9.6,78.0,67
2025-06-20T11:00,31.1,75,0.1,21.3,996.3,22.8,59.0,250.0,4.9,9.7,74.0,67
2025-06-20T12:00,30.8,76,0.0,19.9,996.2,28.1,67.8,266.0,7.0,9.6,66.0,67
2025-06-20T13:00,30.8,80,0.4,17.1,996.4,27.3,65.4,289.0,10.2,9.6,60.0,67
2025-06-20T14:00,30.1,85,0.1,14.7,997.0,26.4,59.3,314.0,14.4,9.6,53.0,68
2025-06-20T15:00,29.5,90,0.1,13.9,997.5,25.5,52.7,324.0,17.0,9.6,48.0,68
2025-06-20T16:00,29.5,89,0.1,14.5,998.2,24.4,51.8,309.0,16.4,9.5,48.0,69
2025-06-20T17:00,29.4,90,0.1,16.3,999.1,23.4,50.9,279.0,14.1,9.5,50.0,69
2025-06-20T18:00,29.3,90,0.0,16.4,999.0,22.6,50.4,247.0,11.7,9.2,53.0,69
2025-06-20T19:00,29.2,90,0.0,14.8,999.0,21.5,49.1,212.0,9.7,8.6,55.0,69
2025-06-20T20:00,29.1,90,0.1,13.4,998.6,20.3,47.1,176.0,7.6,7.9,57.0,70
2025-06-20T21:00,28.8,91,0.1,14.4,998.0,19.4,46.2,149.0,6.1,7.4,59.0,70
2025-06-20T22:00,28.8,90,0.1,14.6,997.8,18.9,46.8,134.0,5.3,7.2,59.0,70
2025-06-20T23:00,28.8,89,0.0,13.6,997.6,18.7,47.3,129.0,5.1,7.3,59.0,70
2025-06-21T00:00,28.6,89,0.0,14.3,997.9,17.6,42.7,143.0,5.0,7.0,59.0,70
2025-06-21T01:00,29.5,88,0.0,14.3,998.0,17.5,41.9,193.0,6.3,7.9,58.0,70
2025-06-21T02:00,29.8,83,0.0,16.1,998.3,17.5,41.3,261.0,8.0,9.1,58.0,70
2025-06-21T03:00,30.0,82,0.5,18.4,998.9,18.6,44.0,301.0,8.8,10.1,59.0,70
2025-06-21T04:00,30.5,79,0.4,18.1,999.4,19.4,46.3,286.0,8.0,10.8,63.0,70
2025-06-21T05:00,31.2,75,0.4,19.8,999.8,19.6,45.5,243.0,6.4,11.4,68.0,70
2025-06-21T06:00,31.1,76,0.5,21.4,999.4,19.6,44.5,210.0,5.0,11.6,73.0,70
2025-06-21T07:00,31.8,73,0.4,22.3,998.9,19.6,44.7,200.0,4.2,11.4,77.0,70
2025-06-21T08:00,31.7,74,0.2,22.0,998.6,20.1,44.9,201.0,3.7,10.9,79.0,70
2025-06-21T09:00,31.4,75,0.3,22.1,998.3,21.5,50.2,208.0,3.8,10.5,80.0,70
2025-06-21T10:00,31.6,74,0.2,22.2,997.9,19.3,40.7,225.0,4.6,10.4,77.0,70
2025-06-21T11:00,31.1,75,0.2,22.2,997.5,18.9,38.5,249.0,5.9,10.5,71.0,70
2025-06-21T12:00,30.5,78,0.0,20.9,997.2,22.6,47.7,268.0,7.2,11.8,68.0,69
2025-06-21T13:00,30.6,82,0.1,17.1,997.4,22.6,45.8,277.0,9.7,11.7,62.0,69
2025-06-21T14:00,30.1,84,0.3,15.3,997.9,22.8,44.8,280.0,13.3,11.5,55.0,68
2025-06-21T15:00,29.6,88,0.1,14.4,998.6,21.3,36.7,279.0,15.9,11.3,49.0,68
2025-06-21T16:00,29.2,89,0.1,13.9,999.1,21.1,35.0,277.0,17.0,11.2,47.0,68
2025-06-21T17:00,29.2,88,0.0,12.7,999.6,21.1,35.7,272.0,17.3,11.0,47.0,67
2025-06-21T18:00,29.1,88,0.0,12.8,999.6,21.8,39.0,257.0,16.8,10.7,47.0,67
2025-06-21T19:00,29.0,88,0.0,12.6,999.3,21.9,40.9,224.0,15.2,10.1,48.0,67
2025-06-21T20:00,28.9,90,0.1,13.2,998.7,21.1,41.1,182.0,12.9,9.4,50.0,67
2025-06-21T21:00,28.8,90,0.1,12.6,998.3,20.5,43.2,151.0,11.0,8.9,52.0,67
2025-06-21T22:00,28.8,89,0.0,12.5,997.8,19.8,43.7,136.0,9.6,8.5,53.0,67
2025-06-21T23:00,28.8,89,0.0,13.6,997.7,19.4,44.7,132.0,8.7,8.2,54.0,67
2025-06-22T00:00,28.7,89,0.0,15.9,997.5,19.2,42.8,147.0,7.0,8.1,57.0,67
2025-06-22T01:00,29.3,86,0.0,11.1,997.7,19.4,45.8,198.0,9.1,9.2,56.0,68
2025-06-22T02:00,29.2,87,0.0,11.8,997.9,21.3,54.2,267.0,12.0,10.8,55.0,68
2025-06-22T03:00,30.2,80,0.1,15.6,998.3,22.7,59.1,311.0,13.3,12.2,57.0,68
2025-06-22T04:00,30.7,75,0.0,15.5,998.4,23.4,67.3,304.0,11.7,13.5,64.0,68
2025-06-22T05:00,30.6,74,0.1,15.5,998.9,24.4,75.0,271.0,8.6,14.8,74.0,69
2025-06-22T06:00,30.6,74,0.1,16.9,998.6,25.4,78.2,243.0,6.0,15.3,82.0,69
2025-06-22T07:00,30.9,74,0.1,17.3,997.7,26.8,79.9,228.0,4.6,14.5,88.0,70
2025-06-22T08:00,32.0,69,0.1,18.0,997.1,26.6,76.6,218.0,3.6,13.0,92.0,70
2025-06-22T09:00,31.8,70,0.1,18.2,996.3,26.0,74.7,218.0,3.4,11.9,93.0,71
2025-06-22T10:00,31.4,73,0.1,18.8,995.9,24.6,65.9,236.0,3.9,11.7,89.0,71
2025-06-22T11:00,31.1,74,0.0,18.6,995.3,23.5,59.3,264.0,5.2,11.8,82.0,72
2025-06-22T12:00,30.2,78,0.1,19.2,995.1,26.5,73.8,288.0,7.3,13.8,79.0,72
2025-06-22T13:00,30.1,79,0.1,14.5,995.0,24.2,60.8,303.0,10.3,13.4,71.0,73
2025-06-22T14:00,29.8,80,0.0,13.5,995.3,23.3,56.0,314.0,14.4,12.8,61.0,73
2025-06-22T15:00,29.7,82,0.0,13.6,996.1,23.2,48.2,319.0,17.5,12.4,53.0,73
2025-06-22T16:00,29.4,84,0.0,12.4,996.9,23.2,45.2,319.0,18.7,12.5,50.0,73
2025-06-22T17:00,29.1,85,0.0,11.6,997.6,23.9,47.0,314.0,18.8,12.7,49.0,73
2025-06-22T18:00,29.0,85,0.0,9.6,997.4,24.9,50.2,296.0,18.2,12.7,49.0,73
2025-06-22T19:00,29.0,85,0.0,8.3,997.3,24.6,50.3,256.0,16.6,12.0,50.0,74
2025-06-22T20:00,28.8,86,0.0,8.9,996.8,23.7,50.1,204.0,14.3,11.1,51.0,74
2025-06-22T21:00,28.6,87,0.0,9.5,996.3,22.8,49.1,165.0,12.3,10.3,52.0,74
2025-06-22T22:00,28.5,88,0.0,10.1,996.4,21.9,48.7,148.0,10.9,9.7,52.0,74
2025-06-22T23:00,28.5,88,0.0,9.8,996.3,21.1,48.2,144.0,9.9,9.2,53.0,75
2025-06-23T00:00,28.5,88,0.0,9.9,996.4,20.7,48.1,156.0,8.1,9.5,56.0,75
2025-06-23T01:00,29.0,88,0.0,11.5,996.0,20.3,46.7,196.0,9.1,10.4,57.0,75
2025-06-23T02:00,29.6,82,0.0,11.8,996.4,22.2,56.1,251.0,10.3,11.5,59.0,75
2025-06-23T03:00,30.6,74,0.0,15.6,996.8,22.9,58.6,285.0,10.6,12.6,63.0,75
2025-06-23T04:00,31.2,71,0.1,17.9,997.2,23.6,64.7,274.0,9.0,13.4,72.0,75
2025-06-23T05:00,31.4,71,0.1,18.1,997.2,24.9,69.2,242.0,6.5,14.0,83.0,75
2025-06-23T06:00,32.0,70,0.2,17.9,996.9,25.7,69.2,218.0,4.6,14.4,92.0,75
2025-06-23T07:00,31.9,71,0.2,17.4,996.4,26.1,69.8,214.0,3.8,14.4,96.0,75
2025-06-23T08:00,32.2,70,0.0,16.5,995.8,26.4,69.8,218.0,3.7,14.1,98.0,75
2025-06-23T09:00,32.5,68,0.0,16.4,995.1,26.9,68.5,226.0,4.0,13.7,97.0,75
2025-06-23T10:00,32.2,69,0.0,17.3,994.5,26.1,63.6,238.0,4.7,13.2,92.0,75
2025-06-23T11:00,31.7,71,0.0,17.3,994.0,25.2,59.5,253.0,5.8,12.6,84.0,75
2025-06-23T12:00,31.3,71,0.0,17.9,993.8,34.1,88.5,266.0,9.1,16.2,79.0,75
2025-06-23T13:00,30.6,81,0.1,14.7,994.1,34.6,86.6,274.0,11.8,16.2,70.0,76
2025-06-23T14:00,30.1,84,0.0,13.1,994.4,33.4,79.9,281.0,15.5,16.1,58.0,77
2025-06-23T15:00,29.5,87,0.0,12.7,995.2,33.2,76.1,290.0,18.6,15.9,48.0,78
2025-06-23T16:00,29.5,86,0.0,9.5,995.9,33.3,73.3,313.0,20.7,15.5,43.0,79
2025-06-23T17:00,29.3,87,0.0,9.0,996.1,32.8,74.7,338.0,22.2,14.8,40.0,80
2025-06-23T18:00,29.1,88,0.0,9.3,995.9,32.0,75.7,342.0,22.2,13.9,39.0,80
2025-06-23T19:00,29.0,89,0.0,9.5,995.6,30.0,71.9,303.0,19.6,12.4,40.0,81
2025-06-23T20:00,28.9,90,0.0,9.9,995.3,27.7,68.0,242.0,15.4,10.5,44.0,82
2025-06-23T21:00,28.6,90,0.0,9.5,994.7,26.2,66.6,195.0,12.3,9.2,46.0,82
2025-06-23T22:00,28.5,90,0.0,9.6,994.5,25.5,66.6,175.0,11.2,8.5,45.0,82
2025-06-23T23:00,28.5,91,0.0,8.9,994.2,24.9,64.5,170.0,11.2,8.4,44.0,83
2025-06-24T00:00,28.3,91,0.0,9.3,994.3,24.9,67.8,181.0,9.6,9.2,47.0,83
2025-06-24T01:00,28.9,90,0.0,10.3,994.6,25.4,68.9,224.0,9.7,11.0,50.0,83
2025-06-24T02:00,29.5,84,0.0,10.7,995.0,28.7,86.6,283.0,9.9,13.6,55.0,84
2025-06-24T03:00,30.1,78,0.0,11.0,995.3,30.5,100.6,318.0,9.5,15.8,63.0,84
2025-06-24T04:00,30.9,74,0.1,12.9,995.6,32.4,106.2,302.0,8.1,17.5,77.0,85
2025-06-24T05:00,31.2,71,0.1,13.2,995.8,34.6,109.4,262.0,6.2,18.9,94.0,86
2025-06-24T06:00,32.0,68,0.0,14.1,995.6,37.1,108.7,231.0,4.8,19.6,108.0,87
2025-06-24T07:00,32.2,67,0.0,14.7,995.1,38.5,106.2,223.0,4.1,19.4,116.0,88
2025-06-24T08:00,32.7,65,0.0,14.4,994.6,38.3,101.3,226.0,3.8,18.5,120.0,89
2025-06-24T09:00,32.8,65,0.0,15.2,994.0,36.7,96.2,233.0,4.0,17.5,119.0,90
2025-06-24T10:00,32.4,66,0.0,16.4,993.4,33.9,89.4,246.0,4.6,16.3,110.0,91
2025-06-24T11:00,31.8,69,0.0,17.1,993.0,30.4,82.4,263.0,5.6,14.9,95.0,91
2025-06-24T12:00,31.3,71,0.0,17.2,992.8,29.5,88.5,279.0,6.6,13.2,79.0,92
2025-06-24T13:00,30.7,76,0.0,16.4,993.2,27.9,87.3,290.0,9.1,13.3,70.0,91
2025-06-24T14:00,30.4,78,0.1,13.4,993.7,27.4,87.8,299.0,12.8,13.5,58.0,91
2025-06-24T15:00,29.9,83,0.1,10.9,994.6,28.2,86.4,309.0,16.4,13.8,47.0,90
2025-06-24T16:00,29.7,85,0.0,11.1,995.1,29.5,83.1,322.0,19.8,14.2,41.0,90
2025-06-24T17:00,29.5,85,0.0,9.6,995.7,29.6,78.2,337.0,23.2,14.6,37.0,89
2025-06-24T18:00,29.2,87,0.0,9.3,995.8,29.7,74.5,349.0,26.0,14.9,33.0,89
2025-06-24T19:00,29.0,88,0.0,6.4,995.6,30.2,71.0,358.0,28.5,14.8,29.0,89
2025-06-24T20:00,28.9,88,0.0,5.3,995.2,31.1,70.3,365.0,30.4,14.5,26.0,89
2025-06-24T21:00,28.6,89,0.0,5.5,994.7,33.5,76.8,372.0,30.9,14.7,25.0,89
2025-06-24T22:00,28.5,89,0.0,3.7,994.7,36.0,89.4,379.0,28.9,15.6,26.0,90
2025-06-24T23:00,28.4,89,0.0,3.5,994.5,34.6,96.2,385.0,25.5,17.0,29.0,91
2025-06-25T00:00,28.4,88,0.0,2.9,994.7,29.7,69.8,388.0,23.9,14.4,30.0,92
2025-06-25T01:00,28.6,88,0.0,5.4,994.9,28.8,70.8,388.0,21.9,16.7,35.0,92
2025-06-25T02:00,29.2,82,0.0,7.4,995.2,30.6,81.3,385.0,19.1,19.9,44.0,92
2025-06-25T03:00,30.0,76,0.0,9.6,995.4,30.7,86.8,377.0,16.1,22.5,55.0,93
2025-06-25T04:00,30.7,73,0.0,10.3,996.2,31.8,97.1,360.0,12.8,23.9,72.0,93
2025-06-25T05:00,30.5,74,0.0,11.0,996.5,34.1,100.4,337.0,9.3,24.7,92.0,93
2025-06-25T06:00,30.9,72,0.0,11.0,996.4,36.0,97.6,318.0,6.6,24.6,109.0,93
2025-06-25T07:00,30.8,72,0.0,10.8,996.0,37.4,94.8,304.0,5.0,23.3,121.0,92
2025-06-25T08:00,32.1,67,0.0,11.5,995.5,37.1,89.9,293.0,4.3,21.3,128.0,92
2025-06-25T09:00,32.2,65,0.0,13.0,994.8,35.7,84.8,296.0,4.2,19.4,130.0,92
2025-06-25T10:00,32.0,65,0.0,13.9,994.1,33.9,78.9,323.0,4.8,18.0,122.0,92
2025-06-25T11:00,31.4,69,0.0,12.6,994.0,31.9,75.4,363.0,6.1,16.7,108.0,92
2025-06-25T12:00,31.0,72,0.0,13.2,993.8,32.4,87.1,391.0,7.2,11.8,85.0,92
2025-06-25T13:00,30.0,76,0.0,13.7,994.6,31.2,82.4,394.0,10.1,12.2,76.0,93
2025-06-25T14:00,29.7,79,0.0,10.0,994.9,30.0,79.4,386.0,14.1,12.8,64.0,93
2025-06-25T15:00,29.6,80,0.0,11.4,995.7,29.7,78.5,384.0,17.5,13.2,53.0,93
2025-06-25T16:00,29.5,80,0.0,12.4,996.4,29.2,75.0,404.0,19.8,13.2,47.0,93
2025-06-25T17:00,29.6,81,0.0,11.6,996.8,29.1,78.5,430.0,21.5,13.1,43.0,93
2025-06-25T18:00,29.4,84,0.0,9.7,997.0,29.3,80.6,433.0,22.8,12.8,39.0,93
2025-06-25T19:00,29.3,85,0.0,7.2,997.2,30.0,79.9,390.0,23.6,12.3,35.0,93
2025-06-25T20:00,29.1,87,0.0,5.2,997.1,29.3,78.0,324.0,23.9,11.8,32.0,93
2025-06-25T21:00,28.9,89,0.0,3.9,996.6,29.2,78.0,276.0,24.1,11.6,30.0,93
2025-06-25T22:00,28.8,90,0.0,1.5,996.4,29.7,74.7,255.0,24.5,12.0,27.0,93
2025-06-25T23:00,28.7,90,0.0,2.5,996.4,28.9,73.1,252.0,24.7,12.7,25.0,92
2025-06-26T00:00,28.5,91,0.0,1.1,996.2,31.2,82.0,278.0,27.3,15.4,24.0,91
2025-06-26T01:00,28.9,95,0.0,1.9,996.8,30.5,79.4,354.0,26.8,19.3,27.0,92
2025-06-26T02:00,29.3,91,0.0,1.3,997.0,32.2,97.3,460.0,25.9,24.6,32.0,92
2025-06-26T03:00,30.3,83,0.0,1.5,998.0,33.8,117.6,547.0,24.1,28.7,38.0,92
2025-06-26T04:00,31.6,71,0.0,1.8,998.0,42.4,166.2,609.0,20.9,30.5,47.0,92
2025-06-26T05:00,33.2,64,0.0,5.2,998.2,36.3,141.6,652.0,16.8,31.0,58.0,93
2025-06-26T06:00,33.4,64,0.0,10.3,998.2,35.6,136.9,652.0,13.2,30.4,69.0,93
2025-06-26T07:00,33.7,55,0.0,12.6,997.9,35.9,134.6,573.0,10.3,28.7,80.0,93
2025-06-26T08:00,34.2,45,0.0,10.8,997.5,36.0,130.9,450.0,7.9,26.0,92.0,93
2025-06-26T09:00,33.8,51,0.0,10.6,996.8,34.5,120.6,368.0,6.4,22.7,97.0,93
2025-06-26T10:00,32.6,62,0.0,10.1,996.0,30.0,103.1,376.0,6.0,18.4,92.0,93
2025-06-26T11:00,32.8,63,0.0,10.0,995.5,25.5,89.9,425.0,6.5,13.7,82.0,93
2025-06-26T12:00,32.5,67,0.0,11.9,995.4,23.9,82.0,451.0,7.4,11.3,76.0,92
2025-06-26T13:00,31.4,76,0.0,10.2,995.3,24.2,83.4,419.0,10.0,11.5,72.0,91
2025-06-26T14:00,30.6,84,0.0,10.9,996.1,24.1,79.2,364.0,13.6,11.8,66.0,91
2025-06-26T15:00,30.1,87,0.0,10.9,996.2,24.2,75.2,326.0,16.3,12.1,62.0,90
2025-06-26T16:00,30.1,86,0.0,9.0,997.2,24.6,72.4,330.0,16.9,12.3,62.0,90
2025-06-26T17:00,30.1,86,0.0,7.0,998.2,24.7,68.7,350.0,16.6,12.6,63.0,89
2025-06-26T18:00,29.9,88,0.0,6.2,998.2,24.7,64.7,350.0,16.8,12.8,62.0,89
2025-06-26T19:00,29.7,88,0.1,5.7,998.2,25.4,63.3,306.0,18.1,12.9,58.0,88
2025-06-26T20:00,29.6,89,0.0,6.9,997.7,26.1,60.5,242.0,19.9,13.0,52.0,88
2025-06-26T21:00,29.5,88,0.0,7.0,997.4,26.1,58.3,196.0,21.4,13.6,47.0,88
2025-06-26T22:00,29.4,89,0.0,6.8,996.8,26.5,57.9,177.0,22.1,14.6,43.0,87
2025-06-26T23:00,29.2,88,0.0,7.8,996.7,27.2,61.9,176.0,22.5,16.2,40.0,87
2025-06-27T00:00,29.2,88,0.0,8.8,996.2,22.9,43.1,204.0,17.7,20.2,42.0,87
2025-06-27T01:00,28.8,89,0.0,6.5,996.5,22.6,47.1,287.0,19.5,19.3,41.0,86
2025-06-27T02:00,28.8,90,0.0,8.0,997.0,25.0,56.7,399.0,21.9,18.1,40.0,86
2025-06-27T03:00,29.8,83,0.0,8.6,997.2,29.5,72.9,470.0,22.7,18.3,46.0,85
2025-06-27T04:00,31.4,73,0.0,7.6,997.3,35.2,93.6,451.0,20.6,21.4,64.0,85
2025-06-27T05:00,32.8,64,0.0,6.5,997.4,38.8,103.1,392.0,17.0,25.9,89.0,84
2025-06-27T06:00,34.6,55,0.0,4.6,996.7,41.0,105.0,369.0,14.1,28.7,111.0,84
2025-06-27T07:00,35.9,51,0.0,4.1,996.5,39.9,99.4,417.0,12.0,28.2,129.0,85
2025-06-27T08:00,35.2,56,0.8,11.0,996.0,37.4,87.1,501.0,10.6,26.0,144.0,85
2025-06-27T09:00,29.4,80,10.4,9.0,996.9,38.6,87.1,601.0,11.6,24.3,149.0,85
2025-06-27T10:00,27.0,92,2.5,7.6,996.6,40.7,91.0,737.0,16.1,23.6,138.0,85
2025-06-27T11:00,27.6,90,1.3,6.6,995.2,43.2,92.7,888.0,23.1,23.3,118.0,86
2025-06-27T12:00,27.8,93,1.4,6.6,995.0,53.9,80.1,970.0,66.9,30.1,34.0,88
2025-06-27T13:00,29.1,85,0.0,9.6,995.9,49.2,78.0,931.0,63.6,28.5,36.0,91
2025-06-27T14:00,28.6,84,0.1,11.3,996.2,43.8,65.0,823.0,58.6,26.2,38.0,93
2025-06-27T15:00,27.8,87,0.2,12.5,996.8,39.6,61.2,722.0,51.8,23.4,42.0,95
2025-06-27T16:00,27.6,88,0.1,10.0,997.6,33.9,56.7,657.0,41.8,19.6,49.0,96
2025-06-27T17:00,27.7,88,0.2,9.8,997.8,30.0,52.3,599.0,29.9,15.3,57.0,97
2025-06-27T18:00,27.8,89,0.0,10.6,997.5,26.2,50.2,534.0,20.3,11.8,63.0,97
2025-06-27T19:00,27.9,91,0.2,9.1,997.6,24.4,50.3,450.0,14.6,9.8,66.0,97
2025-06-27T20:00,27.9,94,0.2,9.9,996.9,22.7,48.5,360.0,11.0,8.6,68.0,97
2025-06-27T21:00,27.9,94,0.1,10.6,996.0,20.4,43.2,290.0,8.5,7.8,70.0,97
2025-06-27T22:00,27.4,94,5.7,9.3,996.2,17.3,37.6,231.0,6.0,7.1,73.0,97
2025-06-27T23:00,27.0,97,10.3,11.8,996.2,17.5,41.0,193.0,4.6,6.7,76.0,96
2025-06-28T00:00,26.8,97,1.3,13.2,996.7,20.4,50.9,233.0,7.3,7.9,69.0,95
2025-06-28T01:00,26.6,98,3.1,7.2,996.4,20.1,48.2,436.0,11.9,9.0,64.0,95
2025-06-28T02:00,26.8,95,7.6,7.2,996.8,21.5,48.4,716.0,18.2,10.5,58.0,94
2025-06-28T03:00,27.1,93,0.8,8.0,996.7,24.0,54.4,882.0,21.8,12.1,58.0,94
2025-06-28T04:00,28.4,87,0.1,11.1,997.0,24.7,56.3,820.0,20.2,13.6,69.0,94
2025-06-28T05:00,28.8,84,0.1,11.6,997.4,21.6,53.2,642.0,16.0,15.2,86.0,93
2025-06-28T06:00,28.5,87,2.2,7.9,997.2,20.7,49.4,492.0,13.0,16.3,98.0,91
2025-06-28T07:00,28.4,88,1.2,7.5,996.9,21.5,47.5,422.0,13.1,16.7,100.0,89
2025-06-28T08:00,29.6,80,2.1,14.8,996.4,21.0,43.0,379.0,14.5,16.8,96.0,88
2025-06-28T09:00,28.5,83,0.5,13.8,995.5,19.8,38.4,349.0,15.6,16.9,93.0,86
2025-06-28T10:00,29.2,79,0.2,15.5,995.1,18.2,32.5,324.0,14.7,17.5,95.0,85
2025-06-28T11:00,28.1,83,0.3,16.5,994.6,19.2,33.6,313.0,13.6,18.2,97.0,83
2025-06-28T12:00,28.2,83,0.0,14.8,994.7,37.4,55.3,323.0,13.7,23.7,159.0,80
2025-06-28T13:00,28.5,83,0.0,13.9,995.7,33.2,49.8,376.0,19.6,22.6,130.0,79
2025-06-28T14:00,28.2,85,0.0,12.0,996.1,28.4,46.0,452.0,27.7,21.0,90.0,78
2025-06-28T15:00,28.0,86,0.0,11.8,996.4,27.5,49.7,496.0,32.8,19.3,59.0,76
2025-06-28T16:00,27.9,88,0.0,10.8,996.8,25.0,49.4,483.0,32.2,17.6,47.0,75
2025-06-28T17:00,27.9,88,0.1,9.7,997.5,23.5,48.3,438.0,28.6,15.9,45.0,74
2025-06-28T18:00,27.6,89,0.1,12.7,997.6,22.5,47.0,384.0,25.1,14.3,44.0,74
2025-06-28T19:00,27.6,88,0.1,14.9,997.4,22.5,47.5,317.0,22.4,12.7,43.0,73
2025-06-28T20:00,27.7,88,0.0,15.4,996.7,22.6,48.1,240.0,19.8,11.3,44.0,73
2025-06-28T21:00,27.5,90,0.0,15.3,996.3,22.5,48.8,187.0,17.6,10.5,45.0,73
2025-06-28T22:00,27.2,90,0.1,15.7,996.2,22.5,50.1,166.0,15.6,10.5,45.0,73
2025-06-28T23:00,27.2,89,0.1,14.8,996.1,21.8,46.2,168.0,14.0,11.1,45.0,74
2025-06-29T00:00,27.5,88,0.0,13.2,996.1,16.2,28.8,201.0,16.3,13.9,49.0,74
2025-06-29T01:00,27.8,91,0.0,8.1,995.8,14.8,23.2,295.0,17.5,14.9,53.0,74
2025-06-29T02:00,28.2,89,0.3,8.3,996.1,14.6,21.0,421.0,18.9,16.3,58.0,73
2025-06-29T03:00,28.9,85,0.1,10.1,996.5,13.8,18.1,497.0,18.8,17.4,66.0,73
2025-06-29T04:00,29.2,82,0.1,11.7,996.7,10.6,12.4,477.0,15.5,18.2,79.0,72
2025-06-29T05:00,29.6,81,0.0,9.4,996.3,9.4,10.3,406.0,10.7,18.7,94.0,71
2025-06-29T06:00,30.1,79,0.0,11.1,996.5,9.7,11.2,344.0,6.8,18.3,104.0,70
2025-06-29T07:00,30.0,80,0.0,14.4,996.5,10.4,16.1,308.0,4.8,16.1,107.0,69
2025-06-29T08:00,30.3,79,0.2,16.3,995.8,9.5,16.3,280.0,3.8,13.0,105.0,68
2025-06-29T09:00,30.2,79,0.3,16.9,995.5,10.4,19.5,265.0,3.7,10.9,102.0,67
2025-06-29T10:00,30.2,78,0.1,15.1,995.0,11.1,21.2,264.0,4.2,10.6,98.0,66
2025-06-29T11:00,29.9,79,0.0,16.7,994.3,11.6,21.8,276.0,5.5,11.2,93.0,65
2025-06-29T12:00,29.5,81,0.1,17.1,994.0,11.5,21.9,304.0,10.7,19.0,88.0,64
2025-06-29T13:00,30.1,79,0.0,10.1,994.0,13.1,24.3,364.0,16.2,18.9,76.0,62
2025-06-29T14:00,29.5,83,0.0,8.0,994.3,13.8,24.7,439.0,23.9,18.7,61.0,60
2025-06-29T15:00,29.1,86,0.0,6.7,994.9,16.4,25.0,483.0,29.7,18.2,48.0,59
2025-06-29T16:00,29.0,87,0.0,6.6,995.8,17.2,25.0,472.0,32.4,17.2,42.0,58
2025-06-29T17:00,28.9,88,0.0,6.7,996.3,18.0,25.6,430.0,33.3,15.9,40.0,57
2025-06-29T18:00,28.7,88,0.0,7.8,996.5,19.0,27.2,377.0,32.5,14.6,39.0,57
2025-06-29T19:00,28.2,92,0.1,11.0,996.5,20.0,30.3,311.0,29.3,13.4,40.0,57
2025-06-29T20:00,28.2,92,0.0,10.3,996.1,20.7,34.8,236.0,24.5,12.3,43.0,56
2025-06-29T21:00,28.3,90,0.1,11.4,995.3,22.2,43.8,181.0,20.0,11.4,46.0,56
2025-06-29T22:00,28.4,91,0.0,10.5,995.2,25.1,57.4,157.0,16.3,10.8,49.0,56
2025-06-29T23:00,28.5,90,0.0,10.2,994.9,27.9,72.9,153.0,13.0,10.4,52.0,56
2025-06-30T00:00,28.5,90,0.0,10.7,995.2,32.1,101.0,172.0,9.3,10.2,60.0,57
2025-06-30T01:00,29.1,84,0.0,11.9,995.2,32.8,103.1,234.0,10.0,10.6,61.0,58
2025-06-30T02:00,29.5,83,0.0,12.6,995.8,32.4,99.7,318.0,10.9,11.2,62.0,60
2025-06-30T03:00,30.1,77,0.2,20.1,996.4,29.4,92.4,365.0,10.8,11.7,64.0,62
2025-06-30T04:00,30.4,79,0.3,22.1,997.1,25.8,75.2,336.0,8.9,12.0,69.0,63
2025-06-30T05:00,30.8,75,0.1,21.9,997.2,23.3,62.9,270.0,6.0,12.2,75.0,64
2025-06-30T06:00,31.1,75,0.0,21.3,997.4,22.1,57.0,219.0,3.9,12.2,79.0,66
2025-06-30T07:00,31.4,74,0.0,21.0,997.1,21.8,55.3,202.0,3.2,11.8,79.0,67
2025-06-30T08:00,31.6,72,0.0,20.5,996.5,21.9,56.5,200.0,3.3,11.1,76.0,68
2025-06-30T09:00,31.4,71,0.0,20.9,996.0,21.5,54.8,207.0,3.8,10.5,73.0,69
2025-06-30T10:00,31.2,71,0.0,20.1,995.5,21.6,53.9,224.0,4.4,10.2,69.0,70
2025-06-30T11:00,30.8,72,0.1,20.6,995.2,20.3,49.8,249.0,5.4,10.1,64.0,71
2025-06-30T12:00,30.5,75,0.2,21.4,995.1,26.0,64.5,275.0,6.8,10.7,62.0,71
2025-06-30T13:00,30.5,79,0.0,18.5,995.2,24.0,60.1,304.0,11.0,10.7,55.0,73
2025-06-30T14:00,30.1,82,0.0,16.0,995.6,24.4,57.3,333.0,16.6,10.7,44.0,74
2025-06-30T15:00,29.6,84,0.0,15.4,996.2,23.5,50.1,345.0,20.4,10.6,37.0,75
2025-06-30T16:00,29.5,85,0.0,15.3,997.1,22.6,48.5,329.0,20.6,10.3,36.0,75
2025-06-30T17:00,29.2,86,0.0,14.9,997.6,22.4,48.7,296.0,18.9,9.9,37.0,76
2025-06-30T18:00,29.0,88,0.0,15.2,998.1,22.1,48.0,260.0,16.8,9.3,39.0,76
2025-06-30T19:00,28.9,88,0.0,15.1,997.8,21.2,46.2,219.0,14.3,8.5,41.0,76
2025-06-30T20:00,28.6,90,0.0,14.8,997.4,20.0,43.3,175.0,11.3,7.6,43.0,77
2025-06-30T21:00,28.4,91,0.0,13.4,997.1,19.0,41.0,144.0,9.0,7.0,44.0,76
2025-06-30T22:00,28.3,92,0.0,12.4,996.9,18.5,39.5,131.0,7.9,6.8,44.0,76
2025-06-30T23:00,28.3,92,0.0,11.5,996.9,18.7,40.6,131.0,7.5,7.0,44.0,76
2025-07-01T00:00,28.1,92,0.0,11.4,997.2,18.5,38.9,146.0,6.5,7.1,48.0,75
2025-07-01T01:00,29.0,87,0.0,12.7,996.7,19.8,43.1,189.0,8.6,8.0,47.0,74
2025-07-01T02:00,29.5,85,0.0,11.6,997.2,22.6,52.2,246.0,11.4,9.3,46.0,72
2025-07-01T03:00,30.0,79,0.0,15.2,997.8,24.6,59.1,282.0,12.7,10.6,49.0,72
2025-07-01T04:00,30.5,77,0.1,15.7,998.2,25.7,68.7,273.0,10.8,12.0,58.0,71
2025-07-01T05:00,31.5,73,0.0,14.2,998.3,27.9,79.2,243.0,7.4,13.4,70.0,71
2025-07-01T06:00,31.9,71,0.0,15.0,998.3,28.1,80.8,220.0,4.8,14.2,79.0,72
2025-07-01T07:00,32.0,70,0.0,16.2,997.9,27.7,78.2,217.0,3.9,14.1,83.0,72
2025-07-01T08:00,31.5,73,0.2,17.6,997.4,27.6,77.1,222.0,3.7,13.3,83.0,73
2025-07-01T09:00,31.0,75,0.1,17.7,996.7,24.1,64.0,232.0,4.1,12.7,81.0,73
2025-07-01T10:00,31.3,74,0.0,17.4,996.1,22.5,58.7,247.0,4.6,12.4,76.0,73
2025-07-01T11:00,30.9,75,0.1,17.6,995.8,21.0,53.1,268.0,5.7,12.1,69.0,73
2025-07-01T12:00,30.1,79,0.3,18.3,995.8,27.6,71.9,292.0,8.1,12.7,62.0,73
2025-07-01T13:00,30.2,76,0.0,14.3,996.5,26.1,66.4,327.0,12.5,12.5,54.0,74
2025-07-01T14:00,29.8,80,0.0,12.0,996.7,25.7,61.9,364.0,18.5,12.3,42.0,74
2025-07-01T15:00,29.4,82,0.0,11.4,997.4,25.1,53.0,381.0,22.6,12.0,34.0,74
2025-07-01T16:00,29.1,84,0.0,12.8,997.7,24.0,48.7,363.0,23.4,11.7,31.0,74
2025-07-01T17:00,29.0,86,0.0,13.1,998.1,23.3,48.2,323.0,22.4,11.4,32.0,74
2025-07-01T18:00,29.0,86,0.0,12.6,998.6,22.8,48.7,281.0,20.6,10.9,33.0,74
2025-07-01T19:00,28.5,88,0.1,13.0,998.4,21.5,47.8,235.0,17.7,9.9,36.0,74
2025-07-01T20:00,28.2,90,0.1,13.1,997.8,19.5,44.9,187.0,14.0,8.8,40.0,74
2025-07-01T21:00,28.1,91,0.2,13.2,997.4,17.9,43.2,152.0,10.9,7.9,43.0,74
2025-07-01T22:00,28.1,91,0.0,12.5,997.2,16.6,41.8,137.0,9.0,7.4,45.0,74
2025-07-01T23:00,28.0,91,0.0,11.2,997.4,16.1,42.8,137.0,7.8,7.1,46.0,74
2025-07-02T00:00,27.9,92,0.0,10.3,997.4,16.9,47.6,151.0,7.5,7.4,47.0,74
2025-07-02T01:00,28.6,88,0.0,10.3,997.2,17.2,47.7,193.0,9.0,8.6,47.0,74
2025-07-02T02:00,29.1,85,0.0,9.2,997.4,19.2,54.9,251.0,11.1,10.4,46.0,73
2025-07-02T03:00,30.1,76,0.0,12.1,997.9,21.2,65.2,286.0,11.9,12.0,49.0,73
2025-07-02T04:00,30.9,73,0.0,13.4,998.3,23.1,79.6,276.0,10.4,13.3,56.0,73
2025-07-02T05:00,31.4,70,0.0,14.4,998.5,24.8,87.1,243.0,7.7,14.5,67.0,73
2025-07-02T06:00,31.5,71,0.0,15.2,998.1,26.0,91.7,219.0,5.5,15.2,75.0,72
2025-07-02T07:00,31.6,73,0.0,15.0,997.7,27.1,92.2,215.0,4.4,15.2,81.0,72
2025-07-02T08:00,31.5,74,0.1,15.7,997.1,27.5,91.7,219.0,3.9,14.7,85.0,72
2025-07-02T09:00,31.5,74,0.1,16.3,996.3,26.7,87.1,229.0,4.0,14.2,85.0,72
2025-07-02T10:00,31.4,74,0.2,16.7,995.9,25.0,81.3,244.0,4.4,13.7,80.0,72
2025-07-02T11:00,30.9,76,0.2,16.8,995.5,23.0,74.3,266.0,5.3,13.1,71.0,73
2025-07-02T12:00,30.5,78,0.1,16.8,995.2,29.6,100.8,290.0,8.3,14.6,62.0,73
2025-07-02T13:00,30.4,77,0.0,14.8,995.7,26.5,85.9,325.0,12.2,14.2,54.0,73
2025-07-02T14:00,29.6,82,0.1,14.3,996.2,26.5,83.8,362.0,17.6,13.6,43.0,73
2025-07-02T15:00,29.5,84,0.0,12.7,996.9,25.6,69.4,381.0,21.8,13.1,34.0,73
2025-07-02T16:00,29.5,82,0.0,12.7,997.5,25.6,65.2,368.0,23.7,12.9,31.0,73
2025-07-02T17:00,29.2,83,0.0,13.0,997.6,25.6,63.8,337.0,24.4,12.7,30.0,73
2025-07-02T18:00,29.0,84,0.0,13.0,997.7,25.1,61.9,299.0,24.0,12.3,30.0,73
2025-07-02T19:00,28.8,85,0.1,10.7,997.8,24.3,60.3,254.0,21.9,11.4,31.0,74
2025-07-02T20:00,28.5,87,0.1,11.4,997.2,22.9,57.6,202.0,18.7,10.2,34.0,74
2025-07-02T21:00,28.2,88,0.0,10.9,996.8,21.9,55.9,165.0,16.0,9.4,36.0,74
2025-07-02T22:00,28.1,90,0.0,9.5,996.6,21.2,54.9,134.0,14.5,9.0,36.0,74
2025-07-02T23:00,28.1,90,0.0,10.1,996.6,20.6,54.0,118.0,13.5,9.0,36.0,75
2025-07-03T00:00,28.1,90,0.1,9.5,996.7,22.2,64.5,155.0,11.6,9.7,40.0,75
2025-07-03T01:00,29.1,85,0.0,8.8,997.0,22.9,65.9,309.0,13.4,11.7,40.0,76
2025-07-03T02:00,29.0,86,0.0,9.9,997.3,25.9,75.0,517.0,15.8,14.5,40.0,76
2025-07-03T03:00,29.3,84,0.0,7.1,998.0,28.1,90.6,632.0,16.6,16.9,43.0,77
2025-07-03T04:00,29.9,80,0.1,7.4,998.3,28.2,98.0,560.0,14.2,18.6,52.0,77
2025-07-03T05:00,30.6,75,0.0,9.9,997.8,30.2,108.7,394.0,10.1,20.0,65.0,78
2025-07-03T06:00,31.7,70,0.0,11.6,997.6,33.2,120.6,267.0,7.2,21.1,76.0,78
2025-07-03T07:00,32.5,66,0.0,10.5,997.3,36.1,125.7,233.0,6.4,22.1,84.0,79
2025-07-03T08:00,32.5,66,0.0,13.3,996.9,36.3,121.5,238.0,6.8,22.9,90.0,80
2025-07-03T09:00,31.5,72,0.0,13.5,996.5,34.7,114.3,254.0,7.6,23.0,90.0,81
2025-07-03T10:00,31.5,72,0.0,13.2,996.3,31.8,105.2,274.0,8.4,22.0,82.0,81
2025-07-03T11:00,31.2,74,0.0,13.5,996.0,29.2,99.7,304.0,9.8,20.2,68.0,82
2025-07-03T12:00,30.5,77,0.0,13.2,996.1,34.6,108.5,337.0,14.2,22.3,60.0,82
2025-07-03T13:00,30.5,78,0.0,10.7,996.1,29.7,90.3,378.0,18.2,20.7,50.0,83
2025-07-03T14:00,30.1,80,0.0,11.0,996.9,26.3,81.7,421.0,23.8,18.4,36.0,83
2025-07-03T15:00,29.9,82,0.0,9.5,997.5,25.5,69.2,441.0,28.3,16.5,25.0,83
2025-07-03T16:00,29.7,83,0.0,8.4,997.9,25.8,68.0,424.0,31.0,15.7,20.0,83
2025-07-03T17:00,29.5,84,0.0,8.3,998.5,26.6,67.8,384.0,32.7,15.3,18.0,83
2025-07-03T18:00,29.5,85,0.0,8.9,998.4,26.4,63.8,339.0,32.2,14.5,19.0,83
2025-07-03T19:00,29.3,86,0.0,8.2,998.5,25.1,60.3,290.0,28.3,12.8,23.0,83
2025-07-03T20:00,29.1,86,0.0,8.6,997.9,23.4,56.7,236.0,22.3,10.8,29.0,83
2025-07-03T21:00,29.0,87,0.0,9.2,997.1,22.2,54.9,196.0,17.5,9.4,33.0,84
2025-07-03T22:00,28.9,87,0.0,7.6,997.1,21.9,55.9,171.0,14.8,8.9,34.0,84
2025-07-03T23:00,28.9,87,0.1,8.9,997.4,22.0,57.6,160.0,13.3,9.0,34.0,84
2025-07-04T00:00,28.6,89,0.1,9.4,997.8,23.3,56.5,179.0,16.7,11.9,30.0,84
2025-07-04T01:00,29.0,85,0.0,6.4,998.2,22.7,55.5,261.0,16.8,12.8,31.0,84
2025-07-04T02:00,29.1,85,0.0,6.5,998.5,24.1,62.6,374.0,16.8,14.1,34.0,84
2025-07-04T03:00,29.7,81,0.0,5.6,998.8,25.1,68.2,436.0,15.8,15.5,40.0,84
2025-07-04T04:00,30.9,74,0.0,7.2,999.1,26.5,84.3,396.0,13.0,17.1,52.0,83
2025-07-04T05:00,31.6,70,0.0,8.7,999.0,30.0,103.4,306.0,9.2,18.7,67.0,83
2025-07-04T06:00,32.5,66,0.0,11.2,999.1,33.4,113.9,240.0,6.4,19.8,80.0,83
2025-07-04T07:00,33.1,63,0.0,11.5,998.5,36.9,122.9,229.0,5.1,19.9,90.0,83
2025-07-04T08:00,33.0,64,0.0,13.1,998.0,37.0,118.0,241.0,4.6,19.5,96.0,83
2025-07-04T09:00,32.0,71,0.0,14.9,997.5,35.3,110.1,258.0,5.2,19.2,97.0,83
2025-07-04T10:00,31.9,71,0.0,13.5,997.0,38.0,118.0,274.0,6.8,19.2,87.0,83
2025-07-04T11:00,31.8,72,0.0,15.1,996.9,34.0,105.0,294.0,9.3,19.3,71.0,84
2025-07-04T12:00,31.0,75,0.0,12.7,996.7,37.4,125.3,315.0,10.1,20.1,77.0,84
2025-07-04T13:00,31.1,74,0.0,11.1,996.4,34.8,115.9,342.0,16.8,20.0,62.0,85
2025-07-04T14:00,30.4,79,0.0,10.6,996.9,31.8,101.0,369.0,26.0,19.7,42.0,85
2025-07-04T15:00,30.0,81,0.0,9.5,997.5,30.5,82.0,377.0,32.2,18.9,27.0,86
2025-07-04T16:00,29.6,82,0.0,10.7,998.1,28.4,72.4,353.0,32.8,17.2,23.0,86
2025-07-04T17:00,29.5,83,0.0,10.3,998.5,27.2,66.6,310.0,30.4,14.9,26.0,86
2025-07-04T18:00,29.3,84,0.0,9.2,998.5,26.4,62.9,270.0,27.1,12.9,30.0,86
2025-07-04T19:00,29.3,84,0.0,10.3,998.4,25.8,62.6,239.0,22.9,11.3,36.0,86
2025-07-04T20:00,29.2,85,0.0,9.5,998.0,25.6,63.3,212.0,17.9,9.9,43.0,86
2025-07-04T21:00,29.1,87,0.1,9.1,997.6,26.3,66.6,190.0,13.7,8.8,49.0,87
2025-07-04T22:00,28.9,88,0.2,9.2,997.7,27.7,71.7,169.0,11.1,8.0,53.0,87
2025-07-04T23:00,28.8,89,0.1,10.0,997.7,29.4,76.4,153.0,9.4,7.6,56.0,87
2025-07-05T00:00,28.6,89,0.0,9.8,997.6,28.9,76.1,160.0,9.8,8.8,55.0,88
2025-07-05T01:00,29.4,84,0.0,8.7,997.8,31.2,82.0,215.0,10.5,10.2,57.0,89
2025-07-05T02:00,29.7,82,0.0,8.7,998.1,35.5,103.4,293.0,11.4,12.1,60.0,89
2025-07-05T03:00,30.6,76,0.0,9.7,998.3,37.1,112.2,340.0,11.4,13.7,65.0,90
2025-07-05T04:00,31.8,70,0.0,9.7,998.6,38.6,120.6,325.0,9.6,14.9,74.0,91
2025-07-05T05:00,32.9,64,0.0,9.7,998.6,39.7,127.1,279.0,6.8,15.7,85.0,92
2025-07-05T06:00,33.7,61,0.0,11.2,998.2,40.4,127.1,242.0,4.7,16.2,94.0,93
2025-07-05T07:00,33.8,61,0.0,13.0,997.7,43.8,135.0,230.0,3.8,16.0,99.0,94
2025-07-05T08:00,33.5,63,0.0,14.3,997.1,41.7,124.3,228.0,3.5,15.3,101.0,95
2025-07-05T09:00,33.5,63,0.0,14.9,996.5,39.8,116.4,231.0,3.7,14.8,101.0,95
2025-07-05T10:00,33.0,65,0.0,16.6,995.8,38.4,112.2,242.0,4.2,14.9,97.0,95
2025-07-05T11:00,32.5,67,0.0,16.2,995.6,36.4,106.4,259.0,5.1,15.1,89.0,95
2025-07-05T12:00,32.3,67,0.0,16.6,995.6,36.7,107.3,269.0,7.2,16.1,85.0,96
2025-07-05T13:00,31.2,72,0.0,13.4,995.5,32.8,95.7,266.0,11.0,15.3,74.0,96
2025-07-05T14:00,30.5,77,0.0,12.6,996.1,30.6,88.2,258.0,16.1,14.1,60.0,95
2025-07-05T15:00,30.1,79,0.0,11.7,996.6,29.5,75.2,251.0,19.6,13.0,50.0,95
2025-07-05T16:00,30.0,80,0.0,12.9,997.0,28.7,69.8,254.0,20.0,12.1,48.0,95
2025-07-05T17:00,30.0,80,0.0,13.5,997.5,27.6,68.0,258.0,18.6,11.4,51.0,95
2025-07-05T18:00,29.9,82,0.1,11.6,997.6,26.5,68.0,252.0,16.7,10.5,54.0,95
2025-07-05T19:00,29.6,84,0.0,9.9,997.6,25.3,69.2,223.0,14.1,9.4,56.0,95
2025-07-05T20:00,29.5,84,0.0,11.6,997.1,24.1,68.9,183.0,10.9,8.2,58.0,95
2025-07-05T21:00,29.2,85,0.0,12.8,996.3,23.3,66.8,153.0,8.4,7.4,60.0,95
2025-07-05T22:00,28.9,86,0.0,13.7,995.9,22.8,62.4,138.0,7.1,7.2,62.0,95
2025-07-05T23:00,28.8,87,0.0,14.9,996.0,22.8,61.0,134.0,6.4,7.4,63.0,94
2025-07-06T00:00,28.7,87,0.0,14.2,996.3,22.8,63.8,147.0,6.5,8.2,62.0,94
2025-07-06T01:00,29.8,80,0.0,12.2,995.8,23.7,65.0,193.0,8.3,9.5,62.0,93
2025-07-06T02:00,30.1,78,0.0,13.9,996.6,26.3,74.0,255.0,10.8,11.2,63.0,93
2025-07-06T03:00,30.5,75,0.3,17.7,997.2,27.3,78.0,293.0,11.8,12.7,67.0,92
2025-07-06T04:00,31.1,73,0.2,17.1,997.6,28.6,84.1,282.0,10.1,13.6,76.0,91
2025-07-06T05:00,31.8,70,0.1,16.8,997.8,28.5,81.3,247.0,7.1,14.3,88.0,90
2025-07-06T06:00,32.3,67,0.1,15.4,997.6,29.9,84.3,220.0,4.7,14.6,97.0,89
2025-07-06T07:00,32.3,67,0.0,16.3,997.1,30.5,85.7,212.0,3.7,14.5,102.0,88
2025-07-06T08:00,32.2,67,0.0,16.1,996.6,30.7,86.4,213.0,3.4,14.0,105.0,87
2025-07-06T09:00,32.4,66,0.1,17.8,995.6,30.7,87.1,218.0,3.6,13.6,104.0,86
2025-07-06T10:00,32.0,68,0.0,17.0,995.1,29.9,85.7,230.0,4.1,13.3,98.0,85
2025-07-06T11:00,32.2,66,0.0,17.5,994.7,29.7,88.2,248.0,5.1,13.1,88.0,84
2025-07-06T12:00,31.5,68,0.0,16.1,994.8,30.3,82.0,262.0,8.9,16.4,83.0,84
2025-07-06T13:00,31.1,72,0.0,12.5,994.7,29.3,85.4,271.0,12.2,16.0,73.0,83
2025-07-06T14:00,30.6,75,0.0,10.7,995.5,28.7,87.5,278.0,16.9,15.6,59.0,83
2025-07-06T15:00,30.2,78,0.0,9.7,995.9,29.3,79.9,280.0,21.7,15.2,47.0,83
2025-07-06T16:00,30.0,80,0.0,12.1,996.2,31.2,80.3,278.0,27.0,15.3,38.0,83
2025-07-06T17:00,29.6,83,0.0,13.1,996.6,32.8,78.9,271.0,32.3,15.5,31.0,83
2025-07-06T18:00,29.4,84,0.0,12.0,996.6,33.2,79.2,256.0,34.7,15.2,28.0,83
2025-07-06T19:00,29.2,85,0.0,10.6,996.8,32.0,77.3,226.0,32.1,13.8,30.0,84
2025-07-06T20:00,29.1,85,0.0,10.3,996.2,30.5,75.0,189.0,26.6,11.8,35.0,85
2025-07-06T21:00,29.0,85,0.0,9.2,995.5,28.9,73.8,161.0,21.8,10.3,39.0,85
2025-07-06T22:00,28.9,86,0.0,6.8,995.5,27.4,72.2,139.0,19.0,9.3,41.0,86
2025-07-06T23:00,28.6,87,0.0,6.3,995.8,26.3,71.7,127.0,16.8,8.7,42.0,86
2025-07-07T00:00,28.6,87,0.0,5.9,996.1,32.7,72.6,156.0,33.5,13.8,21.0,86
2025-07-07T01:00,29.0,85,0.0,3.8,995.9,33.2,74.7,266.0,29.8,17.5,29.0,87
2025-07-07T02:00,29.4,82,0.0,2.9,996.2,35.0,90.8,416.0,24.5,22.5,40.0,88
2025-07-07T03:00,29.9,77,0.0,4.0,996.7,33.4,105.5,515.0,19.8,26.6,52.0,89
2025-07-07T04:00,30.5,74,0.0,4.2,997.3,33.9,107.3,515.0,16.4,28.8,63.0,89
2025-07-07T05:00,31.5,68,0.0,5.1,997.4,35.4,107.1,463.0,13.6,29.9,74.0,90
2025-07-07T06:00,32.4,64,0.0,8.1,997.1,36.8,106.9,409.0,11.4,30.3,85.0,91
2025-07-07T07:00,33.0,63,0.0,10.0,996.6,38.9,109.2,364.0,9.7,29.8,97.0,91
2025-07-07T08:00,33.0,62,0.0,12.0,996.4,41.2,112.0,318.0,8.5,28.5,110.0,92
2025-07-07T09:00,32.6,64,0.0,13.3,995.9,42.3,114.6,290.0,8.1,26.8,115.0,93
2025-07-07T10:00,32.0,67,0.0,13.0,995.3,40.9,111.5,297.0,8.3,24.4,110.0,94
2025-07-07T11:00,31.9,69,0.0,13.3,994.8,38.4,105.9,323.0,9.3,21.6,98.0,95
2025-07-07T12:00,31.5,70,0.0,13.5,994.9,38.1,108.3,339.0,9.9,19.5,91.0,96
2025-07-07T13:00,30.7,75,0.0,13.3,995.5,34.0,97.3,326.0,14.7,18.5,77.0,96
2025-07-07T14:00,30.0,79,0.0,12.5,996.1,31.4,92.2,302.0,21.2,17.2,57.0,97
2025-07-07T15:00,29.9,79,0.0,11.1,996.9,30.7,84.1,295.0,26.2,16.0,42.0,97
2025-07-07T16:00,29.8,79,0.0,9.7,997.8,30.4,84.8,326.0,28.1,15.4,36.0,97
2025-07-07T17:00,29.8,79,0.0,8.5,998.4,30.2,85.4,374.0,28.5,15.0,34.0,97
2025-07-07T18:00,29.5,82,0.0,7.3,998.6,29.9,83.8,395.0,28.1,14.4,34.0,97
2025-07-07T19:00,29.2,83,0.0,8.8,998.0,29.4,82.0,365.0,26.9,13.4,34.0,96
2025-07-07T20:00,29.0,84,0.0,9.2,997.3,28.6,80.3,308.0,24.9,12.2,35.0,96
2025-07-07T21:00,28.9,85,0.0,8.3,996.8,28.2,78.7,257.0,23.3,11.5,35.0,96
2025-07-07T22:00,28.8,85,0.0,5.7,996.7,27.9,78.5,211.0,22.7,11.1,34.0,96
2025-07-07T23:00,28.6,87,0.0,4.6,996.8,27.9,78.5,171.0,22.5,11.2,32.0,96
2025-07-08T00:00,28.5,87,0.0,3.8,997.0,29.7,85.9,175.0,22.7,11.9,34.0,96
2025-07-08T01:00,29.1,83,0.0,0.9,997.7,29.9,77.8,265.0,21.2,16.7,39.0,96
2025-07-08T02:00,29.5,79,0.0,0.9,998.2,31.9,104.3,400.0,19.0,23.3,47.0,96
2025-07-08T03:00,30.3,74,0.0,1.8,998.6,33.2,115.7,493.0,16.5,28.1,59.0,95
2025-07-08T04:00,31.0,70,0.0,3.3,999.0,34.1,115.9,506.0,13.3,29.6,77.0,95
2025-07-08T05:00,32.1,65,0.0,6.5,999.1,34.8,109.0,477.0,9.8,29.4,98.0,95
2025-07-08T06:00,32.9,61,0.0,8.8,999.1,36.7,103.6,437.0,7.0,28.2,115.0,95
2025-07-08T07:00,33.4,58,0.0,11.0,998.7,37.5,98.3,387.0,5.4,25.8,126.0,95
2025-07-08T08:00,33.7,55,0.0,13.0,998.0,37.1,94.8,325.0,4.5,22.5,132.0,95
2025-07-08T09:00,33.0,60,0.0,14.2,997.2,36.2,92.2,284.0,4.3,19.9,133.0,95
2025-07-08T10:00,32.8,63,0.0,15.4,996.5,36.4,94.5,282.0,4.7,18.8,127.0,94
2025-07-08T11:00,32.3,66,0.0,17.0,996.1,36.6,98.5,299.0,5.8,18.3,115.0,94
2025-07-08T12:00,31.6,69,0.0,16.5,996.0,42.6,110.4,309.0,8.9,17.1,100.0,94
2025-07-08T13:00,31.2,75,0.0,14.2,996.4,42.1,120.1,299.0,14.2,16.3,84.0,94
2025-07-08T14:00,30.5,79,0.0,13.7,997.1,40.9,122.0,282.0,21.4,15.2,62.0,95
2025-07-08T15:00,30.3,79,0.0,12.3,997.8,39.7,111.8,265.0,26.2,14.1,46.0,96
2025-07-08T16:00,30.1,80,0.0,9.5,999.2,38.9,115.9,251.0,26.4,13.1,41.0,96
2025-07-08T17:00,30.0,80,0.1,9.9,999.9,38.1,117.6,238.0,24.1,12.1,43.0,97
2025-07-08T18:00,29.9,80,0.1,11.8,999.6,36.8,114.8,222.0,21.6,11.2,44.0,98
2025-07-08T19:00,29.7,80,0.1,12.9,999.1,34.5,106.4,200.0,19.3,10.3,44.0,99
2025-07-08T20:00,29.5,82,0.1,13.0,998.5,31.5,93.4,176.0,16.9,9.5,44.0,99
2025-07-08T21:00,29.1,83,0.0,11.5,997.9,28.9,82.2,160.0,15.3,9.1,43.0,99
2025-07-08T22:00,28.7,86,0.1,10.3,997.6,26.9,73.8,149.0,15.5,8.9,39.0,99
2025-07-08T23:00,28.6,87,0.0,9.4,997.5,26.0,69.4,145.0,16.5,9.0,35.0,99
2025-07-09T00:00,28.3,89,0.0,9.0,997.6,27.5,71.2,170.0,19.6,10.9,31.0,99
2025-07-09T01:00,29.0,87,0.0,3.5,997.6,28.7,70.1,254.0,18.9,14.7,36.0,99
2025-07-09T02:00,29.4,83,0.0,4.5,998.0,30.7,90.6,366.0,17.7,19.9,44.0,99
2025-07-09T03:00,30.3,77,0.0,6.6,998.4,30.6,101.0,431.0,16.0,23.5,53.0,99
2025-07-09T04:00,31.2,72,0.0,7.7,998.8,32.6,108.0,405.0,13.1,24.0,66.0,98
2025-07-09T05:00,32.0,68,0.0,9.2,999.0,33.6,105.9,333.0,9.6,22.9,81.0,98
2025-07-09T06:00,32.6,65,0.0,10.0,999.0,35.4,105.9,275.0,7.0,21.4,92.0,98
2025-07-09T07:00,32.7,65,0.0,12.2,998.7,36.4,104.1,254.0,5.8,19.8,96.0,98
2025-07-09T08:00,32.6,67,0.0,13.2,998.4,36.9,102.9,248.0,5.4,17.9,97.0,98
2025-07-09T09:00,32.2,69,0.0,14.7,997.8,35.7,98.3,252.0,5.5,16.4,95.0,98
2025-07-09T10:00,32.2,70,0.1,14.4,997.1,35.0,95.9,269.0,5.9,15.8,91.0,98
2025-07-09T11:00,31.6,73,0.1,14.4,996.6,34.5,93.6,296.0,6.7,15.6,85.0,98
2025-07-09T12:00,31.5,73,0.0,13.5,996.2,36.9,99.9,314.0,9.2,16.9,80.0,98
2025-07-09T13:00,30.7,78,0.0,13.2,996.7,34.2,93.8,314.0,13.3,15.8,69.0,97
2025-07-09T14:00,30.2,81,0.0,13.5,996.8,32.7,91.3,305.0,19.1,14.2,53.0,96
2025-07-09T15:00,30.1,81,0.0,13.4,997.7,32.4,84.3,292.0,24.1,13.1,40.0,96
2025-07-09T16:00,30.1,81,0.0,12.5,998.4,32.8,86.8,275.0,28.0,13.0,33.0,95
2025-07-09T17:00,29.9,82,0.0,11.7,999.2,33.8,88.2,253.0,31.1,13.3,29.0,94
2025-07-09T18:00,29.7,83,0.1,10.3,999.4,34.3,87.3,230.0,31.9,13.2,28.0,94
2025-07-09T19:00,29.4,84,0.1,12.1,999.1,33.3,85.2,203.0,28.6,12.0,31.0,94
2025-07-09T20:00,29.1,85,0.0,11.6,998.5,30.7,80.3,174.0,22.9,10.4,37.0,94
2025-07-09T21:00,29.0,86,0.0,11.0,997.8,28.1,76.6,154.0,18.3,9.2,41.0,94
2025-07-09T22:00,28.8,86,0.0,9.2,997.7,26.2,73.6,143.0,16.0,8.6,42.0,94
2025-07-09T23:00,28.6,87,0.0,7.9,998.0,25.0,71.2,142.0,14.8,8.4,41.0,94
2025-07-10T00:00,28.4,88,0.0,7.7,998.0,26.7,71.2,161.0,17.6,10.2,36.0,93
2025-07-10T01:00,29.2,83,0.0,7.0,998.4,26.5,68.7,220.0,16.7,12.4,41.0,93
2025-07-10T02:00,29.5,80,0.0,8.7,999.0,28.8,92.0,299.0,15.4,15.4,47.0,93
2025-07-10T03:00,30.0,77,0.1,9.2,999.4,28.3,97.1,349.0,13.8,17.7,54.0,93
2025-07-10T04:00,30.8,73,0.1,10.5,999.8,29.0,102.0,341.0,11.7,18.5,61.0,93
2025-07-10T05:00,31.2,71,0.1,10.6,999.9,30.6,109.0,303.0,9.3,18.5,69.0,92
2025-07-10T06:00,31.7,70,0.1,12.1,1000.1,32.5,114.8,271.0,7.4,18.3,76.0,92
2025-07-10T07:00,31.5,71,0.0,12.8,999.9,32.9,112.7,257.0,6.1,17.8,82.0,92
2025-07-10T08:00,32.0,67,0.0,13.4,999.3,34.5,113.9,248.0,5.3,17.1,87.0,92
2025-07-10T09:00,32.1,67,0.0,13.5,998.5,34.6,113.2,251.0,5.1,16.6,89.0,91
2025-07-10T10:00,32.2,66,0.0,12.2,997.8,35.4,115.3,271.0,5.3,16.6,88.0,91
2025-07-10T11:00,31.6,69,0.0,12.7,997.5,34.1,112.5,301.0,6.0,16.7,85.0,91
2025-07-10T12:00,31.0,71,0.0,11.0,997.1,37.8,130.4,326.0,8.7,17.2,73.0,91
2025-07-10T13:00,30.6,74,0.0,11.7,997.8,37.5,128.1,339.0,14.6,17.2,61.0,91
2025-07-10T14:00,30.0,77,0.0,11.1,998.4,36.9,123.4,346.0,22.7,17.2,44.0,92
2025-07-10T15:00,29.7,78,0.0,10.0,999.0,37.6,108.5,349.0,28.8,16.9,31.0,92
2025-07-10T16:00,29.6,78,0.0,8.6,1000.0,37.3,101.3,353.0,31.2,16.0,26.0,93
2025-07-10T17:00,29.6,78,0.0,7.8,1000.4,36.8,95.5,353.0,31.6,14.8,25.0,93
2025-07-10T18:00,29.5,79,0.0,8.3,1000.5,36.0,89.2,336.0,30.8,13.6,25.0,93
2025-07-10T19:00,29.4,80,0.0,8.6,1000.1,34.5,81.5,287.0,28.8,12.4,26.0,93
2025-07-10T20:00,29.3,80,0.0,9.5,999.7,31.9,73.6,220.0,25.6,11.1,28.0,93
2025-07-10T21:00,29.2,80,0.0,9.8,999.0,29.4,67.1,171.0,22.6,10.2,30.0,94
2025-07-10T22:00,28.9,82,0.1,9.7,998.7,27.1,61.0,146.0,20.2,9.5,31.0,94
2025-07-10T23:00,28.4,87,0.1,9.8,998.8,25.1,56.8,139.0,18.0,9.0,33.0,94
2025-07-11T00:00,28.3,88,0.0,8.1,999.2,24.2,55.8,159.0,15.7,9.8,36.0,94
2025-07-11T01:00,28.7,88,0.0,6.1,999.7,24.0,53.7,235.0,15.5,12.6,39.0,94
2025-07-11T02:00,29.1,86,0.0,4.9,1000.5,26.4,66.8,339.0,15.2,16.4,43.0,93
2025-07-11T03:00,30.0,80,0.0,4.9,1000.8,26.9,75.7,401.0,14.3,19.3,49.0,93
2025-07-11T04:00,31.1,73,0.0,6.3,1001.3,27.5,87.3,380.0,12.3,20.6,57.0,93
2025-07-11T05:00,32.2,67,0.0,8.5,1001.6,29.5,100.1,317.0,9.8,21.1,68.0,93
2025-07-11T06:00,32.8,64,0.0,10.3,1001.6,31.2,105.2,267.0,7.7,21.0,76.0,93
2025-07-11T07:00,32.5,66,0.0,13.6,1001.4,33.1,104.8,251.0,6.4,20.3,82.0,93
2025-07-11T08:00,32.3,67,0.0,15.7,1000.9,32.9,99.7,248.0,5.7,19.1,87.0,93
2025-07-11T09:00,32.3,66,0.0,15.6,1000.3,31.5,93.8,251.0,5.5,17.9,89.0,93
2025-07-11T10:00,32.1,66,0.0,16.0,999.6,29.8,91.7,260.0,5.7,16.9,86.0,92
2025-07-11T11:00,31.9,67,0.0,15.9,998.9,27.4,85.2,274.0,6.4,16.1,80.0,92
2025-07-11T12:00,31.3,69,0.0,15.7,998.7,30.2,93.1,283.0,8.3,15.8,73.0,91
2025-07-11T13:00,30.9,72,0.0,13.1,999.4,26.8,82.7,283.0,12.1,15.5,63.0,90
2025-07-11T14:00,30.2,76,0.0,11.5,999.9,24.7,74.0,279.0,17.4,15.0,49.0,90
2025-07-11T15:00,30.0,77,0.0,12.2,1000.5,24.1,62.4,272.0,21.6,14.5,38.0,88
2025-07-11T16:00,29.8,78,0.0,12.9,1001.0,24.4,60.1,264.0,24.0,14.1,33.0,87
2025-07-11T17:00,29.6,79,0.0,13.4,1001.6,24.5,58.3,254.0,25.4,13.7,32.0,86
2025-07-11T18:00,29.4,81,0.0,13.6,1002.2,24.6,56.8,237.0,25.2,13.1,32.0,85
2025-07-11T19:00,29.1,82,0.0,13.0,1001.9,24.3,56.2,207.0,22.7,12.0,34.0,84
2025-07-11T20:00,28.8,84,0.0,12.3,1001.7,23.3,55.1,170.0,18.6,10.6,38.0,83
2025-07-11T21:00,28.7,84,0.0,12.9,1000.8,22.6,54.8,145.0,15.1,9.5,42.0,82
2025-07-11T22:00,28.5,84,0.0,11.8,1000.8,22.0,54.4,134.0,12.5,8.6,44.0,82
2025-07-11T23:00,28.5,84,0.0,10.5,1000.7,21.7,53.9,134.0,10.5,7.9,46.0,81
2025-07-12T00:00,28.5,83,0.0,10.6,1000.9,22.6,60.1,153.0,10.2,8.1,48.0,81
2025-07-12T01:00,28.4,83,0.1,9.9,1001.7,23.8,65.4,210.0,11.0,9.7,49.0,81
2025-07-12T02:00,28.9,80,0.0,9.9,1002.0,25.7,71.9,285.0,12.0,11.9,51.0,81
2025-07-12T03:00,29.9,74,0.0,11.2,1002.1,26.2,78.7,330.0,12.2,13.8,55.0,81
2025-07-12T04:00,30.9,68,0.0,12.5,1002.0,28.3,90.1,314.0,10.9,15.1,62.0,81
2025-07-12T05:00,32.0,62,0.0,13.6,1002.1,30.3,98.5,268.0,8.7,16.2,71.0,81
2025-07-12T06:00,31.9,64,0.0,14.0,1002.1,30.3,98.3,233.0,7.0,16.6,77.0,81
2025-07-12T07:00,32.0,64,0.0,13.5,1002.0,29.7,97.1,224.0,6.0,16.1,80.0,81
2025-07-12T08:00,32.0,64,0.0,14.4,1001.5,28.7,95.2,225.0,5.4,15.1,81.0,80
2025-07-12T09:00,32.0,66,0.0,15.7,1001.0,27.7,92.4,232.0,5.4,14.2,80.0,80
2025-07-12T10:00,31.5,68,0.0,16.1,1000.6,25.6,83.6,248.0,5.8,13.8,75.0,80
2025-07-12T11:00,31.7,66,0.0,14.9,1000.2,24.4,79.2,270.0,6.7,13.6,68.0,79
2025-07-12T12:00,31.9,65,0.0,13.6,1000.1,29.6,96.6,283.0,8.7,15.9,72.0,79
2025-07-12T13:00,31.0,68,0.0,12.9,1000.9,27.2,87.1,277.0,13.5,15.6,61.0,79
2025-07-12T14:00,30.2,73,0.0,11.4,1001.2,25.0,75.7,261.0,19.9,15.1,46.0,79
2025-07-12T15:00,29.6,77,0.0,12.6,1001.5,24.2,62.4,249.0,23.9,14.3,36.0,79
2025-07-12T16:00,29.4,80,0.0,14.2,1002.1,23.5,57.3,248.0,23.1,13.0,35.0,79
2025-07-12T17:00,29.1,81,0.0,14.5,1002.7,22.5,55.1,251.0,19.9,11.5,38.0,79
2025-07-12T18:00,29.0,80,0.0,14.6,1002.7,22.1,53.8,243.0,16.6,10.2,42.0,79
2025-07-12T19:00,28.9,80,0.1,14.1,1002.5,21.5,52.9,212.0,13.9,9.2,45.0,79
2025-07-12T20:00,28.9,80,0.0,13.3,1002.2,20.8,51.7,170.0,11.2,8.5,47.0,78
2025-07-12T21:00,28.6,80,0.0,13.3,1001.8,20.1,51.1,141.0,9.3,8.1,49.0,78
2025-07-12T22:00,28.4,81,0.0,14.9,1001.3,19.8,51.5,131.0,8.6,8.1,49.0,78
2025-07-12T23:00,28.2,83,0.0,11.8,1001.5,19.7,52.2,134.0,8.6,8.3,47.0,78
2025-07-13T00:00,28.2,84,0.0,11.0,1001.7,19.8,57.2,150.0,7.3,8.7,51.0,78
2025-07-13T01:00,29.0,79,0.0,10.3,1001.7,20.3,58.4,193.0,8.6,9.9,52.0,77
2025-07-13T02:00,29.2,77,0.0,12.7,1002.2,22.3,67.5,251.0,10.4,11.5,53.0,77
2025-07-13T03:00,30.0,73,0.0,14.6,1002.3,23.2,78.0,285.0,11.1,12.9,57.0,77
2025-07-13T04:00,30.6,70,0.1,16.1,1002.4,24.2,89.9,273.0,9.6,13.7,66.0,76
2025-07-13T05:00,30.9,69,0.1,17.2,1002.4,25.9,97.3,238.0,7.0,14.3,76.0,76
2025-07-13T06:00,31.5,66,0.0,16.3,1002.2,27.4,100.4,214.0,5.1,14.5,84.0,76
2025-07-13T07:00,31.7,66,0.0,16.5,1001.8,28.3,104.5,213.0,4.5,14.2,86.0,75
2025-07-13T08:00,32.2,65,0.1,16.7,1000.9,28.5,103.4,223.0,4.4,13.4,84.0,75
2025-07-13T09:00,31.8,67,0.0,17.0,1000.0,27.5,98.3,235.0,4.7,12.8,81.0,75
2025-07-13T10:00,31.9,67,0.0,16.6,999.3,28.2,102.0,252.0,4.9,12.4,78.0,75
2025-07-13T11:00,31.0,71,0.0,17.7,998.9,27.1,99.4,272.0,5.4,12.0,75.0,76
2025-07-13T12:00,30.6,73,0.0,17.3,998.7,29.2,109.2,283.0,6.9,12.8,74.0,76
2025-07-13T13:00,30.2,72,0.0,17.2,998.9,28.0,102.0,279.0,10.5,12.4,65.0,76
2025-07-13T14:00,29.6,76,0.0,15.0,999.4,27.7,96.6,266.0,15.5,11.8,53.0,76
2025-07-13T15:00,29.4,78,0.0,15.9,999.6,27.6,81.0,253.0,18.6,11.2,45.0,76
2025-07-13T16:00,29.3,79,0.0,16.3,1000.1,26.6,76.1,244.0,18.3,10.7,43.0,76
2025-07-13T17:00,29.1,80,0.1,16.7,1000.7,24.3,68.0,234.0,16.2,10.1,45.0,77
2025-07-13T18:00,28.8,83,0.1,16.6,1000.8,22.9,65.7,221.0,13.9,9.6,47.0,77
2025-07-13T19:00,28.5,85,0.0,14.4,1000.6,22.1,64.3,199.0,11.9,9.0,49.0,77
2025-07-13T20:00,28.4,86,0.0,13.8,1000.4,21.6,65.2,172.0,9.8,8.5,51.0,77
2025-07-13T21:00,28.1,87,0.0,14.1,1000.1,21.1,65.7,152.0,8.1,8.1,53.0,77
2025-07-13T22:00,28.1,87,0.0,13.5,999.6,20.6,64.7,138.0,7.0,7.8,54.0,77
2025-07-13T23:00,28.0,87,0.0,13.3,999.3,20.3,64.0,130.0,6.4,7.7,54.0,77
2025-07-14T00:00,28.0,87,0.0,12.8,999.3,20.0,61.7,140.0,6.5,8.1,55.0,77
2025-07-14T01:00,28.5,87,0.0,13.3,999.0,19.5,59.3,185.0,7.6,8.9,55.0,77
2025-07-14T02:00,28.8,85,0.1,14.6,999.6,20.4,63.8,248.0,9.1,10.1,56.0,77
2025-07-14T03:00,29.5,80,0.1,16.6,999.7,21.8,73.3,286.0,9.6,11.1,59.0,77
2025-07-14T04:00,30.5,73,0.1,17.4,999.9,24.2,85.2,273.0,8.3,11.8,66.0,77
2025-07-14T05:00,31.2,70,0.1,18.2,999.9,25.1,89.4,235.0,6.1,12.4,76.0,77
2025-07-14T06:00,31.7,67,0.0,18.1,999.4,27.7,101.5,207.0,4.4,12.9,84.0,77
2025-07-14T07:00,32.1,66,0.0,17.9,998.9,29.5,112.2,203.0,3.6,13.2,91.0,77
2025-07-14T08:00,32.1,66,0.1,17.5,998.1,31.3,124.3,209.0,3.3,13.4,96.0,77
2025-07-14T09:00,32.3,66,0.0,18.0,997.4,33.5,139.7,220.0,3.5,13.5,97.0,77
2025-07-14T10:00,31.9,69,0.1,17.9,997.0,32.1,126.2,240.0,4.1,13.4,92.0,78
2025-07-14T11:00,31.0,72,0.1,17.2,996.9,30.4,114.3,266.0,5.2,13.1,83.0,78
2025-07-14T12:00,30.9,72,0.0,16.3,996.7,31.1,111.1,280.0,7.4,14.9,78.0,78
2025-07-14T13:00,30.5,75,0.0,17.4,997.3,29.1,100.6,270.0,10.7,14.3,68.0,78
2025-07-14T14:00,29.8,78,0.0,15.7,997.7,27.6,92.2,248.0,15.3,13.3,55.0,79
2025-07-14T15:00,29.6,78,0.0,16.4,998.5,25.6,73.3,234.0,18.3,12.4,45.0,79
2025-07-14T16:00,29.2,81,0.0,15.2,999.3,24.3,68.2,240.0,18.4,11.4,43.0,78
2025-07-14T17:00,29.1,80,0.0,13.4,1000.0,23.3,65.0,252.0,16.9,10.4,45.0,78
2025-07-14T18:00,28.9,81,0.0,12.1,1000.2,22.9,63.6,253.0,15.4,9.6,47.0,78
2025-07-14T19:00,28.6,83,0.0,14.3,999.8,23.4,64.3,229.0,14.3,9.3,47.0,78
2025-07-14T20:00,28.4,85,0.0,13.8,999.3,23.1,61.2,192.0,13.2,9.2,47.0,78
2025-07-14T21:00,28.1,87,0.0,11.4,998.9,22.4,58.9,163.0,12.1,9.1,47.0,78
2025-07-14T22:00,28.0,87,0.0,11.5,998.8,21.9,58.0,142.0,10.6,8.6,47.0,78
2025-07-14T23:00,27.9,87,0.0,12.1,998.7,21.5,57.0,128.0,9.1,8.1,48.0,79
2025-07-15T00:00,27.8,88,0.0,10.8,998.8,22.2,60.8,137.0,9.4,8.9,47.0,79
2025-07-15T01:00,28.6,83,0.0,8.6,999.0,23.3,63.8,192.0,10.4,10.7,48.0,79
2025-07-15T02:00,29.0,79,0.0,9.1,999.2,26.7,75.7,269.0,11.6,13.3,51.0,79
2025-07-15T03:00,29.8,73,0.0,9.9,999.5,29.3,92.4,316.0,11.8,15.4,56.0,80
2025-07-15T04:00,31.0,67,0.0,11.2,999.6,31.7,103.4,301.0,10.0,16.7,67.0,80
2025-07-15T05:00,31.7,63,0.0,12.4,999.8,33.8,106.6,255.0,7.2,17.6,82.0,81
2025-07-15T06:00,32.2,60,0.0,13.1,999.7,36.2,109.4,221.0,5.0,17.9,92.0,82
2025-07-15T07:00,32.2,60,0.0,13.8,999.6,37.5,108.7,217.0,4.1,17.2,96.0,83
2025-07-15T08:00,32.2,60,0.0,14.0,998.8,36.0,102.2,226.0,3.8,16.0,96.0,83
2025-07-15T09:00,31.9,63,0.0,15.0,998.1,33.4,95.5,237.0,4.3,15.1,93.0,84
2025-07-15T10:00,31.5,65,0.0,15.8,997.4,31.1,90.8,251.0,5.5,15.2,86.0,84
2025-07-15T11:00,31.5,65,0.0,15.7,996.7,28.8,85.7,268.0,7.5,15.7,75.0,84
2025-07-15T12:00,31.2,67,0.0,15.3,996.5,34.6,101.7,278.0,10.1,15.7,64.0,84
2025-07-15T13:00,30.3,70,0.0,12.6,997.6,33.3,95.9,275.0,13.9,15.4,56.0,84
2025-07-15T14:00,29.8,73,0.0,13.2,997.8,32.7,91.3,266.0,19.0,14.8,45.0,84
2025-07-15T15:00,29.1,78,0.0,14.5,998.5,31.2,75.7,259.0,22.4,14.1,37.0,85
2025-07-15T16:00,29.0,78,0.0,11.8,999.4,30.3,71.7,263.0,22.6,13.0,35.0,85
2025-07-15T17:00,28.9,79,0.0,12.6,1000.0,29.4,69.6,270.0,21.1,11.7,37.0,86
2025-07-15T18:00,28.8,80,0.0,11.5,1000.1,29.1,69.2,265.0,19.2,10.6,39.0,86
2025-07-15T19:00,28.6,80,0.0,10.9,1000.2,29.2,70.1,235.0,17.3,10.0,41.0,87
2025-07-15T20:00,28.4,81,0.0,10.7,999.9,28.3,69.8,192.0,15.0,9.7,42.0,87
2025-07-15T21:00,28.2,82,0.0,10.1,999.4,27.3,68.2,161.0,13.1,9.5,44.0,88
2025-07-15T22:00,28.0,83,0.0,9.3,999.0,26.4,66.1,147.0,11.5,9.2,45.0,88
2025-07-15T23:00,27.9,84,0.0,8.2,998.8,25.6,64.5,146.0,10.3,9.0,46.0,89
2025-07-16T00:00,27.7,85,0.0,8.1,999.1,25.0,62.9,164.0,9.8,9.9,47.0,89
2025-07-16T01:00,28.4,80,0.0,6.7,999.0,25.6,64.7,221.0,10.1,11.4,49.0,89
2025-07-16T02:00,28.8,77,0.0,8.7,999.4,28.3,79.9,298.0,10.5,13.4,53.0,89
2025-07-16T03:00,29.5,73,0.0,9.4,999.7,27.1,78.7,345.0,10.2,14.9,58.0,90
2025-07-16T04:00,30.2,69,0.0,9.9,1000.2,29.3,90.1,332.0,8.8,15.4,66.0,89
2025-07-16T05:00,30.9,65,0.0,11.2,1000.1,27.1,82.4,288.0,6.7,15.3,77.0,89
2025-07-16T06:00,31.5,63,0.0,11.6,1000.2,26.6,79.9,252.0,5.1,14.9,84.0,89
2025-07-16T07:00,32.1,60,0.0,13.6,999.9,25.9,75.9,236.0,4.1,14.2,87.0,88
2025-07-16T08:00,32.0,61,0.0,15.4,999.3,25.4,72.6,227.0,3.6,13.2,87.0,87
2025-07-16T09:00,32.0,62,0.0,16.3,998.6,24.9,70.5,226.0,3.5,12.4,85.0,86
2025-07-16T10:00,32.0,62,0.0,16.6,998.0,24.1,69.2,238.0,3.9,12.1,80.0,85
2025-07-16T11:00,31.8,64,0.0,16.5,997.5,23.3,66.8,258.0,4.7,11.9,72.0,84
2025-07-16T12:00,31.3,67,0.0,15.7,997.4,28.2,81.3,272.0,6.6,12.1,64.0,84
2025-07-16T13:00,30.6,69,0.0,13.3,998.2,29.2,83.8,276.0,10.7,12.6,56.0,83
2025-07-16T14:00,30.0,72,0.0,12.9,998.6,30.2,82.0,274.0,16.4,13.3,45.0,83
2025-07-16T15:00,29.5,76,0.0,11.7,999.5,30.6,73.6,270.0,21.0,13.8,36.0,83
2025-07-16T16:00,29.2,78,0.1,11.5,1000.0,32.2,75.2,266.0,24.0,14.0,31.0,83
2025-07-16T17:00,29.0,79,0.0,11.1,1000.5,34.0,78.5,259.0,25.9,13.9,29.0,83
2025-07-16T18:00,28.9,80,0.0,12.1,1000.5,34.8,80.6,246.0,26.1,13.5,29.0,83
2025-07-16T19:00,28.5,82,0.1,12.6,1000.6,33.6,78.2,220.0,23.5,12.5,31.0,84
2025-07-16T20:00,28.5,82,0.0,11.1,999.9,31.8,75.2,189.0,19.2,11.1,36.0,84
2025-07-16T21:00,28.4,82,0.0,10.8,999.4,29.9,72.4,166.0,15.7,10.0,39.0,84
2025-07-16T22:00,28.5,81,0.0,8.0,999.5,28.5,70.8,154.0,13.8,9.2,39.0,85
2025-07-16T23:00,28.3,81,0.0,6.3,999.5,27.4,68.5,151.0,12.6,8.7,39.0,85
2025-07-17T00:00,28.1,82,0.0,6.3,999.7,26.1,66.1,168.0,10.3,8.5,42.0,85
2025-07-17T01:00,28.8,82,0.0,8.4,999.7,26.5,66.1,228.0,10.8,10.5,44.0,85
2025-07-17T02:00,29.4,76,0.0,10.2,1000.5,30.0,83.4,308.0,11.4,13.2,48.0,85
2025-07-17T03:00,29.3,77,0.1,12.9,1001.2,31.2,91.7,354.0,11.4,15.2,52.0,85
2025-07-17T04:00,29.9,76,0.2,13.0,1001.3,30.3,88.9,332.0,10.1,15.9,57.0,86
2025-07-17T05:00,30.9,70,0.0,12.9,1001.5,29.4,88.5,276.0,8.1,15.9,64.0,86
2025-07-17T06:00,31.5,67,0.0,13.0,1001.3,29.0,87.1,233.0,6.4,15.8,70.0,86
2025-07-17T07:00,31.4,68,0.1,13.3,1001.3,28.2,81.3,223.0,5.3,15.6,77.0,86
2025-07-17T08:00,31.7,67,0.2,14.6,1000.8,28.2,82.4,226.0,4.4,15.2,85.0,86
2025-07-17T09:00,31.0,71,0.2,16.5,1000.2,27.5,79.6,234.0,4.1,14.9,88.0,87
2025-07-17T10:00,30.9,72,0.1,16.2,999.9,26.7,75.0,247.0,4.4,14.6,85.0,87
2025-07-17T11:00,30.8,72,0.0,15.8,999.2,25.8,73.6,265.0,5.2,14.3,79.0,87
2025-07-17T12:00,30.2,74,0.0,14.7,999.1,28.5,83.8,281.0,6.8,14.9,73.0,87
2025-07-17T13:00,30.1,75,0.1,12.3,999.8,27.3,79.9,293.0,9.2,15.4,64.0,87
2025-07-17T14:00,29.5,78,0.0,11.9,1000.3,26.4,74.5,302.0,12.5,16.1,52.0,87
2025-07-17T15:00,29.3,78,0.0,11.4,1000.6,26.4,71.7,309.0,15.2,16.5,42.0,87
2025-07-17T16:00,29.2,77,0.0,12.0,1001.0,26.1,69.4,318.0,16.6,16.5,38.0,86
2025-07-17T17:00,29.1,77,0.0,12.4,1001.5,25.7,64.7,324.0,17.3,16.2,37.0,86
2025-07-17T18:00,29.0,77,0.0,12.0,1001.5,25.3,60.3,316.0,17.4,15.4,37.0,85
2025-07-17T19:00,29.0,76,0.0,11.5,1001.5,24.6,56.7,279.0,16.6,13.8,37.0,84
2025-07-17T20:00,28.9,77,0.0,9.6,1001.5,23.8,54.0,228.0,15.1,11.9,38.0,84
2025-07-17T21:00,28.8,77,0.0,9.7,1001.1,23.4,52.3,189.0,14.0,10.4,38.0,83
2025-07-17T22:00,28.4,79,0.0,10.2,1000.8,23.1,51.0,169.0,13.6,9.6,37.0,82
2025-07-17T23:00,28.2,80,0.0,9.0,1001.1,22.5,48.4,162.0,13.5,9.4,35.0,82
2025-07-18T00:00,28.0,81,0.0,7.6,1001.3,24.8,53.4,177.0,16.0,11.4,31.0,81
2025-07-18T01:00,28.9,77,0.0,5.9,1001.5,25.3,56.8,235.0,14.7,13.9,36.0,81
2025-07-18T02:00,29.2,74,0.0,6.1,1001.9,26.2,65.7,315.0,12.8,17.2,42.0,81
2025-07-18T03:00,30.0,69,0.0,7.9,1002.0,25.3,66.8,360.0,10.9,19.3,50.0,81
2025-07-18T04:00,31.0,64,0.0,9.1,1002.3,25.7,70.5,336.0,8.8,18.8,60.0,80
2025-07-18T05:00,32.0,59,0.0,9.5,1002.6,26.4,73.6,277.0,6.6,16.9,71.0,80
2025-07-18T06:00,32.8,56,0.0,10.7,1002.4,27.2,77.8,233.0,5.0,15.5,79.0,80
2025-07-18T07:00,33.2,55,0.0,12.3,1001.8,28.5,83.1,222.0,4.5,15.3,83.0,79
2025-07-18T08:00,33.2,55,0.0,14.0,1001.2,29.6,87.1,225.0,4.6,15.5,84.0,79
2025-07-18T09:00,32.7,57,0.0,14.7,1000.4,30.3,87.1,233.0,4.9,15.7,83.0,80
2025-07-18T10:00,32.2,60,0.0,14.7,999.9,29.8,83.8,248.0,5.2,15.8,81.0,80
2025-07-18T11:00,31.8,62,0.0,14.0,999.7,28.8,81.0,269.0,5.8,15.9,78.0,80
2025-07-18T12:00,31.4,64,0.0,13.4,999.3,30.5,84.8,284.0,7.1,17.3,82.0,80
2025-07-18T13:00,31.0,66,0.0,12.7,999.7,27.6,80.1,289.0,9.5,16.4,71.0,81
2025-07-18T14:00,30.4,70,0.0,11.9,1000.1,25.1,73.1,288.0,12.7,15.1,55.0,81
2025-07-18T15:00,29.9,74,0.0,11.3,1000.3,23.9,66.8,278.0,14.6,14.0,44.0,80
2025-07-18T16:00,29.6,75,0.0,11.4,1000.7,23.7,66.6,254.0,14.1,13.4,42.0,80
2025-07-18T17:00,29.3,77,0.0,11.5,1000.8,24.2,68.0,222.0,12.3,13.0,44.0,80
2025-07-18T18:00,29.1,78,0.0,12.4,1000.7,23.9,64.5,193.0,10.6,12.3,46.0,80
2025-07-18T19:00,29.0,78,0.0,14.1,1000.3,23.5,60.8,172.0,9.5,11.1,47.0,80
2025-07-18T20:00,28.9,79,0.0,13.0,999.8,21.0,50.8,154.0,8.5,9.6,47.0,80
2025-07-18T21:00,28.9,78,0.0,13.7,998.9,20.0,46.9,140.0,7.8,8.6,47.0,79
2025-07-18T22:00,28.6,80,0.0,14.4,998.5,20.3,48.4,125.0,7.3,8.2,46.0,79
2025-07-18T23:00,28.4,83,0.1,13.4,998.6,19.9,45.8,115.0,7.0,8.2,46.0,79
2025-07-19T00:00,28.1,85,0.1,13.2,998.5,21.2,52.2,125.0,7.2,10.3,47.0,79
2025-07-19T01:00,29.0,80,0.0,12.8,998.7,21.5,55.4,176.0,8.2,11.0,47.0,78
2025-07-19T02:00,29.0,79,0.0,13.6,999.3,22.2,58.0,248.0,9.4,12.0,47.0,78
2025-07-19T03:00,29.6,75,0.0,15.0,999.7,23.9,63.6,291.0,9.8,13.0,50.0,78
2025-07-19T04:00,30.6,71,0.0,13.5,999.6,27.8,78.9,276.0,8.5,14.0,60.0,78
2025-07-19T05:00,31.8,65,0.0,14.6,999.3,28.2,80.6,232.0,6.4,15.0,73.0,78
2025-07-19T06:00,32.4,63,0.0,14.8,998.7,30.6,88.9,199.0,4.9,15.7,82.0,78
2025-07-19T07:00,32.8,62,0.0,16.2,998.0,31.9,92.0,191.0,4.5,15.9,85.0,78
2025-07-19T08:00,32.9,62,0.0,16.9,997.2,31.4,88.9,194.0,4.6,15.8,84.0,78
2025-07-19T09:00,33.0,61,0.0,16.9,996.4,29.7,82.4,204.0,5.3,15.5,80.0,79
2025-07-19T10:00,32.8,62,0.0,17.1,996.0,27.8,77.5,228.0,6.7,15.1,72.0,79
2025-07-19T11:00,31.3,68,0.0,16.9,995.6,26.4,72.9,259.0,8.7,14.6,61.0,78
2025-07-19T12:00,31.0,68,0.0,17.3,995.4,26.4,72.2,277.0,10.1,15.6,55.0,78
2025-07-19T13:00,30.1,72,0.0,18.0,995.9,25.8,68.9,272.0,11.1,14.7,52.0,78
2025-07-19T14:00,29.9,74,0.0,16.1,996.0,25.5,66.1,253.0,12.4,13.4,49.0,78
2025-07-19T15:00,29.6,76,0.1,18.3,995.9,25.4,65.4,234.0,13.1,12.3,46.0,78
2025-07-19T16:00,29.2,79,0.0,17.8,996.4,24.0,57.7,217.0,12.6,11.7,46.0,78
2025-07-19T17:00,29.0,80,0.1,16.1,997.9,23.5,57.9,200.0,11.5,11.3,47.0,78
2025-07-19T18:00,28.9,81,0.1,16.5,997.8,23.1,55.3,184.0,10.5,10.9,48.0,78
2025-07-19T19:00,28.7,82,0.0,14.7,997.7,24.3,58.0,171.0,9.9,10.3,48.0,78
2025-07-19T20:00,28.6,82,0.0,15.4,997.2,23.7,55.6,159.0,9.5,9.7,47.0,78
2025-07-19T21:00,28.4,84,0.0,15.2,996.5,22.3,51.5,151.0,9.1,9.1,46.0,78
2025-07-19T22:00,28.1,85,0.0,15.4,996.4,21.1,48.3,139.0,8.4,8.4,46.0,78
2025-07-19T23:00,28.1,86,0.0,13.6,996.5,20.8,49.1,130.0,7.7,7.9,45.0,78
2025-07-20T00:00,28.0,86,0.0,13.5,996.4,19.3,43.0,146.0,9.0,8.6,43.0,78
2025-07-20T01:00,28.5,84,0.0,10.6,996.5,19.8,46.0,217.0,9.7,9.4,44.0,78
2025-07-20T02:00,28.8,82,0.0,11.9,997.0,22.1,55.4,313.0,10.7,10.6,46.0,78
2025-07-20T03:00,29.0,80,0.0,13.2,997.0,24.7,64.0,370.0,11.0,11.8,49.0,78
2025-07-20T04:00,29.5,77,0.0,13.5,997.4,26.9,73.6,348.0,9.9,13.2,55.0,78
2025-07-20T05:00,30.0,73,0.0,13.7,997.4,28.6,80.1,286.0,8.1,14.6,61.0,78
2025-07-20T06:00,30.8,69,0.0,14.2,997.2,28.5,79.2,238.0,6.9,15.8,66.0,78
2025-07-20T07:00,31.2,67,0.0,13.5,996.8,28.8,79.2,226.0,6.7,16.4,67.0,78
2025-07-20T08:00,32.1,62,0.0,13.6,996.2,29.2,80.3,228.0,6.9,16.8,67.0,78
2025-07-20T09:00,31.9,63,0.0,13.4,995.5,29.6,82.2,236.0,7.5,17.1,65.0,77
2025-07-20T10:00,31.2,67,0.0,13.8,995.3,29.6,82.7,251.0,8.2,17.6,62.0,77
2025-07-20T11:00,31.4,66,0.0,13.0,995.1,28.9,81.3,272.0,9.2,18.0,59.0,78
2025-07-20T12:00,30.5,70,0.0,13.5,995.0,28.5,78.5,291.0,11.5,19.8,55.0,78
2025-07-20T13:00,30.4,73,0.0,12.0,995.4,27.5,76.6,305.0,13.2,19.1,51.0,78
2025-07-20T14:00,30.1,74,0.0,11.7,996.0,26.5,72.4,317.0,15.6,18.0,45.0,78
2025-07-20T15:00,29.8,76,0.0,12.9,996.3,24.8,63.3,321.0,17.4,16.9,40.0,78
2025-07-20T16:00,29.5,78,0.0,11.9,996.7,24.4,57.4,316.0,18.4,15.9,38.0,78
2025-07-20T17:00,29.4,79,0.0,11.7,997.4,23.9,54.6,303.0,18.8,14.9,38.0,78
2025-07-20T18:00,29.3,80,0.0,11.6,998.0,23.8,53.1,281.0,18.4,13.9,39.0,78
2025-07-20T19:00,29.0,82,0.0,11.6,998.1,23.5,52.5,244.0,16.6,12.7,41.0,78
2025-07-20T20:00,28.9,83,0.0,11.6,998.0,23.0,52.4,198.0,13.9,11.4,44.0,78
2025-07-20T21:00,28.5,86,0.2,11.8,997.5,24.7,58.1,164.0,11.7,10.3,46.0,78
2025-07-20T22:00,27.9,91,1.0,11.4,997.3,23.3,52.7,146.0,10.4,9.4,46.0,78
2025-07-20T23:00,27.6,93,0.4,10.4,997.6,21.7,48.3,141.0,9.5,8.6,45.0,79
2025-07-21T00:00,27.6,93,0.0,8.8,998.0,20.8,45.8,157.0,11.7,9.2,39.0,79
2025-07-21T01:00,28.9,81,0.0,9.7,997.6,21.5,46.8,215.0,13.0,11.0,40.0,79
2025-07-21T02:00,29.1,80,0.0,9.4,998.3,23.7,50.8,293.0,14.6,13.6,41.0,79
2025-07-21T03:00,29.9,74,0.0,9.8,998.5,25.0,59.4,341.0,15.1,15.7,44.0,79
2025-07-21T04:00,30.5,71,0.0,10.3,998.9,25.7,63.1,326.0,13.5,16.9,51.0,79
2025-07-21T05:00,31.1,68,0.1,10.6,999.2,28.9,69.2,280.0,10.8,17.7,60.0,79
2025-07-21T06:00,31.9,66,0.1,11.4,999.1,29.8,73.6,246.0,8.5,18.0,68.0,79
2025-07-21T07:00,32.0,66,0.0,12.9,998.5,31.7,78.9,240.0,6.9,17.6,74.0,79
2025-07-21T08:00,32.2,65,0.0,13.5,998.1,34.3,85.4,245.0,5.6,16.7,79.0,79
2025-07-21T09:00,32.0,66,0.0,16.1,997.6,33.1,83.4,255.0,5.0,16.0,82.0,80
2025-07-21T10:00,31.6,66,0.0,16.3,997.4,32.6,81.3,268.0,5.1,15.8,81.0,80
2025-07-21T11:00,31.5,66,0.0,15.1,997.4,31.5,79.4,284.0,6.0,15.7,78.0,80
2025-07-21T12:00,31.0,68,0.0,14.8,997.5,37.3,97.8,300.0,8.3,17.5,82.0,81
2025-07-21T13:00,30.6,72,0.0,11.7,997.9,36.1,95.0,313.0,13.4,17.3,69.0,81
2025-07-21T14:00,30.0,76,0.0,11.2,998.4,33.9,86.4,325.0,20.3,17.0,52.0,82
2025-07-21T15:00,29.7,78,0.0,10.9,998.8,32.0,71.0,334.0,25.2,16.4,39.0,83
2025-07-21T16:00,29.5,80,0.0,10.4,999.5,30.9,66.8,344.0,26.2,15.5,34.0,84
2025-07-21T17:00,29.4,81,0.0,9.3,1000.0,30.4,64.5,350.0,25.1,14.3,34.0,84
2025-07-21T18:00,29.2,82,0.0,9.4,1000.0,30.0,62.4,337.0,23.2,13.1,35.0,85
2025-07-21T19:00,29.1,82,0.0,9.9,1000.1,29.1,60.5,286.0,20.3,11.8,37.0,85
2025-07-21T20:00,29.0,83,0.0,10.2,999.8,27.8,58.0,216.0,16.6,10.4,40.0,86
2025-07-21T21:00,28.9,83,0.0,11.0,999.6,26.6,55.5,164.0,13.6,9.4,43.0,86
2025-07-21T22:00,28.5,85,0.0,11.1,999.5,25.4,53.2,142.0,11.9,8.8,43.0,86
2025-07-21T23:00,28.5,85,0.0,10.7,999.8,24.3,50.1,138.0,10.8,8.5,43.0,87
2025-07-22T00:00,28.4,85,0.0,10.7,1000.1,23.7,49.2,152.0,10.1,8.8,44.0,87
2025-07-22T01:00,29.0,83,0.0,10.5,999.7,23.5,49.2,199.0,10.4,10.2,45.0,87
2025-07-22T02:00,29.1,81,0.0,10.6,1000.4,24.8,55.5,264.0,10.8,12.2,48.0,87
2025-07-22T03:00,29.5,79,0.1,10.9,1000.7,24.7,57.9,304.0,10.5,13.8,52.0,87
2025-07-22T04:00,30.4,74,0.1,11.8,1001.0,25.8,65.0,293.0,8.8,14.6,60.0,87
2025-07-22T05:00,31.2,70,0.0,12.7,1000.9,28.1,72.4,257.0,6.5,14.9,71.0,87
2025-07-22T06:00,31.8,66,0.0,13.5,1000.5,32.4,85.7,228.0,4.7,14.9,79.0,87
2025-07-22T07:00,31.9,65,0.0,13.6,1000.0,30.2,78.9,219.0,3.9,14.3,83.0,87
2025-07-22T08:00,32.5,62,0.0,14.4,999.2,28.8,75.2,217.0,3.7,13.3,84.0,87
2025-07-22T09:00,32.6,62,0.0,15.4,998.4,30.5,82.0,222.0,3.9,12.5,83.0,87
2025-07-22T10:00,32.1,64,0.0,15.9,997.7,27.5,72.9,239.0,4.4,12.1,79.0,87
2025-07-22T11:00,31.7,66,0.0,16.6,997.2,27.4,73.3,263.0,5.2,11.8,71.0,86
2025-07-22T12:00,30.9,70,0.0,16.7,996.8,31.2,86.4,278.0,6.9,13.7,72.0,86
2025-07-22T13:00,30.9,69,0.0,14.2,997.4,30.0,82.7,275.0,10.8,13.4,62.0,85
2025-07-22T14:00,30.2,72,0.0,16.1,997.5,29.3,78.9,263.0,16.1,13.0,49.0,85
2025-07-22T15:00,29.6,76,0.0,16.2,998.0,28.6,67.5,251.0,19.2,12.4,40.0,84
2025-07-22T16:00,29.5,77,0.1,17.1,998.5,28.2,65.4,243.0,18.4,11.4,39.0,84
2025-07-22T17:00,29.5,76,0.1,17.5,999.0,26.4,60.1,235.0,15.4,10.1,43.0,84
2025-07-22T18:00,29.2,77,0.0,17.8,999.3,24.6,55.8,221.0,12.5,8.9,46.0,83
2025-07-22T19:00,28.6,82,0.1,17.9,999.3,22.7,51.2,195.0,10.2,7.9,48.0,83
2025-07-22T20:00,28.4,84,0.1,19.3,998.9,21.5,49.2,163.0,8.0,6.9,51.0,82
2025-07-22T21:00,28.4,84,0.0,18.0,998.3,21.0,48.8,140.0,6.3,6.3,53.0,82
2025-07-22T22:00,28.2,84,0.0,17.2,997.9,20.6,48.4,128.0,5.3,6.0,54.0,81
2025-07-22T23:00,28.2,84,0.0,16.9,997.5,20.1,48.1,126.0,4.7,6.0,55.0,81
2025-07-23T00:00,28.2,82,0.0,16.6,997.2,21.0,50.8,139.0,4.7,6.3,55.0,80
2025-07-23T01:00,28.8,79,0.0,15.0,997.1,20.9,51.2,184.0,6.0,7.1,55.0,80
2025-07-23T02:00,28.6,80,0.0,16.8,997.3,22.5,57.4,245.0,7.7,8.3,54.0,80
2025-07-23T03:00,29.5,74,0.1,19.0,997.6,24.3,65.0,284.0,8.5,9.3,56.0,80
2025-07-23T04:00,30.2,71,0.1,19.2,997.6,25.4,69.8,277.0,7.6,10.0,61.0,80
2025-07-23T05:00,30.5,71,0.1,19.1,997.8,26.4,73.6,247.0,5.9,10.6,68.0,80
2025-07-23T06:00,30.5,71,0.1,19.4,997.5,26.1,72.9,224.0,4.5,10.9,73.0,80
2025-07-23T07:00,30.2,73,0.1,19.7,996.9,26.1,73.1,218.0,3.9,10.7,75.0,79
2025-07-23T08:00,30.4,73,0.1,20.3,996.0,26.7,76.1,219.0,3.6,10.2,75.0,79
2025-07-23T09:00,30.5,73,0.3,20.4,995.1,26.8,74.7,225.0,3.7,9.8,74.0,78
2025-07-23T10:00,30.6,72,0.1,20.8,994.8,26.9,74.5,239.0,4.1,9.7,71.0,78
2025-07-23T11:00,30.8,71,0.1,21.5,994.1,25.6,69.2,259.0,4.9,9.6,66.0,78
2025-07-23T12:00,30.2,73,0.1,20.7,993.6,25.0,67.3,272.0,6.8,10.1,62.0,78
2025-07-23T13:00,30.0,74,0.1,19.5,994.1,24.6,65.4,274.0,10.3,10.1,56.0,77
2025-07-23T14:00,29.5,78,0.2,18.4,994.6,23.6,54.1,269.0,15.2,10.2,48.0,77
2025-07-23T15:00,29.1,80,0.0,18.1,994.8,24.0,53.2,262.0,18.1,10.1,42.0,76
2025-07-23T16:00,28.9,82,0.0,16.9,995.5,24.0,53.3,255.0,17.5,9.8,42.0,76
2025-07-23T17:00,28.8,83,0.0,16.1,996.4,22.5,48.9,246.0,15.1,9.4,44.0,76
2025-07-23T18:00,28.5,85,0.1,15.9,996.5,21.5,47.7,231.0,12.7,8.8,47.0,75
2025-07-23T19:00,28.4,85,0.1,16.3,996.2,20.7,46.3,206.0,10.7,8.0,49.0,75
2025-07-23T20:00,28.0,87,0.1,15.4,995.9,19.6,43.7,176.0,8.7,7.0,51.0,75
2025-07-23T21:00,28.0,87,0.1,14.7,995.4,19.0,42.8,154.0,7.1,6.4,52.0,75
2025-07-23T22:00,27.8,88,0.3,14.5,994.9,19.0,43.3,140.0,6.1,6.2,53.0,74
2025-07-23T23:00,27.7,89,0.1,14.1,994.9,19.6,45.8,134.0,5.6,6.3,53.0,74
2025-07-24T00:00,27.8,88,0.1,13.8,995.0,19.0,40.7,148.0,5.9,6.2,52.0,74
2025-07-24T01:00,28.4,85,0.2,13.5,995.0,19.9,44.6,202.0,7.3,7.4,52.0,74
2025-07-24T02:00,28.8,82,0.0,12.6,995.5,21.9,50.4,275.0,9.1,9.1,52.0,74
2025-07-24T03:00,29.5,76,0.0,14.0,995.8,24.2,60.8,320.0,9.9,10.5,55.0,74
2025-07-24T04:00,30.2,73,0.2,15.2,996.4,25.8,68.2,308.0,8.6,11.4,62.0,74
2025-07-24T05:00,30.5,71,0.2,15.9,996.7,28.1,75.0,267.0,6.2,12.0,72.0,74
2025-07-24T06:00,30.9,69,0.2,16.6,996.4,30.9,83.4,235.0,4.3,12.4,80.0,74
2025-07-24T07:00,31.3,68,0.0,16.2,996.2,32.0,85.2,224.0,3.6,12.5,84.0,75
2025-07-24T08:00,32.0,64,0.0,15.9,995.4,31.2,82.9,222.0,3.5,12.3,86.0,75
2025-07-24T09:00,32.0,65,0.0,15.3,994.6,31.0,81.0,228.0,3.7,12.2,86.0,75
2025-07-24T10:00,31.6,67,0.0,15.4,993.9,31.1,82.2,245.0,3.9,12.2,82.0,76
2025-07-24T11:00,31.2,68,0.0,15.2,993.6,30.4,79.6,270.0,4.6,12.3,76.0,76
2025-07-24T12:00,30.8,69,0.0,13.8,993.4,32.7,85.7,291.0,6.4,13.7,76.0,77
2025-07-24T13:00,30.5,70,0.0,12.0,993.9,30.0,78.0,306.0,9.7,13.7,67.0,77
2025-07-24T14:00,30.0,74,0.1,12.8,994.3,28.3,71.2,318.0,14.3,13.7,54.0,78
2025-07-24T15:00,29.4,77,0.0,13.3,994.8,28.3,66.8,323.0,17.9,13.5,44.0,78
2025-07-24T16:00,29.1,78,0.0,13.4,995.4,27.0,57.0,320.0,19.8,13.2,40.0,79
2025-07-24T17:00,29.1,80,0.1,12.9,996.5,26.1,55.1,309.0,20.7,12.8,39.0,79
2025-07-24T18:00,28.7,82,0.0,13.4,996.7,25.5,53.0,290.0,20.5,12.1,39.0,79
2025-07-24T19:00,28.4,84,0.0,12.7,996.4,24.6,51.2,257.0,18.5,11.0,41.0,80
2025-07-24T20:00,28.1,86,0.0,11.0,996.1,23.3,48.1,215.0,15.4,9.6,43.0,80
2025-07-24T21:00,28.0,87,0.0,10.8,995.7,21.9,44.9,183.0,12.6,8.5,46.0,80
2025-07-24T22:00,27.7,88,0.0,9.7,995.3,20.7,42.3,162.0,10.6,7.9,48.0,80
2025-07-24T23:00,27.5,89,0.0,10.4,995.2,19.8,40.6,151.0,8.9,7.6,49.0,81
2025-07-25T00:00,27.5,89,0.0,10.1,995.6,19.6,40.4,163.0,8.9,8.0,50.0,81
2025-07-25T01:00,28.1,88,0.0,8.5,995.4,19.7,41.6,221.0,9.9,9.3,50.0,81
2025-07-25T02:00,28.5,85,0.0,9.4,995.9,21.4,50.1,302.0,11.2,11.1,51.0,81
2025-07-25T03:00,29.4,79,0.0,11.3,996.1,22.4,55.1,349.0,11.5,12.8,55.0,81
2025-07-25T04:00,30.4,73,0.1,12.4,996.5,23.2,61.2,329.0,9.8,14.2,65.0,80
2025-07-25T05:00,31.0,69,0.1,13.5,997.0,25.0,69.2,275.0,7.2,15.4,77.0,80
2025-07-25T06:00,31.3,68,0.1,14.9,996.7,26.1,74.5,235.0,5.2,16.0,86.0,80
2025-07-25T07:00,31.7,66,0.1,15.1,996.6,26.4,77.1,228.0,4.5,15.5,88.0,80
2025-07-25T08:00,32.0,64,0.0,14.4,996.1,26.3,78.7,235.0,4.4,14.4,85.0,79
2025-07-25T09:00,32.1,64,0.0,15.0,995.4,26.0,79.9,246.0,4.6,13.4,82.0,79
2025-07-25T10:00,31.6,67,0.0,15.6,995.0,26.5,82.7,260.0,5.1,12.8,78.0,78
2025-07-25T11:00,31.5,67,0.0,16.0,994.5,25.6,82.0,277.0,5.8,12.3,72.0,78
2025-07-25T12:00,30.8,70,0.0,16.0,994.3,29.5,98.0,287.0,6.3,13.1,71.0,77
2025-07-25T13:00,30.3,72,0.0,13.6,995.1,28.1,94.5,284.0,9.3,13.0,64.0,77
2025-07-25T14:00,30.0,73,0.1,14.5,995.3,27.1,90.3,274.0,13.3,12.8,55.0,77
2025-07-25T15:00,29.5,78,0.1,15.3,995.6,25.6,74.3,266.0,16.1,12.4,48.0,77
2025-07-25T16:00,29.2,79,0.0,14.3,996.6,25.2,67.3,266.0,16.6,11.8,47.0,77
2025-07-25T17:00,29.1,80,0.0,12.0,997.5,24.8,63.3,267.0,16.0,10.9,48.0,76
2025-07-25T18:00,29.0,79,0.0,14.0,997.4,23.7,57.3,259.0,14.8,10.1,50.0,76
2025-07-25T19:00,28.6,82,0.1,15.1,997.3,22.8,54.1,232.0,13.1,9.2,51.0,76
2025-07-25T20:00,28.4,84,0.1,13.5,997.3,23.6,58.3,196.0,11.0,8.3,53.0,76
2025-07-25T21:00,28.1,85,0.0,13.0,996.8,22.5,54.7,169.0,9.3,7.8,54.0,76
2025-07-25T22:00,27.9,87,0.1,12.6,996.6,21.7,51.9,153.0,8.2,7.7,54.0,76
2025-07-25T23:00,27.6,88,0.0,11.2,996.5,21.4,51.7,145.0,7.6,7.9,54.0,76
2025-07-26T00:00,27.5,89,0.0,10.9,996.6,20.9,50.6,159.0,7.5,8.3,56.0,76
2025-07-26T01:00,28.7,80,0.0,9.9,996.5,21.1,53.7,216.0,9.5,9.9,55.0,76
2025-07-26T02:00,28.9,80,0.0,10.7,997.0,22.9,61.7,293.0,12.2,12.1,55.0,76
2025-07-26T03:00,29.8,75,0.0,13.1,997.2,24.7,69.8,338.0,13.4,13.9,57.0,77
2025-07-26T04:00,30.8,70,0.0,15.3,997.3,26.4,79.6,316.0,11.9,14.9,64.0,77
2025-07-26T05:00,31.2,68,0.1,15.8,997.3,27.8,85.9,262.0,8.9,15.5,73.0,77
2025-07-26T06:00,31.9,66,0.1,16.8,997.5,28.8,89.4,220.0,6.4,15.5,81.0,77
2025-07-26T07:00,31.5,68,0.1,18.1,997.3,29.9,91.7,210.0,4.9,14.6,87.0,78
2025-07-26T08:00,31.8,67,0.1,18.9,996.8,29.2,87.1,213.0,3.9,13.2,91.0,78
2025-07-26T09:00,32.0,66,0.0,18.6,995.9,28.8,86.1,221.0,3.5,12.1,92.0,78
2025-07-26T10:00,31.5,68,0.2,18.9,995.4,27.6,81.7,234.0,3.9,11.5,87.0,78
2025-07-26T11:00,31.0,70,0.1,17.4,995.1,25.8,75.9,251.0,5.0,11.2,78.0,79
2025-07-26T12:00,31.0,69,0.0,18.4,994.8,30.9,92.0,264.0,6.1,11.3,72.0,79
2025-07-26T13:00,29.9,71,0.0,17.1,996.1,30.2,88.0,269.0,8.7,11.5,66.0,79
2025-07-26T14:00,29.2,73,0.0,16.8,996.1,29.7,83.6,269.0,12.2,11.7,57.0,79
2025-07-26T15:00,28.8,77,0.0,16.8,996.7,29.3,75.4,264.0,14.7,11.8,51.0,79
2025-07-26T16:00,28.9,77,0.0,16.2,997.4,29.0,71.7,252.0,15.5,11.6,49.0,79
2025-07-26T17:00,28.8,77,0.0,15.1,997.8,29.1,71.2,235.0,15.2,11.3,49.0,80
2025-07-26T18:00,28.8,77,0.0,13.5,997.8,29.3,71.9,216.0,14.5,10.9,50.0,80
2025-07-26T19:00,28.5,78,0.0,14.8,997.7,29.3,72.9,193.0,13.1,10.2,51.0,81
2025-07-26T20:00,28.3,80,0.0,12.4,997.5,36.7,98.0,168.0,11.3,9.4,52.0,81
2025-07-26T21:00,28.0,82,0.0,12.7,996.9,30.6,75.9,152.0,9.6,8.8,54.0,82
2025-07-26T22:00,27.9,83,0.0,12.4,996.6,29.4,72.6,146.0,8.2,8.3,55.0,83
2025-07-26T23:00,27.8,83,0.0,12.6,996.5,27.6,68.0,149.0,7.1,8.0,57.0,84
2025-07-27T00:00,27.8,84,0.0,11.2,996.8,21.0,49.2,164.0,5.0,7.2,62.0,84
2025-07-27T01:00,28.5,80,0.0,12.1,996.7,21.7,53.0,204.0,7.0,8.5,61.0,84
2025-07-27T02:00,28.9,78,0.0,14.1,997.3,23.4,62.2,256.0,9.7,10.3,59.0,84
2025-07-27T03:00,29.5,74,0.0,17.4,997.3,23.9,63.8,286.0,11.2,11.8,60.0,84
2025-07-27T04:00,30.1,71,0.0,16.9,997.5,24.3,67.3,273.0,10.2,12.9,65.0,84
2025-07-27T05:00,31.0,66,0.0,16.5,997.4,23.8,65.9,238.0,7.9,13.6,72.0,84
2025-07-27T06:00,31.5,65,0.0,17.0,997.6,24.2,68.2,212.0,6.0,13.9,78.0,84
2025-07-27T07:00,31.4,65,0.0,16.7,997.4,24.3,68.0,206.0,4.8,13.3,82.0,83
2025-07-27T08:00,31.4,65,0.0,17.6,996.9,24.6,68.0,209.0,3.8,12.1,85.0,83
2025-07-27T09:00,30.5,70,0.2,19.4,996.5,24.8,69.2,217.0,3.7,11.3,85.0,82
2025-07-27T10:00,30.4,71,0.0,18.9,996.0,24.3,66.6,233.0,4.8,11.3,80.0,82
2025-07-27T11:00,30.7,68,0.0,18.9,995.8,23.8,65.7,254.0,6.6,11.6,72.0,82
2025-07-27T12:00,29.9,72,0.2,18.7,995.9,26.5,69.6,268.0,7.1,12.9,72.0,82
2025-07-27T13:00,29.8,75,0.2,17.8,996.5,26.9,71.7,270.0,9.2,13.0,66.0,81
2025-07-27T14:00,29.0,79,0.0,15.8,997.0,29.3,78.0,265.0,12.2,13.1,58.0,81
2025-07-27T15:00,28.6,81,0.0,15.3,997.7,27.2,68.5,258.0,14.6,13.1,52.0,81
2025-07-27T16:00,28.6,81,0.0,13.2,998.1,26.8,63.6,253.0,16.1,12.9,48.0,81
2025-07-27T17:00,28.6,80,0.0,13.6,998.4,27.4,63.8,245.0,17.1,12.5,46.0,81
2025-07-27T18:00,28.5,79,0.0,13.5,998.4,26.1,61.0,232.0,16.8,11.9,46.0,80
2025-07-27T19:00,28.4,80,0.0,14.2,998.2,24.3,58.8,207.0,14.5,11.0,48.0,80
2025-07-27T20:00,28.0,83,0.0,14.9,998.1,22.8,56.6,176.0,11.1,9.9,52.0,80
2025-07-27T21:00,27.9,84,0.0,15.6,997.4,24.3,64.5,152.0,8.3,9.0,55.0,78
2025-07-27T22:00,28.0,82,0.0,14.5,997.0,21.5,58.1,136.0,6.6,8.4,57.0,78
2025-07-27T23:00,28.0,81,0.0,15.0,997.0,20.2,56.8,128.0,5.6,7.9,58.0,77
2025-07-28T00:00,27.9,82,0.0,15.3,997.2,18.6,52.5,137.0,5.6,7.7,58.0,77
2025-07-28T01:00,28.5,79,0.0,14.1,997.8,21.3,68.0,180.0,6.9,8.3,57.0,76
2025-07-28T02:00,28.5,78,0.0,16.1,998.2,19.8,70.8,241.0,8.7,9.2,57.0,76
2025-07-28T03:00,29.0,75,0.0,17.3,998.2,20.0,68.0,277.0,9.5,10.0,58.0,76
2025-07-28T04:00,29.9,69,0.0,19.4,998.5,20.4,70.5,264.0,8.3,10.6,63.0,76
2025-07-28T05:00,30.9,64,0.0,19.6,998.5,21.9,75.0,226.0,6.1,11.2,70.0,75
2025-07-28T06:00,30.6,67,0.0,19.7,998.3,22.4,75.9,199.0,4.4,11.4,76.0,75
2025-07-28T07:00,30.9,66,0.1,20.0,998.0,22.5,74.0,194.0,3.6,11.1,79.0,75
2025-07-28T08:00,31.4,64,0.0,20.7,997.6,22.9,73.1,200.0,3.3,10.5,80.0,75
2025-07-28T09:00,30.9,68,0.0,20.3,997.0,23.1,72.2,211.0,3.4,9.9,79.0,75
2025-07-28T10:00,31.0,66,0.0,20.2,996.6,23.0,72.6,231.0,4.0,9.6,75.0,74
2025-07-28T11:00,30.6,69,0.0,21.1,996.1,22.2,71.5,258.0,5.1,9.3,69.0,74
2025-07-28T12:00,30.0,73,0.0,20.7,996.1,24.3,79.4,275.0,6.3,10.1,64.0,74
2025-07-28T13:00,29.7,73,0.0,17.8,996.6,24.4,79.6,276.0,8.2,10.0,60.0,74
2025-07-28T14:00,29.1,77,0.1,17.6,997.2,23.8,75.7,269.0,10.9,9.9,53.0,74
2025-07-28T15:00,29.0,78,0.0,16.1,997.5,23.5,71.9,260.0,12.7,9.8,49.0,73
2025-07-28T16:00,28.9,80,0.0,14.1,998.5,23.7,69.2,256.0,13.2,9.8,48.0,73
2025-07-28T17:00,28.8,80,0.0,15.5,998.6,23.5,66.6,250.0,12.9,9.7,49.0,73
2025-07-28T18:00,28.5,82,0.0,16.2,998.9,23.0,63.8,237.0,12.0,9.5,50.0,72
2025-07-28T19:00,28.2,83,0.0,15.2,998.8,22.7,62.2,207.0,10.4,8.9,51.0,72
2025-07-28T20:00,28.0,84,0.0,15.8,998.6,21.1,57.6,170.0,8.2,8.0,53.0,72
2025-07-28T21:00,28.0,84,0.0,15.8,998.0,19.5,53.4,141.0,6.4,7.3,55.0,72
2025-07-28T22:00,27.9,84,0.0,16.2,997.8,18.0,49.7,124.0,5.3,6.8,56.0,71
2025-07-28T23:00,27.8,84,0.0,16.8,997.8,17.1,46.6,116.0,4.5,6.4,57.0,71
2025-07-29T00:00,27.8,84,0.0,16.8,997.8,17.0,47.0,125.0,4.7,6.5,57.0,71
2025-07-29T01:00,28.4,82,0.0,16.3,998.3,16.8,45.9,166.0,5.9,7.1,56.0,71
2025-07-29T02:00,28.6,81,0.0,19.2,998.3,17.9,49.1,223.0,7.5,7.8,55.0,70
2025-07-29T03:00,29.3,75,0.0,21.8,998.6,19.6,54.2,257.0,8.3,8.5,56.0,70
2025-07-29T04:00,30.0,71,0.0,22.7,998.6,21.0,60.1,245.0,7.4,9.0,60.0,70
2025-07-29T05:00,30.5,67,0.0,23.3,998.7,21.7,61.2,211.0,5.6,9.4,65.0,70
2025-07-29T06:00,31.0,65,0.0,24.1,998.7,21.7,59.8,185.0,4.2,9.5,69.0,70
2025-07-29T07:00,30.9,67,0.1,23.5,998.5,22.0,60.1,180.0,3.4,9.1,72.0,70
2025-07-29T08:00,31.2,64,0.0,24.2,997.9,21.4,58.2,183.0,2.9,8.5,74.0,70
2025-07-29T09:00,31.4,64,0.0,23.5,996.9,20.8,58.0,191.0,2.9,8.1,74.0,70
2025-07-29T10:00,31.0,66,0.0,23.6,996.4,20.7,58.6,205.0,3.3,8.2,72.0,70
2025-07-29T11:00,30.5,69,0.0,23.3,995.9,19.8,56.1,225.0,4.1,8.4,68.0,69
2025-07-29T12:00,30.2,71,0.0,23.0,995.9,21.8,61.0,239.0,5.4,9.1,65.0,69
2025-07-29T13:00,29.5,75,0.0,21.6,996.2,20.4,54.0,245.0,7.9,8.9,60.0,69
2025-07-29T14:00,28.9,77,0.0,20.4,996.4,20.2,49.9,246.0,11.3,8.7,54.0,69
2025-07-29T15:00,28.5,81,0.1,18.8,997.2,19.7,43.9,245.0,13.6,8.6,49.0,68
2025-07-29T16:00,28.2,83,0.1,19.1,997.8,20.9,46.0,246.0,13.9,8.9,48.0,68
2025-07-29T17:00,27.8,86,0.0,14.9,998.5,23.9,53.9,244.0,13.1,9.4,49.0,68
2025-07-29T18:00,27.9,85,0.0,14.3,998.7,22.4,48.8,234.0,12.0,9.6,50.0,68
2025-07-29T19:00,27.8,86,0.0,15.0,998.5,22.0,48.0,207.0,10.5,9.2,51.0,68
2025-07-29T20:00,27.6,87,0.0,14.8,997.7,21.4,47.8,171.0,8.7,8.6,53.0,68
2025-07-29T21:00,27.5,88,0.0,15.3,996.8,20.9,48.7,144.0,7.2,8.0,54.0,68
2025-07-29T22:00,27.5,87,0.0,16.1,996.5,20.7,50.4,128.0,6.1,7.4,55.0,68
2025-07-29T23:00,27.4,88,0.0,16.7,996.3,20.6,51.8,119.0,5.3,6.9,55.0,68
2025-07-30T00:00,27.4,87,0.0,16.6,996.2,20.7,53.2,128.0,5.2,6.7,55.0,68
2025-07-30T01:00,28.0,82,0.0,18.6,995.9,20.9,53.4,169.0,6.4,6.9,54.0,69
2025-07-30T02:00,28.2,80,0.0,19.5,996.5,22.6,60.3,227.0,8.3,7.4,53.0,69
2025-07-30T03:00,28.9,76,0.1,21.0,996.8,23.1,60.8,262.0,9.2,8.1,53.0,69
2025-07-30T04:00,29.8,72,0.0,20.4,997.2,24.1,65.7,251.0,8.3,9.0,57.0,70
2025-07-30T05:00,30.2,69,0.0,21.1,997.3,24.1,66.6,218.0,6.4,10.0,63.0,70
2025-07-30T06:00,30.2,70,0.1,21.0,997.2,24.7,68.9,195.0,4.9,10.8,68.0,70
2025-07-30T07:00,30.9,68,0.0,20.4,996.9,25.1,70.1,194.0,4.1,11.1,73.0,71
2025-07-30T08:00,31.1,67,0.0,19.7,996.4,25.7,71.5,203.0,3.7,11.1,78.0,71
2025-07-30T09:00,30.5,70,0.1,19.0,995.9,26.4,72.9,216.0,3.8,11.1,80.0,71
2025-07-30T10:00,30.1,72,0.0,18.2,995.6,26.3,73.6,232.0,4.1,11.3,79.0,72
2025-07-30T11:00,30.1,72,0.0,18.0,995.1,27.3,79.2,252.0,4.8,11.5,75.0,72
2025-07-30T12:00,29.7,74,0.1,19.5,994.8,27.4,83.6,270.0,7.6,11.9,65.0,73
2025-07-30T13:00,29.4,78,0.3,16.9,995.8,27.4,85.0,284.0,10.0,11.9,60.0,73
2025-07-30T14:00,28.9,80,0.5,15.7,996.1,27.5,80.6,296.0,13.3,11.8,53.0,74
2025-07-30T15:00,28.5,85,0.2,13.4,996.7,27.5,77.1,302.0,15.6,11.7,48.0,75
2025-07-30T16:00,28.1,87,0.1,13.0,997.8,27.4,71.9,302.0,16.4,11.5,46.0,75
2025-07-30T17:00,28.0,88,0.0,12.8,998.1,27.0,69.4,296.0,16.2,11.3,46.0,76
2025-07-30T18:00,27.6,89,0.0,12.3,998.2,26.9,68.5,280.0,15.3,10.9,46.0,76
2025-07-30T19:00,27.5,89,0.0,11.0,998.2,26.2,65.4,245.0,13.3,10.2,48.0,77
2025-07-30T20:00,27.4,90,0.0,11.3,997.3,25.3,65.2,201.0,10.7,9.4,50.0,77
2025-07-30T21:00,27.2,90,0.0,10.8,996.4,24.6,65.2,169.0,8.6,8.7,52.0,77
2025-07-30T22:00,27.2,89,0.0,9.9,996.2,23.9,64.3,155.0,7.6,8.2,52.0,78
2025-07-30T23:00,27.0,91,0.0,8.5,996.5,23.0,61.2,154.0,7.2,7.9,51.0,78
2025-07-31T00:00,26.9,91,0.0,8.4,997.0,25.4,72.4,170.0,9.4,9.6,50.0,78
2025-07-31T01:00,27.9,85,0.0,9.3,997.2,25.0,71.9,219.0,10.1,10.6,51.0,79
2025-07-31T02:00,28.2,82,0.0,11.3,997.7,26.5,82.2,284.0,11.1,12.1,52.0,79
2025-07-31T03:00,29.0,76,0.0,12.2,997.9,27.6,87.5,323.0,11.3,13.3,55.0,79
2025-07-31T04:00,29.8,72,0.1,13.7,998.3,29.1,93.8,308.0,10.0,14.3,61.0,80
2025-07-31T05:00,30.0,71,0.2,14.7,998.8,29.6,94.8,265.0,8.0,15.1,68.0,80
2025-07-31T06:00,30.2,70,0.1,14.5,998.8,30.5,95.5,233.0,6.3,15.3,74.0,81
2025-07-31T07:00,30.7,69,0.1,14.7,998.7,30.3,94.1,223.0,5.2,14.5,78.0,81
2025-07-31T08:00,30.7,68,0.1,15.1,998.2,30.0,92.0,224.0,4.3,13.2,81.0,82
2025-07-31T09:00,31.0,68,0.1,15.0,997.7,28.6,87.5,232.0,4.1,12.2,81.0,82
2025-07-31T10:00,30.6,70,0.1,15.1,997.6,27.0,81.3,252.0,4.6,11.9,77.0,82
2025-07-31T11:00,30.4,71,0.1,14.9,997.3,25.7,76.1,280.0,5.7,12.0,71.0,82
2025-07-31T12:00,29.9,73,0.3,15.1,997.3,27.6,78.2,301.0,7.5,12.4,63.0,82
2025-07-31T13:00,29.0,79,0.0,12.3,998.4,27.0,74.7,308.0,12.2,12.7,55.0,82
2025-07-31T14:00,28.6,80,0.0,8.0,998.7,31.1,83.6,308.0,18.7,13.2,43.0,82
2025-07-31T15:00,28.3,84,0.0,10.5,999.1,26.6,58.7,306.0,23.2,13.4,35.0,82
2025-07-31T16:00,28.0,86,0.0,11.1,999.7,25.7,52.0,305.0,24.0,13.4,33.0,82
2025-07-31T17:00,27.8,88,0.0,11.5,1000.1,25.1,48.7,301.0,22.8,13.2,34.0,82
2025-07-31T18:00,27.5,90,0.0,12.1,999.8,24.7,47.8,288.0,21.0,12.7,35.0,82
2025-07-31T19:00,27.2,91,0.1,10.6,999.5,24.0,47.7,258.0,18.5,11.6,37.0,82
2025-07-31T20:00,27.1,91,0.1,10.1,999.6,23.2,48.5,220.0,15.4,10.2,39.0,82
2025-07-31T21:00,27.0,91,0.1,11.4,999.2,22.6,48.5,190.0,12.8,9.2,41.0,81
2025-07-31T22:00,26.8,90,0.1,11.1,999.0,21.8,47.4,173.0,11.2,8.7,42.0,81
2025-07-31T23:00,26.6,90,0.1,10.3,999.1,20.9,46.4,165.0,10.2,8.6,41.0,81
2025-08-01T00:00,26.5,91,0.0,10.1,999.4,19.7,45.8,174.0,8.4,8.7,45.0,81
2025-08-01T01:00,27.0,92,0.2,11.0,999.1,19.3,45.2,217.0,9.0,9.4,46.0,80
2025-08-01T02:00,27.4,89,0.2,13.3,1000.0,20.3,51.0,277.0,9.8,10.4,48.0,80
2025-08-01T03:00,28.5,75,0.1,14.2,1000.5,20.5,54.1,312.0,9.9,11.3,51.0,79
2025-08-01T04:00,29.0,73,0.1,13.9,1000.8,21.8,64.7,295.0,8.6,12.0,58.0,79
2025-08-01T05:00,29.5,70,0.1,16.4,1001.0,23.1,69.2,253.0,6.6,12.6,66.0,78
2025-08-01T06:00,29.6,70,0.2,18.2,1001.2,23.1,67.5,220.0,5.0,12.9,73.0,77
2025-08-01T07:00,29.9,70,0.2,19.3,1001.3,23.6,68.0,209.0,4.2,12.6,76.0,77
2025-08-01T08:00,30.6,67,0.0,17.9,1000.7,23.1,64.0,208.0,3.9,11.8,78.0,76
2025-08-01T09:00,30.6,66,0.0,17.2,1000.0,22.7,62.6,215.0,4.0,11.3,77.0,76
2025-08-01T10:00,30.5,66,0.0,17.6,999.8,21.9,58.6,234.0,4.4,11.1,74.0,75
2025-08-01T11:00,30.0,68,0.1,17.2,999.4,21.3,57.3,262.0,5.3,11.1,68.0,75
2025-08-01T12:00,29.6,71,0.0,16.8,999.3,25.5,72.6,282.0,7.0,11.7,63.0,74
2025-08-01T13:00,29.0,77,0.1,16.1,999.9,28.1,83.8,290.0,11.0,11.8,56.0,74
2025-08-01T14:00,28.5,79,0.0,13.8,1000.3,25.8,69.6,291.0,16.6,12.0,45.0,74
2025-08-01T15:00,28.1,82,0.1,14.1,1000.9,25.1,58.2,288.0,20.5,12.1,38.0,74
2025-08-01T16:00,27.7,85,0.2,13.4,1001.6,25.4,58.4,285.0,21.5,12.1,36.0,73
2025-08-01T17:00,27.5,86,0.0,13.0,1001.8,25.3,57.7,278.0,20.9,12.0,36.0,73
2025-08-01T18:00,27.2,88,0.0,13.3,1001.8,29.0,73.6,261.0,19.6,11.7,37.0,73
2025-08-01T19:00,27.0,89,0.0,13.8,1001.6,25.6,59.8,226.0,17.4,10.9,39.0,74
2025-08-01T20:00,26.9,89,0.1,12.5,1001.1,24.4,58.2,181.0,14.5,9.9,42.0,74
2025-08-01T21:00,26.6,91,0.0,12.6,1000.4,23.2,56.7,148.0,11.9,9.1,44.0,74
2025-08-01T22:00,26.5,91,0.1,12.7,1000.2,22.2,56.8,130.0,9.8,8.5,46.0,74
2025-08-01T23:00,26.6,90,0.0,12.3,1000.2,21.9,59.1,124.0,8.1,8.2,48.0,74
2025-08-02T00:00,26.5,90,0.0,13.9,1000.2,20.8,56.9,138.0,6.8,7.9,51.0,74
2025-08-02T01:00,27.4,87,0.0,13.7,1000.6,20.4,58.7,194.0,8.5,8.5,51.0,74
2025-08-02T02:00,27.6,85,0.0,14.6,1001.2,21.1,64.0,271.0,10.8,9.3,50.0,74
2025-08-02T03:00,28.0,82,0.2,18.0,1001.5,20.7,63.6,316.0,12.2,10.2,51.0,75
2025-08-02T04:00,28.4,79,0.5,19.3,1001.9,20.5,68.0,297.0,11.8,11.2,53.0,75
2025-08-02T05:00,28.8,76,0.1,19.6,1001.9,20.0,67.1,246.0,10.5,12.1,56.0,74
2025-08-02T06:00,28.8,75,0.1,18.3,1002.2,19.3,61.9,207.0,9.2,12.7,59.0,74
2025-08-02T07:00,28.7,76,0.1,17.0,1002.1,19.4,64.5,197.0,7.8,12.6,62.0,74
2025-08-02T08:00,29.4,72,0.1,18.2,1001.2,19.3,65.4,199.0,6.5,12.0,65.0,73
2025-08-02T09:00,29.9,70,0.1,19.6,1000.3,19.3,64.7,209.0,5.8,11.6,66.0,73
2025-08-02T10:00,29.6,71,0.1,18.0,999.9,19.2,62.6,228.0,6.1,11.5,65.0,73
2025-08-02T11:00,29.5,72,0.2,18.0,999.6,19.2,60.5,255.0,7.2,11.5,62.0,73
2025-08-02T12:00,29.2,73,0.1,17.8,999.4,23.6,78.0,277.0,9.1,11.9,57.0,72
2025-08-02T13:00,28.9,76,0.1,17.3,1000.1,23.7,74.0,290.0,12.9,11.8,51.0,72
2025-08-02T14:00,28.5,79,0.1,15.9,1000.5,23.6,65.9,299.0,18.1,11.6,43.0,72
2025-08-02T15:00,28.0,83,0.1,15.0,1001.0,23.7,58.8,299.0,21.4,11.3,38.0,72
2025-08-02T16:00,27.8,84,0.0,14.6,1001.6,23.2,55.1,289.0,21.2,11.0,37.0,72
2025-08-02T17:00,27.5,85,0.0,13.3,1002.1,22.8,54.2,272.0,19.2,10.7,39.0,71
2025-08-02T18:00,27.5,85,0.0,12.8,1002.1,22.4,53.6,248.0,16.9,10.2,41.0,71
2025-08-02T19:00,27.1,87,0.0,13.3,1001.8,21.5,51.1,213.0,14.5,9.5,43.0,71
2025-08-02T20:00,27.0,88,0.0,12.6,1001.2,20.2,49.0,172.0,11.9,8.7,45.0,70
2025-08-02T21:00,26.8,89,0.1,12.0,1000.9,19.2,47.8,142.0,9.7,8.0,47.0,70
2025-08-02T22:00,26.8,88,0.0,11.6,1000.6,18.5,47.4,125.0,8.1,7.5,48.0,69
2025-08-02T23:00,26.6,89,0.0,12.2,1000.7,18.0,47.0,119.0,7.0,7.1,49.0,69
2025-08-03T00:00,26.5,90,0.0,13.0,1001.0,18.1,48.2,132.0,6.6,7.3,51.0,69
2025-08-03T01:00,27.4,87,0.0,12.3,1001.4,18.3,50.1,184.0,8.2,8.5,51.0,69
2025-08-03T02:00,27.6,85,0.0,14.3,1001.7,19.9,56.0,257.0,10.3,10.2,51.0,68
2025-08-03T03:00,28.2,80,0.1,14.9,1001.9,21.4,65.7,301.0,11.2,11.5,54.0,68
2025-08-03T04:00,28.9,76,0.2,16.1,1002.5,22.2,72.4,290.0,9.7,12.3,62.0,68
2025-08-03T05:00,29.2,74,0.1,15.9,1002.8,22.4,73.3,250.0,7.0,12.8,72.0,68
2025-08-03T06:00,29.5,73,0.1,17.2,1002.6,23.3,77.5,220.0,4.9,12.9,79.0,69
2025-08-03T07:00,29.6,72,0.1,17.8,1002.4,23.9,78.7,211.0,3.9,12.5,82.0,69
2025-08-03T08:00,30.0,71,0.1,17.6,1001.8,22.7,71.9,211.0,3.5,11.8,82.0,69
2025-08-03T09:00,30.2,70,0.1,17.3,1001.4,23.5,78.2,217.0,3.6,11.2,80.0,70
2025-08-03T10:00,30.2,70,0.1,17.1,1001.0,22.6,73.8,233.0,4.1,11.0,76.0,70
2025-08-03T11:00,29.9,71,0.1,16.9,1000.7,21.4,69.4,255.0,5.1,10.9,70.0,70
2025-08-03T12:00,29.5,72,0.1,16.7,1000.7,23.5,78.7,275.0,7.0,11.4,65.0,71
2025-08-03T13:00,29.2,75,0.0,14.5,1001.1,19.6,62.6,290.0,9.6,12.1,59.0,71
2025-08-03T14:00,28.2,80,0.1,13.9,1001.8,19.3,59.1,301.0,13.2,13.1,51.0,70
2025-08-03T15:00,27.9,83,0.0,10.5,1002.2,19.1,53.8,307.0,16.2,13.6,45.0,70
2025-08-03T16:00,27.6,85,0.0,10.6,1003.0,19.5,49.4,308.0,18.2,13.5,41.0,69
2025-08-03T17:00,27.6,84,0.0,11.7,1003.6,19.6,46.0,304.0,19.6,12.9,39.0,69
2025-08-03T18:00,27.4,86,0.0,12.0,1003.9,18.6,43.3,286.0,19.7,12.1,38.0,69
2025-08-03T19:00,27.2,86,0.0,11.5,1003.8,17.5,39.6,243.0,17.7,11.0,39.0,68
2025-08-03T20:00,27.0,87,0.0,10.9,1003.8,16.5,38.1,187.0,14.5,9.6,42.0,68
2025-08-03T21:00,26.6,89,0.1,11.1,1003.1,15.6,36.7,145.0,11.7,8.5,44.0,68
2025-08-03T22:00,26.5,90,0.0,11.1,1002.8,15.0,36.6,124.0,9.9,7.9,45.0,67
2025-08-03T23:00,26.5,90,0.0,11.1,1002.7,14.5,36.2,118.0,8.5,7.6,47.0,67
2025-08-04T00:00,26.3,90,0.0,11.5,1003.1,14.3,36.6,134.0,7.8,7.7,48.0,67
2025-08-04T01:00,26.9,91,0.0,11.0,1002.9,14.2,35.9,192.0,8.4,8.5,49.0,67
2025-08-04T02:00,27.2,88,0.0,11.3,1003.2,15.5,42.7,272.0,9.8,9.8,49.0,66
2025-08-04T03:00,27.9,83,0.2,13.9,1003.5,16.3,44.6,318.0,10.2,10.9,52.0,66
2025-08-04T04:00,29.0,76,0.0,15.5,1004.0,17.3,50.5,295.0,8.7,11.7,60.0,65
2025-08-04T05:00,29.8,70,0.0,16.5,1004.2,18.9,57.4,238.0,6.2,12.4,70.0,65
2025-08-04T06:00,30.1,68,0.0,17.9,1004.0,19.8,61.9,195.0,4.3,12.7,78.0,65
2025-08-04T07:00,30.5,66,0.0,17.8,1003.8,21.2,66.8,186.0,3.4,12.3,81.0,64
2025-08-04T08:00,30.5,66,0.0,17.4,1003.5,21.1,65.9,193.0,3.1,11.5,82.0,64
2025-08-04T09:00,30.6,66,0.1,18.4,1003.0,21.1,67.3,204.0,3.3,10.9,80.0,64
2025-08-04T10:00,30.4,68,0.1,19.5,1002.6,20.3,63.8,222.0,3.8,10.7,76.0,64
2025-08-04T11:00,29.7,71,0.1,19.4,1002.1,19.5,60.1,245.0,4.9,10.7,69.0,63
2025-08-04T12:00,29.5,72,0.3,19.2,1001.9,20.2,63.8,261.0,7.0,10.7,61.0,63
2025-08-04T13:00,28.7,76,0.1,18.0,1002.1,24.7,79.2,264.0,10.7,10.8,54.0,63
2025-08-04T14:00,28.0,80,0.0,16.8,1002.4,18.8,50.6,261.0,15.8,10.9,45.0,63
2025-08-04T15:00,28.0,81,0.2,15.8,1002.7,19.0,43.9,253.0,19.2,10.9,39.0,63
2025-08-04T16:00,27.8,83,0.2,15.7,1003.6,18.0,39.0,243.0,19.4,10.7,38.0,63
2025-08-04T17:00,27.5,85,0.1,15.0,1003.9,17.9,38.3,229.0,17.8,10.3,39.0,63
2025-08-04T18:00,27.3,86,0.0,14.6,1003.9,17.7,38.9,211.0,15.8,9.7,41.0,63
2025-08-04T19:00,27.0,87,0.0,15.1,1003.5,17.1,38.1,185.0,13.4,8.9,43.0,63
2025-08-04T20:00,26.8,88,0.0,14.3,1003.0,16.5,37.7,156.0,10.5,7.9,46.0,63
2025-08-04T21:00,26.6,89,0.1,15.0,1002.4,15.8,36.9,134.0,8.1,7.1,49.0,63
2025-08-04T22:00,26.5,89,0.1,15.8,1002.2,15.3,35.7,121.0,6.6,6.6,51.0,63
2025-08-04T23:00,26.5,89,0.0,15.5,1002.1,15.0,35.3,117.0,5.6,6.3,52.0,63
2025-08-05T00:00,26.3,90,0.1,15.4,1002.3,14.8,34.3,130.0,6.0,6.3,51.0,63
2025-08-05T01:00,27.1,88,0.0,13.3,1001.9,15.5,36.4,180.0,7.3,7.3,51.0,63
2025-08-05T02:00,27.3,86,0.0,13.2,1002.4,17.1,41.2,248.0,9.1,8.7,50.0,63
2025-08-05T03:00,28.0,79,0.1,17.1,1002.9,19.2,53.0,288.0,9.8,9.8,52.0,63
2025-08-05T04:00,28.6,76,0.2,19.7,1003.4,19.9,56.5,272.0,8.6,10.6,57.0,64
2025-08-05T05:00,29.4,73,0.2,20.0,1003.6,20.0,57.6,228.0,6.4,11.1,64.0,64
2025-08-05T06:00,29.6,70,0.1,19.9,1003.4,20.2,58.2,197.0,4.7,11.3,69.0,64
2025-08-05T07:00,30.0,68,0.1,20.6,1002.9,20.6,58.4,194.0,4.0,11.0,70.0,64
2025-08-05T08:00,29.8,70,0.2,20.9,1002.6,21.1,59.1,204.0,3.9,10.3,69.0,64
2025-08-05T09:00,29.5,71,0.1,20.0,1002.3,20.9,56.8,217.0,4.3,9.8,67.0,64
2025-08-05T10:00,29.3,72,0.1,19.5,1002.1,20.5,54.4,231.0,5.2,9.7,64.0,64
2025-08-05T11:00,29.1,72,0.1,19.9,1001.7,20.2,51.9,247.0,6.6,9.8,60.0,64
2025-08-05T12:00,28.9,73,0.2,19.5,1001.5,21.6,57.5,265.0,8.3,9.8,56.0,64
2025-08-05T13:00,28.4,77,0.2,16.2,1001.7,21.5,51.8,288.0,12.3,10.0,50.0,64
2025-08-05T14:00,28.0,80,0.1,14.7,1001.9,21.2,47.5,312.0,17.6,10.2,43.0,64
2025-08-05T15:00,27.8,81,0.0,14.5,1002.3,22.9,46.2,321.0,20.9,10.2,38.0,64
2025-08-05T16:00,27.5,83,0.0,15.6,1002.9,22.2,44.5,306.0,20.4,10.0,38.0,64
2025-08-05T17:00,27.3,84,0.0,14.8,1003.6,21.5,43.5,276.0,17.8,9.7,40.0,65
2025-08-05T18:00,27.1,85,0.0,14.6,1003.7,20.9,41.9,244.0,15.0,9.2,43.0,65
2025-08-05T19:00,26.7,88,0.1,14.6,1003.5,20.1,40.4,210.0,12.3,8.4,45.0,65
2025-08-05T20:00,26.7,88,0.1,14.9,1003.2,19.0,39.1,174.0,9.5,7.4,47.0,66
2025-08-05T21:00,26.4,89,0.0,15.8,1002.5,18.1,38.0,149.0,7.3,6.7,49.0,66
2025-08-05T22:00,26.3,89,0.0,15.9,1002.4,17.5,37.7,137.0,6.1,6.3,49.0,66
2025-08-05T23:00,26.3,89,0.0,15.3,1002.2,17.2,37.0,135.0,5.5,6.3,49.0,66
2025-08-06T00:00,26.1,90,0.1,14.2,1002.5,17.1,37.5,150.0,5.7,6.6,50.0,66
2025-08-06T01:00,27.0,88,0.0,13.2,1002.3,17.5,39.9,198.0,7.5,7.8,49.0,67
2025-08-06T02:00,27.3,84,0.0,14.0,1002.9,19.4,44.2,262.0,9.9,9.5,47.0,67
2025-08-06T03:00,28.1,76,0.0,16.2,1003.3,20.8,52.5,301.0,11.0,10.8,48.0,67
2025-08-06T04:00,28.8,72,0.1,18.4,1003.7,24.4,69.8,289.0,9.5,11.4,55.0,67
2025-08-06T05:00,29.1,71,0.1,18.8,1004.0,21.0,58.8,252.0,6.6,11.7,64.0,68
2025-08-06T06:00,29.2,71,0.2,19.6,1003.9,21.4,59.8,224.0,4.4,11.7,71.0,68
2025-08-06T07:00,29.8,69,0.2,18.8,1003.8,20.5,55.5,218.0,3.7,11.5,73.0,68
2025-08-06T08:00,30.0,68,0.1,18.1,1003.3,21.0,56.1,221.0,3.6,11.0,74.0,68
2025-08-06T09:00,30.1,68,0.2,18.3,1002.5,20.8,53.8,231.0,4.0,10.7,72.0,68
2025-08-06T10:00,29.5,72,0.1,18.3,1002.2,20.8,52.4,248.0,4.4,10.6,69.0,68
2025-08-06T11:00,29.6,71,0.2,18.7,1002.0,20.7,51.0,271.0,5.3,10.6,64.0,68
2025-08-06T12:00,29.0,74,0.3,18.4,1002.0,21.9,54.6,294.0,7.6,10.9,59.0,68
2025-08-06T13:00,28.6,76,0.1,17.4,1002.5,24.3,62.4,321.0,10.6,11.1,53.0,68
2025-08-06T14:00,28.0,79,0.0,15.3,1002.9,22.2,52.7,349.0,14.7,11.5,46.0,68
2025-08-06T15:00,27.5,83,0.0,13.7,1003.3,22.4,47.6,360.0,17.9,11.7,40.0,68
2025-08-06T16:00,27.2,84,0.0,13.4,1003.7,24.1,52.4,344.0,19.4,11.8,37.0,68
2025-08-06T17:00,27.1,86,0.0,12.0,1004.3,25.7,56.5,312.0,19.8,11.8,37.0,68
2025-08-06T18:00,27.0,86,0.0,12.3,1004.2,24.6,51.8,277.0,19.3,11.5,37.0,69
2025-08-06T19:00,26.7,88,0.1,11.7,1003.9,23.7,50.2,241.0,17.3,10.7,38.0,69
2025-08-06T20:00,26.6,89,0.1,11.7,1003.3,22.6,48.7,203.0,14.3,9.7,41.0,69
2025-08-06T21:00,26.4,90,0.0,11.2,1002.7,21.5,46.8,175.0,11.8,8.9,43.0,70
2025-08-06T22:00,26.2,90,0.0,12.1,1002.3,20.5,44.9,158.0,10.0,8.4,44.0,70
2025-08-06T23:00,26.1,91,0.0,12.6,1002.7,19.4,42.6,151.0,8.7,8.0,44.0,70
2025-08-07T00:00,26.1,91,0.0,12.5,1003.1,18.3,38.9,165.0,8.1,8.2,45.0,70
2025-08-07T01:00,26.8,92,0.1,9.9,1003.0,17.8,36.4,221.0,9.1,9.3,45.0,71
2025-08-07T02:00,27.1,88,0.1,12.1,1003.8,19.2,37.6,298.0,10.9,10.9,45.0,71
2025-08-07T03:00,27.8,83,0.1,14.4,1004.2,18.7,42.6,343.0,11.6,12.2,48.0,71
2025-08-07T04:00,28.7,76,0.1,16.2,1004.6,18.9,45.4,323.0,9.9,12.8,55.0,70
2025-08-07T05:00,29.2,73,0.4,18.1,1004.7,19.4,48.7,271.0,7.0,13.0,65.0,70
2025-08-07T06:00,29.4,72,0.1,17.8,1004.7,20.8,53.8,231.0,4.8,13.0,73.0,70
2025-08-07T07:00,29.6,72,0.3,18.2,1004.4,21.0,54.5,221.0,3.9,12.6,77.0,70
2025-08-07T08:00,30.0,70,0.1,18.4,1003.7,22.5,59.6,223.0,3.6,11.9,78.0,70
2025-08-07T09:00,30.2,69,0.0,18.3,1002.9,22.9,61.0,232.0,3.8,11.4,77.0,70
2025-08-07T10:00,30.0,70,0.0,19.0,1002.5,25.0,69.6,250.0,4.2,11.5,74.0,70
2025-08-07T11:00,29.6,72,0.3,18.8,1002.1,24.0,65.2,274.0,5.1,11.8,69.0,70
2025-08-07T12:00,29.2,73,0.2,17.8,1002.1,23.0,61.9,292.0,6.7,12.1,64.0,71
2025-08-07T13:00,29.0,73,0.1,16.8,1002.5,23.3,62.4,300.0,10.9,12.0,56.0,71
2025-08-07T14:00,28.0,80,0.1,15.1,1002.8,23.2,58.3,303.0,16.6,12.0,44.0,71
2025-08-07T15:00,27.8,81,0.0,14.4,1003.2,23.2,49.6,301.0,20.6,11.8,36.0,71
2025-08-07T16:00,27.7,81,0.0,14.0,1003.6,23.2,48.0,296.0,21.5,11.6,34.0,71
2025-08-07T17:00,27.4,82,0.0,15.1,1004.2,22.9,45.6,285.0,20.6,11.4,34.0,71
2025-08-07T18:00,27.2,83,0.0,14.3,1004.3,22.6,44.1,267.0,18.8,10.8,36.0,71
2025-08-07T19:00,26.9,85,0.0,13.4,1004.1,21.5,42.0,233.0,15.9,9.7,39.0,70
2025-08-07T20:00,26.8,86,0.0,12.8,1003.7,19.7,38.3,192.0,12.2,8.2,43.0,70
2025-08-07T21:00,26.5,86,0.0,12.5,1003.1,18.0,35.5,161.0,9.2,7.2,46.0,70
2025-08-07T22:00,26.2,89,0.1,12.2,1002.5,17.1,33.9,146.0,7.6,6.8,47.0,70
2025-08-07T23:00,26.2,89,0.0,13.3,1002.4,16.6,33.5,143.0,6.8,6.7,48.0,69
2025-08-08T00:00,26.2,88,0.0,13.7,1002.4,16.6,34.8,156.0,6.2,6.8,49.0,69
2025-08-08T01:00,26.8,85,0.0,13.4,1002.7,16.9,35.7,203.0,7.5,7.9,49.0,69
2025-08-08T02:00,27.0,83,0.0,15.0,1003.1,18.3,38.5,267.0,9.2,9.4,49.0,69
2025-08-08T03:00,27.6,80,0.0,17.3,1003.5,19.0,43.8,304.0,9.9,10.7,51.0,69
2025-08-08T04:00,28.6,74,0.0,18.3,1004.0,19.5,46.1,286.0,8.7,11.5,57.0,69
2025-08-08T05:00,29.5,69,0.0,18.7,1004.4,19.6,47.3,241.0,6.5,11.9,64.0,69
2025-08-08T06:00,30.0,66,0.0,18.8,1004.4,19.9,47.8,208.0,4.7,12.1,70.0,69
2025-08-08T07:00,30.1,67,0.1,18.5,1004.4,20.5,50.6,202.0,3.8,11.8,74.0,69
2025-08-08T08:00,30.6,64,0.0,18.3,1004.2,19.7,49.4,208.0,3.3,11.1,76.0,69
2025-08-08T09:00,30.6,63,0.0,18.7,1003.5,19.7,50.4,218.0,3.3,10.6,75.0,68
2025-08-08T10:00,30.3,65,0.1,19.3,1003.3,19.0,48.4,235.0,3.8,10.4,71.0,68
2025-08-08T11:00,29.5,70,0.1,18.5,1003.2,18.2,46.6,257.0,4.8,10.3,64.0,68
2025-08-08T12:00,29.2,71,0.1,18.3,1003.1,20.7,56.5,268.0,6.0,10.1,59.0,67
2025-08-08T13:00,29.4,69,0.0,17.5,1003.4,19.8,51.5,259.0,8.9,10.3,53.0,67
2025-08-08T14:00,28.8,74,0.2,18.1,1003.9,18.3,44.9,240.0,12.9,10.5,45.0,67
2025-08-08T15:00,28.2,77,0.2,17.5,1004.6,18.5,40.3,226.0,15.5,10.5,39.0,66
2025-08-08T16:00,27.9,79,0.0,17.7,1005.3,17.5,37.7,229.0,15.6,10.3,38.0,66
2025-08-08T17:00,27.6,81,0.0,15.9,1006.1,16.8,35.6,237.0,14.2,9.9,40.0,65
2025-08-08T18:00,27.3,82,0.0,15.1,1006.1,16.2,33.1,234.0,12.6,9.4,42.0,65
2025-08-08T19:00,27.1,84,0.0,15.0,1005.9,15.3,30.6,207.0,10.7,8.6,44.0,64
2025-08-08T20:00,26.9,85,0.0,15.2,1005.5,14.6,29.6,168.0,8.5,7.7,46.0,64
2025-08-08T21:00,26.7,86,0.0,15.3,1005.1,14.2,29.5,139.0,6.8,7.1,47.0,63
2025-08-08T22:00,26.6,86,0.0,14.3,1004.9,14.1,29.9,123.0,5.9,6.8,48.0,63
2025-08-08T23:00,26.6,87,0.0,15.1,1004.9,14.1,29.9,117.0,5.6,6.7,48.0,63
2025-08-09T00:00,26.5,87,0.1,15.6,1004.9,13.6,27.9,128.0,5.5,6.8,49.0,62
2025-08-09T01:00,27.1,83,0.0,14.6,1004.7,14.3,29.9,173.0,7.1,8.0,48.0,62
2025-08-09T02:00,27.1,84,0.1,16.0,1005.1,16.2,34.8,235.0,9.3,9.7,47.0,62
2025-08-09T03:00,27.8,79,0.1,18.2,1005.7,17.2,39.2,273.0,10.4,11.0,48.0,62
2025-08-09T04:00,28.5,74,0.0,16.7,1006.0,18.7,45.1,261.0,9.4,11.7,51.0,61
2025-08-09T05:00,29.6,69,0.1,16.2,1006.4,18.5,45.3,226.0,7.2,12.1,56.0,61
2025-08-09T06:00,30.0,67,0.1,16.3,1006.5,18.3,46.2,199.0,5.4,12.1,61.0,61
2025-08-09T07:00,30.1,68,0.1,17.9,1006.2,19.2,49.2,194.0,4.2,11.6,66.0,61
2025-08-09T08:00,30.0,69,0.0,18.2,1005.8,19.0,47.7,199.0,3.4,10.9,70.0,61
2025-08-09T09:00,30.6,66,0.0,18.0,1005.2,18.3,45.9,208.0,3.2,10.3,71.0,61
2025-08-09T10:00,30.2,68,0.2,18.6,1004.6,19.3,50.4,225.0,4.0,10.1,67.0,61
2025-08-09T11:00,29.6,70,0.1,17.8,1004.2,17.5,44.4,247.0,5.4,10.2,60.0,61
2025-08-09T12:00,29.3,72,0.2,18.5,1003.8,19.7,48.8,262.0,8.6,11.0,49.0,61
2025-08-09T13:00,28.8,74,0.1,15.2,1004.4,20.3,49.8,265.0,10.9,11.5,45.0,61
2025-08-09T14:00,28.0,79,0.2,14.2,1004.6,19.7,44.2,262.0,14.1,12.2,41.0,61
2025-08-09T15:00,27.6,83,0.3,14.4,1004.8,19.1,40.3,256.0,16.4,12.5,37.0,61
2025-08-09T16:00,27.5,85,0.1,14.4,1005.2,18.4,36.0,251.0,17.1,12.1,36.0,61
2025-08-09T17:00,27.1,87,0.0,13.3,1005.9,18.0,34.7,244.0,16.8,11.2,35.0,61
2025-08-09T18:00,27.0,88,0.1,13.5,1006.0,17.4,33.3,229.0,15.8,10.3,36.0,61
2025-08-09T19:00,26.8,88,0.0,12.5,1005.9,16.8,32.6,199.0,13.8,9.4,38.0,61
2025-08-09T20:00,26.6,89,0.0,12.3,1005.4,16.2,31.7,161.0,11.1,8.5,40.0,61
2025-08-09T21:00,26.5,90,0.0,13.2,1004.9,15.5,30.9,134.0,8.9,7.8,42.0,62
2025-08-09T22:00,26.3,91,0.1,13.6,1004.8,15.0,30.2,121.0,7.5,7.3,43.0,62
2025-08-09T23:00,26.3,91,0.0,13.7,1004.8,14.7,29.7,117.0,6.7,7.0,44.0,62
2025-08-10T00:00,26.3,90,0.0,13.4,1004.9,15.2,33.3,131.0,6.6,7.4,44.0,62
2025-08-10T01:00,26.9,85,0.0,13.1,1004.3,15.7,32.6,178.0,8.1,8.5,43.0,62
2025-08-10T02:00,27.0,84,0.0,14.1,1004.7,17.4,36.2,241.0,10.2,9.9,42.0,62
2025-08-10T03:00,27.6,80,0.2,16.7,1005.0,18.8,41.2,278.0,10.9,11.1,44.0,62
2025-08-10T04:00,28.6,74,0.1,15.7,1005.3,19.4,44.8,262.0,9.1,11.8,52.0,62
2025-08-10T05:00,29.5,69,0.0,17.1,1005.3,20.5,48.5,220.0,6.1,12.2,62.0,62
2025-08-10T06:00,29.8,68,0.0,17.5,1005.2,22.1,53.4,190.0,3.8,12.3,70.0,63
2025-08-10T07:00,29.9,68,0.1,16.6,1004.8,22.5,53.8,189.0,3.0,12.0,73.0,63
2025-08-10T08:00,30.0,67,0.1,16.7,1004.3,22.6,54.0,200.0,3.0,11.5,74.0,63
2025-08-10T09:00,30.0,68,0.1,17.5,1003.7,22.6,53.8,214.0,3.4,11.0,72.0,63
2025-08-10T10:00,29.6,71,0.3,18.7,1003.2,21.8,51.5,229.0,4.0,10.8,68.0,64
2025-08-10T11:00,29.3,72,0.1,18.4,1002.6,21.3,51.3,246.0,5.0,10.7,61.0,64
2025-08-10T12:00,29.0,72,0.1,18.2,1002.3,21.0,51.8,260.0,7.2,11.5,54.0,64
2025-08-10T13:00,28.7,72,0.0,15.9,1003.2,20.6,48.2,271.0,9.6,11.7,49.0,65
2025-08-10T14:00,28.0,76,0.1,16.2,1003.4,21.0,48.2,279.0,12.9,12.0,43.0,65
2025-08-10T15:00,27.6,81,0.3,15.2,1003.7,21.8,48.3,279.0,15.3,12.0,38.0,65
2025-08-10T16:00,27.5,81,0.0,15.0,1004.2,21.3,45.2,268.0,16.1,11.5,36.0,65
2025-08-10T17:00,27.1,84,0.0,14.6,1004.7,21.3,45.1,249.0,15.9,10.6,36.0,65
2025-08-10T18:00,26.8,86,0.1,13.6,1005.1,20.8,43.2,226.0,14.9,9.7,37.0,65
2025-08-10T19:00,26.8,86,0.0,13.5,1005.1,20.0,42.4,196.0,12.7,8.7,39.0,66
2025-08-10T20:00,26.5,87,0.0,13.8,1004.7,18.6,39.5,162.0,9.7,7.7,42.0,66
2025-08-10T21:00,26.4,88,0.0,13.4,1004.1,17.2,37.4,137.0,7.3,6.9,44.0,66
2025-08-10T22:00,26.3,88,0.0,13.6,1003.7,16.2,35.9,123.0,6.1,6.4,45.0,66
2025-08-10T23:00,26.1,89,0.0,14.5,1003.7,15.6,35.2,117.0,5.6,6.1,44.0,67
2025-08-11T00:00,26.2,88,0.0,13.9,1003.8,15.6,36.2,131.0,5.3,6.4,45.0,67
2025-08-11T01:00,26.7,87,0.1,16.0,1003.6,16.1,38.0,182.0,7.0,7.4,44.0,67
2025-08-11T02:00,26.8,87,0.1,16.1,1004.2,17.8,43.2,251.0,9.3,8.8,42.0,67
2025-08-11T03:00,27.4,81,0.0,17.5,1004.4,19.0,48.4,293.0,10.4,9.9,42.0,67
2025-08-11T04:00,28.5,74,0.1,18.4,1004.6,19.5,52.9,278.0,9.1,10.6,47.0,67
2025-08-11T05:00,29.0,72,0.2,19.4,1004.7,19.7,54.1,235.0,6.7,11.0,53.0,67
2025-08-11T06:00,29.2,72,0.2,20.2,1004.7,20.0,54.8,203.0,4.8,11.1,58.0,67
2025-08-11T07:00,28.6,75,0.2,20.8,1004.5,20.3,55.6,197.0,4.1,10.8,59.0,66
2025-08-11T08:00,28.8,74,0.2,21.0,1004.1,20.3,54.4,201.0,4.0,10.2,59.0,66
2025-08-11T09:00,28.6,75,0.1,21.4,1003.3,20.0,52.6,212.0,4.3,9.8,57.0,66
2025-08-11T10:00,28.8,73,0.0,20.5,1002.6,20.3,52.2,230.0,4.9,9.7,55.0,66
2025-08-11T11:00,28.9,73,0.1,20.9,1002.0,19.6,49.6,253.0,6.0,9.9,51.0,66
2025-08-11T12:00,28.5,75,0.1,18.5,1001.9,22.6,59.6,274.0,7.5,10.6,49.0,66
2025-08-11T13:00,28.4,76,0.1,18.2,1002.2,22.6,56.7,294.0,10.9,10.6,44.0,66
2025-08-11T14:00,28.0,79,0.1,17.7,1002.3,22.5,54.2,311.0,15.5,10.6,37.0,66
2025-08-11T15:00,27.5,81,0.0,15.8,1002.8,21.7,46.1,314.0,18.2,10.4,33.0,66
2025-08-11T16:00,27.5,80,0.0,16.2,1003.1,20.7,43.1,292.0,17.5,10.0,33.0,66
2025-08-11T17:00,27.5,80,0.0,14.5,1003.8,20.0,41.9,255.0,14.8,9.4,36.0,66
2025-08-11T18:00,27.3,80,0.0,16.6,1003.8,19.4,40.2,219.0,12.2,8.7,39.0,66
2025-08-11T19:00,27.1,81,0.0,17.5,1003.5,18.6,37.8,187.0,9.9,7.9,41.0,66
2025-08-11T20:00,27.0,81,0.0,16.2,1002.9,18.1,37.5,156.0,7.5,7.0,43.0,66
2025-08-11T21:00,26.7,82,0.0,17.3,1002.4,17.3,35.9,134.0,5.8,6.3,44.0,66
2025-08-11T22:00,26.8,81,0.0,16.9,1002.0,16.4,34.6,123.0,4.9,6.0,44.0,66
2025-08-11T23:00,26.6,82,0.0,18.0,1001.7,18.7,41.8,121.0,4.6,5.9,44.0,66
2025-08-12T00:00,26.9,80,0.0,18.0,1001.7,15.7,34.6,133.0,5.0,6.1,44.0,66
2025-08-12T01:00,27.4,77,0.0,17.8,1001.8,15.1,33.5,171.0,6.4,6.9,43.0,66
2025-08-12T02:00,27.4,79,0.0,18.3,1002.4,15.8,35.2,224.0,8.2,8.0,42.0,66
2025-08-12T03:00,27.6,79,0.1,22.0,1002.5,16.1,36.4,255.0,9.1,9.0,43.0,66
2025-08-12T04:00,28.4,74,0.0,20.1,1002.6,16.4,38.3,245.0,8.0,9.6,47.0,65
2025-08-12T05:00,29.4,68,0.0,21.1,1002.9,17.3,40.9,213.0,6.0,10.1,52.0,65
2025-08-12T06:00,29.4,69,0.1,21.6,1002.7,17.5,41.1,191.0,4.4,10.3,56.0,65
2025-08-12T07:00,29.5,70,0.2,21.1,1002.3,17.1,38.8,188.0,3.7,10.2,59.0,65
2025-08-12T08:00,29.5,70,0.2,20.9,1001.7,16.9,37.3,194.0,3.4,9.8,61.0,64
2025-08-12T09:00,29.4,71,0.3,21.6,1000.9,16.9,36.6,206.0,3.6,9.6,61.0,64
2025-08-12T10:00,29.2,71,0.2,20.3,1000.4,17.2,36.2,226.0,4.4,9.6,59.0,64
2025-08-12T11:00,28.9,73,0.3,20.7,999.6,16.9,35.3,253.0,5.6,9.6,55.0,63
2025-08-12T12:00,28.5,75,0.1,19.2,999.4,19.7,41.9,277.0,7.2,10.0,52.0,63
2025-08-12T13:00,28.4,76,0.1,16.2,999.8,21.0,43.5,300.0,10.7,10.2,47.0,63
2025-08-12T14:00,28.0,78,0.1,15.7,999.9,21.7,44.7,321.0,15.4,10.5,39.0,63
2025-08-12T15:00,27.6,81,0.1,15.8,1000.2,23.3,44.1,331.0,18.5,10.7,34.0,63
2025-08-12T16:00,27.5,82,0.0,13.7,1001.1,24.0,45.1,327.0,18.8,10.7,33.0,63
2025-08-12T17:00,27.3,84,0.0,12.7,1001.6,25.4,48.5,312.0,17.5,10.5,34.0,63
2025-08-12T18:00,27.2,85,0.0,13.5,1001.4,26.7,51.3,287.0,15.7,10.1,36.0,64
2025-08-12T19:00,27.0,86,0.0,13.5,1001.3,25.9,49.8,242.0,13.2,9.2,38.0,64
2025-08-12T20:00,26.5,88,0.1,13.9,1000.7,25.7,49.2,187.0,10.2,8.1,41.0,65
2025-08-12T21:00,26.4,90,0.1,13.3,1000.2,22.4,42.4,147.0,7.9,7.3,43.0,66
2025-08-12T22:00,26.4,89,0.0,13.2,999.9,18.1,33.3,130.0,6.6,6.9,44.0,66
2025-08-12T23:00,26.6,86,0.0,11.8,999.6,16.8,31.7,130.0,6.1,6.8,43.0,66
2025-08-13T00:00,26.5,86,0.0,11.9,999.5,15.9,27.6,150.0,6.5,7.4,44.0,66
2025-08-13T01:00,27.1,85,0.0,10.8,999.4,16.5,30.6,212.0,8.4,8.9,43.0,66
2025-08-13T02:00,27.3,84,0.0,10.6,999.8,18.9,37.3,295.0,11.0,10.9,43.0,66
2025-08-13T03:00,28.1,78,0.0,13.1,999.8,20.5,42.7,344.0,12.3,12.6,44.0,67
2025-08-13T04:00,29.0,73,0.1,14.0,1000.2,24.9,55.4,326.0,11.0,13.5,49.0,67
2025-08-13T05:00,29.2,73,0.2,14.5,1000.4,23.1,51.8,275.0,8.4,14.0,57.0,68
2025-08-13T06:00,29.2,74,0.1,14.9,1000.2,22.8,52.3,236.0,6.3,14.1,63.0,68
2025-08-13T07:00,29.5,74,0.0,16.4,999.8,23.3,54.5,226.0,5.3,13.7,66.0,69
2025-08-13T08:00,29.7,73,0.2,17.6,999.5,23.1,54.6,229.0,4.9,12.9,68.0,69
2025-08-13T09:00,29.5,74,0.0,15.9,999.0,22.4,53.3,238.0,5.0,12.4,68.0,70
2025-08-13T10:00,29.8,72,0.1,16.0,998.1,21.5,51.6,252.0,5.7,12.4,66.0,70
2025-08-13T11:00,29.3,74,0.1,14.8,997.6,21.9,53.7,272.0,6.9,12.7,62.0,71
2025-08-13T12:00,29.0,76,0.1,14.5,997.6,22.2,52.4,295.0,9.9,14.4,55.0,71
2025-08-13T13:00,28.8,78,0.0,12.4,998.4,21.1,50.6,327.0,13.4,14.5,49.0,71
2025-08-13T14:00,28.1,82,0.1,12.0,998.6,20.7,50.4,362.0,18.3,14.6,40.0,71
2025-08-13T15:00,27.8,84,0.0,11.1,999.3,21.5,48.9,384.0,21.9,14.6,33.0,71
2025-08-13T16:00,27.7,84,0.0,10.8,999.8,22.1,49.7,383.0,23.1,14.3,30.0,71
2025-08-13T17:00,27.5,85,0.0,8.8,1000.3,21.8,48.3,369.0,23.1,13.9,29.0,71
2025-08-13T18:00,27.4,86,0.0,7.0,1000.5,21.3,46.0,359.0,22.6,13.3,29.0,71
2025-08-13T19:00,27.1,88,0.0,4.8,1000.5,20.9,43.9,366.0,21.4,12.4,29.0,70
2025-08-13T20:00,27.0,90,0.0,3.8,1000.0,20.2,41.6,377.0,19.6,11.3,29.0,70
2025-08-13T21:00,26.9,90,0.0,3.4,999.6,19.7,39.7,375.0,18.5,10.9,29.0,69
2025-08-13T22:00,26.7,90,0.0,4.3,999.7,19.9,39.8,334.0,18.9,11.4,27.0,69
2025-08-13T23:00,26.8,90,0.0,4.5,999.7,21.1,45.4,281.0,20.1,12.4,24.0,69
2025-08-14T00:00,26.6,90,0.0,4.3,1000.0,25.3,53.4,274.0,23.4,17.8,26.0,69
2025-08-14T01:00,27.1,90,0.0,2.5,1000.0,23.9,44.1,369.0,23.0,19.5,27.0,70
2025-08-14T02:00,27.3,90,0.0,3.4,1000.6,24.6,47.4,510.0,22.2,21.8,28.0,71
2025-08-14T03:00,28.0,86,0.1,5.0,1000.9,23.2,48.5,592.0,20.3,23.0,32.0,71
2025-08-14T04:00,29.1,79,0.0,7.5,1001.3,21.1,52.3,555.0,16.3,22.3,42.0,72
2025-08-14T05:00,29.9,74,0.0,8.9,1001.7,21.7,57.0,458.0,11.1,20.6,55.0,71
2025-08-14T06:00,30.4,72,0.0,10.0,1001.7,22.0,59.3,377.0,7.2,19.0,65.0,71
2025-08-14T07:00,30.5,70,0.0,9.6,1001.2,21.9,59.5,336.0,5.5,17.8,71.0,71
2025-08-14T08:00,30.5,70,0.0,10.7,1000.6,21.6,56.8,310.0,5.0,16.6,75.0,71
2025-08-14T09:00,30.6,69,0.0,13.7,999.9,21.4,56.5,303.0,5.2,15.8,75.0,71
2025-08-14T10:00,30.1,72,0.0,13.3,999.6,20.8,56.3,320.0,5.9,15.6,71.0,71
2025-08-14T11:00,29.8,75,0.0,13.1,999.0,20.0,55.4,354.0,7.3,15.6,63.0,71
2025-08-14T12:00,29.4,77,0.0,12.8,998.7,22.9,61.2,393.0,13.7,16.5,54.0,71
2025-08-14T13:00,29.0,78,0.0,6.8,999.5,21.7,58.7,445.0,18.4,16.4,45.0,71
2025-08-14T14:00,28.7,80,0.0,7.7,999.9,21.3,53.3,501.0,24.8,16.2,33.0,71
2025-08-14T15:00,28.3,84,0.0,7.7,1000.4,21.3,47.8,519.0,29.6,15.9,24.0,71
2025-08-14T16:00,27.9,87,0.0,6.0,1001.0,22.1,46.3,469.0,31.4,15.5,21.0,71
2025-08-14T17:00,27.8,88,0.0,4.9,1001.5,22.3,47.5,382.0,31.5,14.9,21.0,71
2025-08-14T18:00,27.6,89,0.0,5.6,1001.6,21.9,48.4,309.0,30.7,14.2,22.0,71
2025-08-14T19:00,27.6,89,0.0,4.4,1001.5,21.5,49.6,270.0,28.7,13.0,23.0,71
2025-08-14T20:00,27.5,89,0.0,2.0,1001.3,21.6,50.4,247.0,25.6,11.6,26.0,71
2025-08-14T21:00,27.5,90,0.0,1.5,1000.7,21.7,50.8,233.0,23.0,11.3,28.0,71
2025-08-14T22:00,27.4,90,0.0,1.3,1000.5,22.1,52.0,205.0,20.8,12.8,31.0,71
2025-08-14T23:00,27.4,90,0.0,2.2,1000.7,23.5,69.4,187.0,19.0,15.4,33.0,71
2025-08-15T00:00,27.4,90,0.0,1.1,1001.0,26.8,69.4,246.0,28.9,19.0,24.0,72
2025-08-15T01:00,27.2,93,0.2,3.5,1001.2,27.4,61.5,460.0,29.0,23.4,25.0,72
2025-08-15T02:00,27.4,92,0.0,3.8,1001.8,29.2,70.8,750.0,29.1,29.4,28.0,72
2025-08-15T03:00,28.3,84,0.0,3.6,1002.0,31.7,85.2,946.0,27.6,33.3,34.0,72
2025-08-15T04:00,29.5,73,0.1,3.5,1002.1,34.0,97.8,966.0,23.5,33.4,47.0,73
2025-08-15T05:00,30.5,66,0.0,3.7,1002.3,33.9,93.6,892.0,18.0,31.5,64.0,74
2025-08-15T06:00,31.4,62,0.0,6.4,1002.1,30.9,83.4,798.0,13.2,29.3,80.0,75
2025-08-15T07:00,32.0,60,0.0,8.7,1001.6,29.7,78.2,696.0,9.7,27.0,94.0,76
2025-08-15T08:00,32.3,59,0.0,8.9,1001.0,30.4,76.8,574.0,6.9,24.5,107.0,77
2025-08-15T09:00,32.7,58,0.0,11.5,999.8,30.9,76.1,476.0,5.5,22.6,114.0,78
2025-08-15T10:00,31.9,63,0.0,13.4,998.8,31.4,77.8,420.0,5.7,22.1,113.0,79
2025-08-15T11:00,31.5,63,0.0,13.2,998.2,31.7,79.9,388.0,7.2,22.2,107.0,79
2025-08-15T12:00,30.3,72,0.0,12.7,998.6,25.7,63.1,371.0,9.3,20.5,93.0,80
2025-08-15T13:00,30.2,71,0.0,9.7,999.2,25.5,64.0,374.0,14.6,19.1,75.0,81
2025-08-15T14:00,29.5,75,0.0,8.5,999.6,24.9,62.4,391.0,22.1,17.2,51.0,81
2025-08-15T15:00,29.0,79,0.0,8.3,1000.2,25.1,61.9,396.0,28.5,15.8,31.0,81
2025-08-15T16:00,28.8,80,0.0,6.1,1000.5,25.3,62.4,377.0,32.9,15.5,21.0,82
2025-08-15T17:00,28.5,82,0.0,5.4,1000.7,25.7,62.6,346.0,36.2,15.8,16.0,82
2025-08-15T18:00,28.2,84,0.0,3.9,1000.8,27.1,61.0,316.0,37.9,15.9,13.0,82
2025-08-15T19:00,28.0,85,0.0,2.9,1000.5,27.7,61.7,288.0,37.4,15.5,13.0,83
2025-08-15T20:00,27.8,87,0.0,3.4,1000.1,27.2,61.0,262.0,35.3,14.9,14.0,83
2025-08-15T21:00,27.5,88,0.0,3.8,999.5,26.0,59.6,241.0,33.1,14.6,16.0,84
2025-08-15T22:00,27.4,89,0.0,3.7,999.5,25.0,56.9,223.0,31.6,14.3,16.0,84
2025-08-15T23:00,27.2,91,0.0,4.1,999.7,24.3,55.8,212.0,30.0,14.2,15.0,84
2025-08-16T00:00,27.1,92,0.0,5.1,1000.0,24.6,55.1,224.0,29.0,16.9,16.0,85
2025-08-16T01:00,27.4,92,0.0,5.8,999.9,25.4,61.5,282.0,27.0,19.9,19.0,84
2025-08-16T02:00,27.5,91,0.0,6.7,1000.1,26.8,70.3,363.0,24.1,24.3,25.0,84
2025-08-16T03:00,28.6,83,0.0,5.2,1000.5,28.4,86.8,417.0,20.9,28.2,36.0,84
2025-08-16T04:00,29.3,77,0.0,4.6,1000.8,29.6,89.4,419.0,17.2,31.8,58.0,84
2025-08-16T05:00,30.1,72,0.0,3.4,1001.0,30.5,83.1,394.0,13.0,35.1,85.0,83
2025-08-16T06:00,31.6,65,0.0,4.2,1000.5,32.7,80.6,366.0,9.6,36.3,109.0,83
2025-08-16T07:00,32.9,61,0.0,9.1,999.7,33.1,76.4,336.0,6.9,33.9,127.0,83
2025-08-16T08:00,32.8,63,0.0,12.7,999.0,31.4,69.4,303.0,4.8,29.3,141.0,83
2025-08-16T09:00,32.3,62,0.0,14.6,998.1,30.4,65.2,288.0,4.2,25.4,146.0,84
2025-08-16T10:00,32.0,61,0.0,13.5,997.0,30.0,63.6,307.0,5.4,23.2,136.0,83
2025-08-16T11:00,31.5,64,0.0,12.9,997.0,28.8,61.9,345.0,8.0,21.7,117.0,83
2025-08-16T12:00,30.5,71,0.0,13.0,997.4,34.1,66.6,374.0,10.1,25.0,127.0,83
2025-08-16T13:00,30.5,71,0.0,10.1,997.8,30.0,60.3,387.0,15.0,22.2,100.0,84
2025-08-16T14:00,29.5,78,0.0,9.8,998.4,26.2,52.2,392.0,21.9,18.3,64.0,84
2025-08-16T15:00,29.2,80,0.0,8.6,999.0,24.2,49.9,384.0,27.5,15.3,35.0,84
2025-08-16T16:00,29.0,81,0.0,7.5,999.6,23.7,50.9,357.0,30.9,14.3,23.0,84
2025-08-16T17:00,28.7,83,0.0,7.4,999.9,24.1,52.7,316.0,32.9,14.2,19.0,84
2025-08-16T18:00,28.5,84,0.0,7.3,1000.1,24.9,51.3,276.0,33.2,14.2,18.0,84
2025-08-16T19:00,28.2,85,0.0,7.9,999.9,24.4,50.6,235.0,30.8,13.8,19.0,84
2025-08-16T20:00,28.0,86,0.0,7.8,999.7,23.0,48.8,195.0,26.6,13.4,22.0,83
2025-08-16T21:00,27.8,88,0.0,9.3,999.1,21.5,46.9,168.0,22.8,13.1,25.0,83
2025-08-16T22:00,27.6,88,0.0,9.9,999.0,20.4,45.2,153.0,20.1,12.9,26.0,83
2025-08-16T23:00,27.5,88,0.0,8.9,999.2,19.5,43.4,152.0,17.9,13.0,27.0,82
2025-08-17T00:00,27.5,89,0.0,8.3,999.3,18.5,39.1,184.0,18.1,13.5,25.0,82
2025-08-17T01:00,27.5,91,0.0,7.5,998.5,18.2,40.9,285.0,17.5,15.1,27.0,81
2025-08-17T02:00,27.7,89,0.0,6.2,998.6,19.4,47.5,420.0,16.5,17.5,31.0,81
2025-08-17T03:00,28.8,82,0.0,4.6,999.0,20.7,51.9,503.0,15.1,19.7,40.0,80
2025-08-17T04:00,30.3,73,0.0,4.5,999.6,21.8,51.6,484.0,12.8,21.8,60.0,79
2025-08-17T05:00,31.5,66,0.0,5.8,999.8,23.5,51.6,413.0,9.9,23.8,86.0,79
2025-08-17T06:00,31.9,67,0.0,8.7,999.3,25.8,54.4,355.0,7.6,25.0,108.0,78
2025-08-17T07:00,32.7,64,0.0,9.7,998.8,28.0,56.5,332.0,6.0,25.2,127.0,77
2025-08-17T08:00,33.0,63,0.0,11.6,998.5,28.5,55.4,321.0,4.9,24.6,142.0,77
2025-08-17T09:00,32.3,65,0.0,13.1,997.6,28.8,54.7,320.0,4.8,23.6,147.0,77
2025-08-17T10:00,32.1,65,0.0,10.2,997.0,28.2,53.1,333.0,5.9,22.0,136.0,77
2025-08-17T11:00,32.5,64,0.0,10.9,996.9,26.1,48.9,356.0,8.1,20.1,114.0,76
2025-08-17T12:00,32.0,67,0.0,11.9,996.8,26.5,45.5,375.0,12.0,21.8,111.0,76
2025-08-17T13:00,31.7,68,0.0,11.2,997.2,23.2,41.0,385.0,16.9,20.2,87.0,76
2025-08-17T14:00,30.8,71,0.0,9.4,998.1,21.5,38.8,391.0,23.7,18.0,53.0,75
2025-08-17T15:00,30.3,72,0.0,7.7,998.6,21.1,39.2,392.0,29.0,16.4,28.0,75
2025-08-17T16:00,30.0,73,0.0,7.1,999.1,21.2,39.8,393.0,31.2,16.1,19.0,74
2025-08-17T17:00,29.5,77,0.0,6.3,1000.0,21.4,40.4,390.0,31.8,16.4,17.0,74
2025-08-17T18:00,29.1,80,0.0,7.9,1000.6,21.8,40.4,371.0,32.2,16.6,17.0,74
2025-08-17T19:00,28.9,83,0.0,7.6,1000.6,22.1,40.4,320.0,33.2,16.3,15.0,73
2025-08-17T20:00,28.6,86,0.0,8.4,999.9,23.2,38.5,253.0,34.0,15.8,13.0,73
2025-08-17T21:00,28.3,88,0.0,7.7,999.4,22.6,38.0,202.0,33.5,15.4,13.0,73
2025-08-17T22:00,28.1,89,0.0,8.0,999.1,21.3,37.4,168.0,30.6,15.0,15.0,73
2025-08-17T23:00,27.9,91,0.0,8.5,999.1,20.3,36.9,149.0,26.5,14.7,18.0,73
2025-08-18T00:00,27.8,91,0.0,8.4,999.5,18.8,36.0,178.0,21.5,13.1,25.0,74
2025-08-18T01:00,28.2,93,0.0,6.5,999.5,21.1,39.3,295.0,22.9,15.0,23.0,74
2025-08-18T02:00,28.5,90,0.0,6.7,999.5,23.7,43.4,460.0,24.6,17.8,21.0,74
2025-08-18T03:00,29.8,82,0.0,6.0,999.9,25.0,47.0,578.0,24.5,20.9,31.0,74
2025-08-18T04:00,32.0,69,0.0,5.7,1000.3,27.2,49.8,603.0,21.0,25.2,65.0,75
2025-08-18T05:00,34.3,59,0.0,2.3,1000.6,27.1,45.4,582.0,15.6,29.9,110.0,75
2025-08-18T06:00,35.3,54,0.0,3.6,1000.3,27.8,39.5,563.0,11.1,31.8,146.0,75
2025-08-18T07:00,35.3,55,0.0,7.9,999.7,29.6,38.9,564.0,8.0,28.4,164.0,76
2025-08-18T08:00,34.0,67,4.2,12.7,999.4,28.9,36.2,566.0,5.7,22.2,173.0,76
2025-08-18T09:00,31.9,75,3.2,4.9,998.8,27.6,33.4,562.0,5.0,17.7,172.0,76
2025-08-18T10:00,33.7,66,0.0,6.1,997.5,28.3,34.3,533.0,6.3,16.9,160.0,76
2025-08-18T11:00,32.2,72,0.0,10.6,997.4,28.5,37.4,498.0,9.2,17.7,139.0,84
2025-08-18T12:00,31.9,71,0.0,11.7,997.6,28.2,38.0,503.0,13.0,16.7,109.0,107
2025-08-18T13:00,31.6,71,0.0,9.6,998.8,27.9,40.7,605.0,18.9,18.2,91.0,116
2025-08-18T14:00,30.4,78,0.0,9.3,999.8,28.6,43.8,747.0,27.1,20.3,67.0,112
2025-08-18T15:00,29.8,82,0.0,8.3,1000.8,28.0,44.4,805.0,32.6,21.4,48.0,95
2025-08-18T16:00,28.4,86,0.0,11.5,1001.7,27.1,43.9,698.0,33.4,20.9,39.0,78
2025-08-18T17:00,28.2,88,0.0,6.6,1001.8,25.0,41.6,508.0,31.6,19.6,36.0,78
2025-08-18T18:00,28.0,89,0.0,8.3,1001.9,24.2,39.8,351.0,29.1,18.0,35.0,79
2025-08-18T19:00,27.9,89,0.0,6.8,1001.3,22.9,37.4,275.0,26.2,16.1,35.0,79
2025-08-18T20:00,27.9,89,0.0,4.8,1000.5,21.6,34.6,234.0,22.6,14.0,37.0,79
2025-08-18T21:00,27.6,89,0.0,7.1,999.9,20.8,32.9,204.0,19.6,12.4,39.0,79
2025-08-18T22:00,27.6,88,0.0,4.1,999.7,20.0,31.3,161.0,17.2,11.5,40.0,79
2025-08-18T23:00,27.6,88,0.0,3.8,1000.0,19.0,29.3,129.0,15.3,11.1,42.0,78
2025-08-19T00:00,27.0,92,4.5,4.7,1000.6,19.7,25.4,163.0,11.3,11.2,58.0,78
2025-08-19T01:00,27.7,93,0.8,7.8,999.3,21.2,27.6,337.0,15.9,12.7,53.0,78
2025-08-19T02:00,26.8,94,9.4,10.4,1001.3,24.6,31.2,577.0,22.1,15.0,47.0,78
2025-08-19T03:00,27.0,97,3.7,7.1,1000.7,26.0,35.2,712.0,25.2,17.6,51.0,78
2025-08-19T04:00,27.9,92,0.6,5.0,1001.7,26.9,43.2,633.0,22.0,21.0,77.0,79
2025-08-19T05:00,28.6,87,0.5,10.2,1002.0,29.6,60.3,450.0,15.6,24.8,114.0,79
2025-08-19T06:00,29.5,83,0.5,7.6,1001.5,30.5,63.6,317.0,11.2,27.0,139.0,79
2025-08-19T07:00,30.9,76,0.2,8.6,1000.6,32.2,66.1,298.0,10.4,26.6,143.0,79
2025-08-19T08:00,31.3,73,0.1,7.9,999.9,35.9,73.3,330.0,11.4,24.7,136.0,79
2025-08-19T09:00,32.2,70,0.0,4.9,998.8,31.1,55.8,381.0,14.1,22.7,123.0,80
2025-08-19T10:00,32.1,69,1.4,10.6,998.1,27.3,47.5,457.0,18.9,21.1,102.0,80
2025-08-19T11:00,31.3,74,0.0,8.5,997.7,26.1,41.3,552.0,25.5,19.4,76.0,80
2025-08-19T12:00,30.9,77,0.0,6.7,998.0,36.8,58.8,617.0,45.0,19.7,48.0,80
2025-08-19T13:00,28.0,88,0.4,7.1,998.9,37.6,59.4,632.0,48.9,19.9,41.0,81
2025-08-19T14:00,27.9,89,0.2,6.8,999.3,37.4,56.9,617.0,53.9,20.1,32.0,81
2025-08-19T15:00,27.6,91,0.0,6.9,999.3,35.5,53.1,582.0,55.9,19.9,26.0,82
2025-08-19T16:00,27.5,92,0.0,7.1,999.6,32.0,46.6,524.0,52.0,18.8,26.0,83
2025-08-19T17:00,27.5,92,0.0,7.0,1000.0,29.2,42.3,446.0,44.9,17.3,28.0,83
2025-08-19T18:00,27.5,91,0.0,8.8,999.6,28.3,40.5,371.0,38.7,15.9,30.0,84
2025-08-19T19:00,27.5,90,0.0,9.6,999.3,27.6,40.0,300.0,35.1,14.9,29.0,84
2025-08-19T20:00,27.4,92,0.0,10.6,998.6,27.5,40.4,232.0,32.4,14.1,28.0,84
2025-08-19T21:00,27.2,94,0.0,10.3,998.2,27.0,39.1,188.0,29.4,13.4,30.0,85
2025-08-19T22:00,26.6,97,7.0,9.7,998.5,26.0,37.1,171.0,25.0,12.9,38.0,86
2025-08-19T23:00,26.6,98,1.0,5.7,998.4,24.6,32.2,177.0,20.3,12.6,49.0,86
2025-08-20T00:00,26.2,97,6.0,4.8,999.2,21.5,29.5,222.0,18.8,10.9,36.0,87
2025-08-20T01:00,27.0,95,0.1,9.7,998.6,22.8,29.6,336.0,19.1,12.0,47.0,87
2025-08-20T02:00,27.0,94,0.8,6.6,999.0,26.3,30.7,488.0,19.3,13.6,64.0,87
2025-08-20T03:00,27.6,93,0.0,6.2,998.8,25.3,28.9,596.0,18.3,14.7,84.0,87
2025-08-20T04:00,29.0,89,0.0,2.8,998.9,24.0,28.5,619.0,14.8,15.3,110.0,87
2025-08-20T05:00,30.8,81,0.0,2.2,998.6,26.7,33.6,599.0,10.1,15.5,139.0,87
2025-08-20T06:00,33.0,71,2.1,0.6,998.5,30.4,39.3,578.0,6.4,14.9,159.0,86
2025-08-20T07:00,30.8,81,9.2,10.6,998.4,31.1,40.2,547.0,4.6,12.9,162.0,86
2025-08-20T08:00,29.5,85,0.0,12.2,997.7,28.3,36.2,515.0,3.8,10.1,155.0,86
2025-08-20T09:00,29.9,83,0.1,2.2,997.0,25.6,31.8,549.0,4.1,8.5,147.0,86
2025-08-20T10:00,30.4,81,0.2,3.9,997.1,25.0,30.0,629.0,3.7,9.0,144.0,85
2025-08-20T11:00,30.8,79,0.0,4.1,996.7,25.0,29.2,774.0,4.3,10.7,141.0,101
2025-08-20T12:00,30.5,80,0.0,3.1,997.1,25.2,30.2,1113.0,9.6,10.8,122.0,113
2025-08-20T13:00,29.4,82,0.0,10.7,997.4,33.3,36.7,1838.0,21.3,12.1,105.0,115
2025-08-20T14:00,28.9,85,0.0,7.4,998.0,36.8,39.9,2756.0,37.4,13.9,82.0,108
2025-08-20T15:00,28.4,87,0.0,6.5,998.6,37.3,40.7,3416.0,49.9,15.8,63.0,92
2025-08-20T16:00,28.1,88,0.0,5.1,999.1,38.4,42.6,3645.0,55.5,17.9,54.0,84
2025-08-20T17:00,27.9,88,0.1,5.7,999.4,40.7,44.7,3616.0,57.4,20.1,50.0,84
2025-08-20T18:00,27.9,89,0.2,1.7,999.9,42.3,46.3,3398.0,57.4,21.8,48.0,85
2025-08-20T19:00,27.4,92,0.2,0.8,999.3,42.6,47.3,2924.0,56.0,23.0,46.0,86
2025-08-20T20:00,27.4,91,0.0,1.9,999.3,42.1,47.1,2260.0,52.6,23.7,46.0,88
2025-08-20T21:00,26.2,97,12.8,8.4,999.9,40.7,45.8,1674.0,46.9,23.2,49.0,89
2025-08-20T22:00,26.4,95,0.0,7.6,998.9,37.0,42.5,1223.0,35.7,20.2,60.0,90
2025-08-20T23:00,26.5,96,0.0,4.5,999.5,31.5,43.5,850.0,22.3,16.0,75.0,91
2025-08-21T00:00,26.5,95,0.0,8.4,999.1,18.3,22.6,647.0,18.1,16.3,59.0,92
2025-08-21T01:00,26.6,97,0.0,5.6,1000.0,19.3,22.8,735.0,21.8,17.7,55.0,92
2025-08-21T02:00,26.9,96,0.0,5.7,1000.7,23.2,26.3,995.0,26.6,19.6,51.0,91
2025-08-21T03:00,27.9,92,0.0,4.4,1001.1,27.8,33.1,1159.0,28.3,20.3,52.0,91
2025-08-21T04:00,29.6,82,0.0,2.0,1001.5,28.3,45.3,1104.0,23.7,18.7,66.0,91
2025-08-21T05:00,30.9,77,0.0,0.9,1001.7,25.6,54.5,953.0,15.9,15.8,86.0,92
2025-08-21T06:00,31.6,75,0.1,4.0,1001.6,20.9,43.7,813.0,10.0,13.5,99.0,91
2025-08-21T07:00,31.4,77,0.5,5.8,1001.1,16.0,25.8,678.0,7.6,12.1,100.0,91
2025-08-21T08:00,31.1,74,6.2,11.3,1000.3,11.1,13.5,553.0,7.1,11.2,94.0,89
2025-08-21T09:00,27.9,88,16.5,7.1,1000.3,8.6,9.0,565.0,8.9,11.3,86.0,88
2025-08-21T10:00,27.5,89,0.2,1.8,999.8,7.9,8.1,798.0,14.2,13.1,76.0,86
2025-08-21T11:00,27.9,88,0.8,2.7,999.7,9.1,9.4,1167.0,21.9,15.8,65.0,85
2025-08-21T12:00,28.1,88,0.8,2.4,1000.1,18.7,19.3,1543.0,37.5,17.0,44.0,83
2025-08-21T13:00,28.3,90,0.4,6.8,1000.1,25.3,25.8,1960.0,44.0,19.3,34.0,83
2025-08-21T14:00,28.0,93,0.3,4.5,1001.0,27.2,27.6,2383.0,52.9,22.5,20.0,82
2025-08-21T15:00,27.8,94,0.6,3.4,1001.6,29.7,30.0,2585.0,59.6,25.0,10.0,81
2025-08-21T16:00,27.6,97,0.5,2.5,1001.9,32.5,33.1,2430.0,61.6,26.4,7.0,81
2025-08-21T17:00,27.5,97,0.1,4.5,1002.0,37.0,38.2,2053.0,61.4,27.1,9.0,80
2025-08-21T18:00,27.5,96,0.2,6.0,1001.9,37.7,39.2,1628.0,61.5,27.2,10.0,80
2025-08-21T19:00,27.4,97,0.0,6.8,1001.8,39.6,41.7,1146.0,63.8,26.3,9.0,79
2025-08-21T20:00,27.2,97,0.0,8.1,1001.7,35.9,38.4,615.0,66.4,24.8,8.0,79
2025-08-21T21:00,26.6,98,0.7,11.2,1001.1,30.7,33.3,235.0,65.8,23.2,10.0,78
2025-08-21T22:00,26.8,95,0.4,12.1,1001.0,27.5,30.0,110.0,59.3,21.5,17.0,78
2025-08-21T23:00,26.8,94,0.0,11.1,1001.0,25.2,27.9,134.0,49.6,19.9,26.0,77
2025-08-22T00:00,26.8,94,0.0,10.8,1001.0,32.4,37.3,192.0,42.1,23.5,46.0,76
2025-08-22T01:00,26.8,95,0.0,8.9,1000.8,33.3,39.8,269.0,38.5,23.5,55.0,77
2025-08-22T02:00,27.1,94,0.0,9.4,1001.4,34.8,42.7,380.0,33.2,23.4,69.0,79
2025-08-22T03:00,27.6,91,0.1,9.5,1001.8,32.0,41.7,447.0,27.3,23.0,83.0,80
2025-08-22T04:00,28.7,84,0.1,9.6,1002.2,26.8,35.9,426.0,20.3,22.2,98.0,80
2025-08-22T05:00,29.5,79,0.0,10.5,1002.0,24.2,33.4,362.0,12.6,21.0,113.0,80
2025-08-22T06:00,29.8,76,0.0,12.0,1001.9,24.0,33.6,313.0,6.9,19.6,123.0,80
2025-08-22T07:00,29.5,80,0.1,13.3,1001.4,23.3,32.7,304.0,4.5,17.7,126.0,80
2025-08-22T08:00,29.2,82,0.0,14.8,1000.7,22.1,31.8,309.0,4.0,15.6,124.0,81
2025-08-22T09:00,28.9,84,0.0,15.4,999.8,20.5,30.2,316.0,4.4,13.9,118.0,82
2025-08-22T10:00,28.8,83,0.0,16.1,999.2,20.0,29.3,316.0,5.4,13.0,108.0,83
2025-08-22T11:00,28.7,83,0.0,16.0,998.7,18.1,26.5,317.0,7.3,12.5,94.0,84
2025-08-22T12:00,28.8,82,0.0,16.8,998.6,16.8,26.3,325.0,8.5,12.4,81.0,85
2025-08-22T13:00,28.9,81,0.0,16.6,999.1,16.2,25.0,354.0,12.7,12.2,70.0,84
2025-08-22T14:00,28.1,86,0.0,14.5,999.2,16.1,23.7,391.0,18.4,11.9,55.0,84
2025-08-22T15:00,28.0,87,0.0,14.5,1000.0,17.5,25.1,404.0,22.0,11.4,45.0,83
2025-08-22T16:00,28.0,87,0.0,14.1,1000.4,18.0,26.5,373.0,21.5,10.8,44.0,82
2025-08-22T17:00,27.9,88,0.0,13.4,1000.6,18.9,28.6,318.0,18.9,10.1,47.0,80
2025-08-22T18:00,27.7,88,0.0,14.3,1000.6,20.5,32.5,266.0,16.0,9.3,50.0,79
2025-08-22T19:00,27.5,89,0.0,15.7,1000.5,21.7,35.7,225.0,13.1,8.2,52.0,77
2025-08-22T20:00,27.2,91,0.1,15.8,1000.1,22.2,38.2,188.0,9.8,7.1,55.0,76
2025-08-22T21:00,27.2,91,0.1,15.6,999.7,22.2,40.4,162.0,7.4,6.3,57.0,74
2025-08-22T22:00,27.0,92,0.1,16.8,999.4,22.4,42.5,147.0,6.1,6.1,57.0,74
2025-08-22T23:00,26.9,92,0.1,15.2,999.3,22.9,45.3,143.0,5.5,6.3,57.0,73
2025-08-23T00:00,27.0,91,0.0,15.2,999.5,23.8,48.0,159.0,5.3,6.7,58.0,73
2025-08-23T01:00,27.2,92,0.0,17.0,999.2,24.0,46.3,214.0,7.7,7.6,56.0,72
2025-08-23T02:00,27.5,90,0.1,16.9,999.4,25.6,47.6,288.0,11.0,8.9,54.0,71
2025-08-23T03:00,28.1,87,0.1,19.4,999.6,27.2,52.3,332.0,12.6,10.0,55.0,71
2025-08-23T04:00,29.0,81,0.0,19.3,1000.1,27.6,53.7,314.0,11.0,10.9,62.0,70
2025-08-23T05:00,29.4,77,0.1,18.8,1000.4,28.1,55.3,265.0,7.8,11.7,72.0,70
2025-08-23T06:00,29.5,78,0.1,18.7,1000.3,29.3,58.3,229.0,5.3,12.1,79.0,71
2025-08-23T07:00,29.5,78,0.0,19.0,1000.0,29.5,59.5,223.0,4.3,11.7,81.0,71
2025-08-23T08:00,29.9,77,0.0,18.2,999.3,28.5,57.7,231.0,4.0,10.9,80.0,72
2025-08-23T09:00,29.5,77,0.3,20.5,998.8,26.6,53.7,242.0,4.3,10.2,77.0,72
2025-08-23T10:00,29.4,78,0.2,20.0,998.2,24.2,48.5,255.0,4.9,10.0,72.0,73
2025-08-23T11:00,29.1,79,0.2,21.1,997.8,23.5,48.3,271.0,6.1,10.0,65.0,73
2025-08-23T12:00,28.6,81,0.1,19.7,997.9,28.6,59.8,291.0,8.0,11.2,63.0,74
2025-08-23T13:00,28.5,84,0.0,16.3,998.2,23.7,50.2,322.0,13.2,11.3,54.0,75
2025-08-23T14:00,28.2,84,0.0,14.4,998.1,24.6,52.0,356.0,20.3,11.5,41.0,75
2025-08-23T15:00,28.0,86,0.0,15.1,998.6,26.9,59.6,368.0,24.5,11.3,33.0,76
2025-08-23T16:00,27.9,88,0.0,15.9,999.5,27.0,61.5,341.0,23.2,10.5,33.0,77
2025-08-23T17:00,27.6,90,0.0,14.8,1000.6,24.6,55.8,291.0,19.1,9.4,37.0,78
2025-08-23T18:00,27.5,90,0.0,15.4,1000.5,21.6,48.2,245.0,15.1,8.4,41.0,78
2025-08-23T19:00,27.4,91,0.0,15.3,1000.2,19.4,42.7,208.0,12.0,7.5,43.0,78
2025-08-23T20:00,27.1,92,0.0,15.2,999.8,18.0,39.5,174.0,9.1,6.7,46.0,78
2025-08-23T21:00,27.0,92,0.0,15.6,999.2,17.5,39.3,151.0,7.0,6.1,47.0,78
2025-08-23T22:00,26.9,92,0.1,15.2,999.2,17.4,40.4,137.0,5.9,5.8,48.0,77
2025-08-23T23:00,26.9,93,0.1,14.9,999.2,17.5,41.4,134.0,5.6,5.8,47.0,77
2025-08-24T00:00,27.0,93,0.1,14.2,999.4,18.1,41.4,151.0,6.5,6.5,47.0,76
2025-08-24T01:00,27.3,94,0.0,11.4,999.4,18.9,43.9,210.0,9.1,7.6,45.0,76
2025-08-24T02:00,27.5,93,0.0,10.1,999.6,20.9,46.6,290.0,12.5,9.1,44.0,75
2025-08-24T03:00,28.0,89,0.1,13.3,1000.0,23.1,55.6,337.0,14.1,10.5,45.0,75
2025-08-24T04:00,28.8,84,0.1,16.1,1000.6,24.4,61.0,317.0,12.2,11.7,53.0,75
2025-08-24T05:00,29.5,79,0.1,17.1,1001.2,26.6,67.3,264.0,8.4,12.8,64.0,74
2025-08-24T06:00,29.9,78,0.1,18.3,1001.3,25.9,68.2,223.0,5.5,13.4,73.0,74
2025-08-24T07:00,30.0,76,0.2,19.2,1001.1,26.0,69.4,213.0,4.4,13.1,77.0,74
2025-08-24T08:00,30.0,77,0.4,21.1,1000.7,25.6,70.8,215.0,4.1,12.2,79.0,74
2025-08-24T09:00,29.5,80,0.1,22.6,1000.0,24.0,68.7,221.0,4.4,11.4,78.0,73
2025-08-24T10:00,29.3,81,0.1,21.9,999.3,22.8,68.5,225.0,4.9,10.9,74.0,73
2025-08-24T11:00,29.1,80,0.1,20.5,999.1,22.9,71.2,233.0,5.9,10.6,67.0,73
2025-08-24T12:00,28.6,82,0.2,19.6,998.9,30.3,97.1,253.0,8.8,10.2,57.0,73
2025-08-24T13:00,28.4,86,0.0,16.1,999.1,25.2,73.3,300.0,13.8,10.4,49.0,73
2025-08-24T14:00,27.8,90,0.1,13.5,999.8,24.0,58.4,359.0,20.6,10.8,38.0,73
2025-08-24T15:00,27.6,90,0.0,14.6,1000.4,23.1,48.4,391.0,24.7,10.8,31.0,73
2025-08-24T16:00,27.5,90,0.1,15.4,1001.0,21.5,43.2,377.0,23.7,10.4,31.0,73
2025-08-24T17:00,27.5,90,0.0,14.2,1001.8,19.9,40.4,336.0,20.1,9.7,35.0,72
2025-08-24T18:00,27.4,90,0.1,13.5,1001.9,18.2,39.2,292.0,16.5,9.0,39.0,72
2025-08-24T19:00,27.2,90,0.0,12.4,1002.3,16.9,38.5,246.0,13.6,8.1,41.0,72
2025-08-24T20:00,27.1,91,0.0,12.6,1001.3,16.1,38.8,197.0,10.8,7.1,43.0,71
2025-08-24T21:00,27.0,92,0.0,12.2,1000.9,15.8,40.2,162.0,8.8,6.5,44.0,71
2025-08-24T22:00,26.8,93,0.0,12.4,1000.6,15.8,42.3,145.0,7.8,6.4,44.0,71
2025-08-24T23:00,26.6,93,0.0,10.7,1000.3,15.8,44.1,143.0,7.6,6.7,43.0,71
2025-08-25T00:00,26.5,93,0.0,10.0,1000.5,16.4,47.4,164.0,8.5,7.3,43.0,71
2025-08-25T01:00,27.5,93,0.0,9.4,1000.7,17.5,52.3,230.0,11.3,8.8,41.0,71
2025-08-25T02:00,27.5,93,0.0,11.0,1000.8,20.4,58.8,319.0,15.0,10.9,40.0,70
2025-08-25T03:00,27.9,90,0.1,13.2,1001.3,23.1,76.8,371.0,16.9,13.0,41.0,70
2025-08-25T04:00,28.8,85,0.1,12.3,1001.8,25.7,94.1,349.0,15.2,15.1,49.0,70
2025-08-25T05:00,29.5,81,0.2,13.2,1002.1,28.0,98.5,290.0,11.6,17.2,60.0,71
2025-08-25T06:00,29.9,79,0.1,15.1,1002.0,29.0,98.0,245.0,8.7,18.5,68.0,71
2025-08-25T07:00,29.8,80,0.1,15.4,1001.7,28.1,90.6,236.0,7.3,18.5,72.0,71
2025-08-25T08:00,29.6,81,0.1,15.4,1001.2,27.9,85.7,241.0,6.6,17.6,74.0,71
2025-08-25T09:00,29.8,81,0.0,15.1,1000.6,26.4,77.5,250.0,6.6,16.8,73.0,71
2025-08-25T10:00,29.7,81,0.0,14.7,999.7,25.4,72.4,254.0,6.9,16.2,69.0,72
2025-08-25T11:00,29.4,81,0.0,15.0,999.1,24.4,70.1,262.0,7.8,15.6,61.0,72
2025-08-25T12:00,28.9,83,0.0,14.0,998.9,24.0,69.2,288.0,9.0,15.1,61.0,72
2025-08-25T13:00,28.8,84,0.0,11.4,999.6,22.7,66.1,353.0,14.8,14.9,50.0,71
2025-08-25T14:00,28.1,87,0.0,10.5,1000.2,22.2,62.2,437.0,22.9,14.7,36.0,71
2025-08-25T15:00,27.8,88,0.0,11.2,1000.9,23.5,60.1,494.0,28.7,14.3,25.0,71
2025-08-25T16:00,27.6,88,0.0,9.7,1001.2,23.9,58.9,509.0,30.5,13.9,22.0,71
2025-08-25T17:00,27.5,89,0.0,8.8,1001.9,24.0,59.3,496.0,30.0,13.3,22.0,71
2025-08-25T18:00,27.1,90,0.0,12.0,1001.7,23.9,59.4,458.0,28.7,12.6,23.0,72
2025-08-25T19:00,27.0,90,0.0,11.7,1001.3,24.0,61.5,375.0,26.7,11.6,24.0,72
2025-08-25T20:00,26.8,92,0.0,6.0,1001.2,23.4,59.5,267.0,23.7,10.4,26.0,73
2025-08-25T21:00,26.5,93,0.0,4.9,1000.8,22.4,57.3,186.0,20.8,9.5,28.0,73
2025-08-25T22:00,26.4,94,0.0,7.8,1000.6,21.3,57.0,152.0,17.6,8.7,30.0,74
2025-08-25T23:00,26.4,94,0.0,8.6,1000.9,20.5,58.3,146.0,14.3,8.1,33.0,74
2025-08-26T00:00,26.3,94,0.0,8.3,1001.1,19.5,57.0,166.0,12.4,8.5,36.0,75
2025-08-26T01:00,27.1,92,0.0,7.5,1001.6,19.7,62.4,233.0,13.6,10.2,36.0,75
2025-08-26T02:00,27.4,91,0.0,7.7,1002.0,21.4,69.2,327.0,15.0,12.7,36.0,75
2025-08-26T03:00,28.1,84,0.0,7.6,1002.4,23.1,78.0,385.0,15.3,15.0,39.0,75
2025-08-26T04:00,29.0,80,0.0,7.7,1002.8,25.1,90.6,371.0,13.2,17.2,49.0,75
2025-08-26T05:00,29.6,76,0.0,8.3,1003.3,32.5,121.1,322.0,10.0,19.3,63.0,75
2025-08-26T06:00,29.9,75,0.1,10.3,1003.5,29.2,105.0,281.0,7.3,20.2,74.0,76
2025-08-26T07:00,29.5,78,0.0,11.9,1003.4,30.2,107.6,264.0,5.9,19.1,79.0,76
2025-08-26T08:00,29.6,77,0.0,12.1,1002.7,30.0,106.9,256.0,5.0,16.8,80.0,76
2025-08-26T09:00,30.0,75,0.0,12.8,1002.1,28.0,100.4,255.0,4.9,14.9,78.0,76
2025-08-26T10:00,29.8,75,0.0,13.2,1001.0,27.6,101.0,252.0,5.1,14.2,73.0,76
2025-08-26T11:00,29.4,77,0.0,11.8,1000.4,26.3,96.6,257.0,5.9,13.9,66.0,76
2025-08-26T12:00,29.3,77,0.0,11.1,1000.5,30.4,109.0,300.0,8.3,14.8,63.0,77
2025-08-26T13:00,28.5,82,0.0,9.5,1001.3,28.5,103.6,429.0,14.3,14.5,51.0,77
2025-08-26T14:00,28.0,87,0.0,8.3,1001.7,28.1,90.1,595.0,22.7,14.0,35.0,78
2025-08-26T15:00,27.6,88,0.0,9.5,1002.3,29.9,89.6,685.0,29.1,13.7,23.0,78
2025-08-26T16:00,27.4,90,0.0,8.7,1002.7,31.5,91.3,632.0,32.3,13.8,18.0,79
2025-08-26T17:00,27.2,91,0.0,8.9,1003.2,32.9,90.8,503.0,33.5,14.0,18.0,79
2025-08-26T18:00,26.9,93,0.0,8.9,1003.1,32.9,88.2,384.0,32.5,13.7,19.0,80
2025-08-26T19:00,26.6,94,0.0,10.3,1002.7,31.2,83.4,302.0,28.0,12.5,23.0,81
2025-08-26T20:00,26.6,94,0.0,10.4,1002.3,28.8,76.4,231.0,21.3,10.8,30.0,82
2025-08-26T21:00,26.5,95,0.0,9.9,1001.9,26.7,69.8,179.0,15.8,9.4,35.0,82
2025-08-26T22:00,26.3,95,0.0,9.4,1001.8,24.7,63.6,145.0,12.7,8.5,37.0,83
2025-08-26T23:00,26.2,95,0.0,10.0,1001.6,23.1,58.2,131.0,10.8,7.9,38.0,83
2025-08-27T00:00,26.1,95,0.0,11.0,1001.5,23.0,57.3,149.0,10.0,7.9,39.0,83
2025-08-27T01:00,26.9,93,0.0,9.7,1001.7,22.5,54.6,230.0,11.7,9.2,38.0,83
2025-08-27T02:00,27.0,90,0.0,8.5,1002.1,24.2,63.3,344.0,13.8,11.1,38.0,84
2025-08-27T03:00,27.9,84,0.0,10.1,1002.7,25.7,72.6,410.0,14.5,12.9,41.0,84
2025-08-27T04:00,29.0,77,0.0,11.8,1003.3,26.3,79.9,379.0,12.3,14.7,51.0,84
2025-08-27T05:00,29.7,73,0.0,12.1,1003.3,27.6,84.1,301.0,8.7,16.5,65.0,84
2025-08-27T06:00,30.1,73,0.0,11.6,1003.2,29.5,88.5,242.0,5.8,17.5,77.0,84
2025-08-27T07:00,30.0,75,0.1,12.0,1002.8,30.6,89.6,228.0,4.4,16.9,84.0,84
2025-08-27T08:00,30.2,75,0.0,12.6,1002.4,31.1,91.7,233.0,3.8,15.5,89.0,84
2025-08-27T09:00,30.1,76,0.0,13.0,1001.6,30.6,90.6,249.0,3.9,14.5,90.0,84
2025-08-27T10:00,29.9,76,0.0,12.9,1000.8,29.7,87.1,273.0,4.2,14.6,86.0,84
2025-08-27T11:00,29.5,78,0.0,13.0,1000.3,29.0,85.2,306.0,5.3,15.2,77.0,84
2025-08-27T12:00,29.0,79,0.0,12.7,1000.2,28.5,80.8,348.0,8.9,15.6,68.0,85
2025-08-27T13:00,28.4,81,0.0,10.6,1001.0,27.8,77.1,412.0,16.8,15.9,54.0,84
2025-08-27T14:00,27.7,86,0.0,9.0,1001.7,27.6,67.8,484.0,27.6,16.4,34.0,84
2025-08-27T15:00,27.5,88,0.0,8.7,1002.4,29.3,63.3,518.0,34.9,16.3,20.0,84
2025-08-27T16:00,27.4,88,0.0,9.0,1002.8,29.5,61.5,488.0,36.0,15.5,17.0,84
2025-08-27T17:00,27.1,90,0.0,10.3,1003.0,28.9,60.1,421.0,33.8,14.2,19.0,84
2025-08-27T18:00,27.0,90,0.0,9.8,1003.0,27.7,59.4,351.0,30.1,12.8,23.0,84
2025-08-27T19:00,26.7,92,0.0,9.1,1003.1,26.1,57.4,281.0,24.8,11.0,28.0,83
2025-08-27T20:00,26.5,93,0.0,9.5,1003.1,23.8,53.8,207.0,18.1,9.0,34.0,83
2025-08-27T21:00,26.4,94,0.1,9.0,1002.7,21.8,49.8,155.0,13.0,7.6,39.0,82
2025-08-27T22:00,26.1,95,0.0,9.5,1002.3,20.7,47.5,132.0,10.7,7.1,40.0,82
2025-08-27T23:00,26.0,96,0.0,9.2,1002.3,20.3,47.3,131.0,10.1,7.1,39.0,82
2025-08-28T00:00,26.0,95,0.0,8.6,1002.3,20.3,46.8,156.0,8.6,7.8,41.0,81
2025-08-28T01:00,27.0,87,0.0,9.2,1002.6,21.2,50.3,232.0,10.2,9.6,41.0,81
2025-08-28T02:00,27.1,85,0.0,9.6,1002.9,24.0,61.5,335.0,12.3,12.1,40.0,81
2025-08-28T03:00,27.8,82,0.0,10.1,1003.1,26.4,72.9,394.0,13.1,14.2,44.0,81
2025-08-28T04:00,28.7,76,0.0,10.3,1003.3,28.2,81.3,365.0,11.2,15.7,54.0,81
2025-08-28T05:00,29.6,71,0.0,9.9,1002.9,30.7,88.2,293.0,7.9,16.8,68.0,81
2025-08-28T06:00,30.4,70,0.0,9.7,1002.7,33.6,95.5,239.0,5.4,17.6,81.0,81
2025-08-28T07:00,30.8,70,0.0,11.4,1001.9,35.6,98.3,228.0,4.4,18.0,93.0,82
2025-08-28T08:00,30.9,70,0.0,12.6,1001.3,36.4,96.4,234.0,4.0,18.1,103.0,82
2025-08-28T09:00,30.5,70,0.0,13.7,1000.3,36.1,93.6,249.0,4.4,17.9,106.0,83
2025-08-28T10:00,30.0,72,0.0,14.7,999.4,34.6,89.6,267.0,5.0,17.2,98.0,83
2025-08-28T11:00,29.1,77,0.0,14.4,999.0,32.2,83.6,292.0,6.2,16.1,84.0,84
2025-08-28T12:00,28.7,79,0.0,14.1,999.0,34.0,88.9,328.0,9.4,16.7,71.0,84
2025-08-28T13:00,28.5,83,0.0,14.4,999.8,32.5,82.2,392.0,15.9,16.1,56.0,84
2025-08-28T14:00,27.7,88,0.0,10.5,1000.2,31.8,73.8,465.0,24.8,15.2,36.0,85
2025-08-28T15:00,27.5,90,0.0,11.2,1000.7,33.2,72.9,498.0,30.6,14.2,22.0,85
2025-08-28T16:00,27.3,91,0.0,10.7,1001.9,33.4,75.9,456.0,30.6,13.2,21.0,86
2025-08-28T17:00,27.0,91,0.0,12.2,1002.4,33.2,77.1,372.0,27.4,12.2,26.0,86
2025-08-28T18:00,27.0,91,0.0,11.2,1002.6,32.5,77.3,297.0,23.7,11.2,31.0,86
2025-08-28T19:00,26.8,91,0.0,10.3,1002.3,31.1,75.0,245.0,19.8,10.2,36.0,87
2025-08-28T20:00,26.5,92,0.0,9.6,1001.5,29.1,70.8,202.0,15.3,9.2,40.0,87
2025-08-28T21:00,26.1,93,0.0,9.2,1000.9,27.8,69.2,173.0,11.9,8.5,44.0,88
2025-08-28T22:00,26.0,93,0.0,8.5,1001.0,27.1,68.5,157.0,10.2,8.2,45.0,88
2025-08-28T23:00,26.0,94,0.0,8.3,1000.9,26.7,67.8,156.0,9.7,8.2,44.0,89
2025-08-29T00:00,25.9,94,0.0,8.3,1001.1,25.1,68.5,177.0,8.1,8.6,47.0,89
2025-08-29T01:00,26.6,91,0.0,8.2,1001.1,25.1,66.4,246.0,10.0,10.0,46.0,90
2025-08-29T02:00,26.8,90,0.0,9.3,1001.1,27.1,70.5,337.0,12.6,11.9,45.0,90
2025-08-29T03:00,27.6,84,0.0,10.4,1001.6,28.8,82.9,388.0,13.6,13.8,48.0,90
2025-08-29T04:00,28.5,79,0.0,11.9,1002.0,31.0,95.5,355.0,11.6,15.5,59.0,91
2025-08-29T05:00,29.4,74,0.0,13.3,1002.2,33.3,101.7,280.0,8.0,17.0,74.0,91
2025-08-29T06:00,29.8,71,0.0,13.4,1001.8,35.6,105.2,229.0,5.3,18.0,87.0,91
2025-08-29T07:00,29.7,74,0.1,12.3,1001.6,37.0,105.7,229.0,4.2,18.0,96.0,91
2025-08-29T08:00,29.5,76,0.0,13.3,1000.9,37.1,103.8,252.0,3.8,17.5,102.0,91
2025-08-29T09:00,29.8,75,0.0,15.0,1000.2,36.1,101.0,278.0,4.2,16.9,103.0,91
2025-08-29T10:00,29.4,76,0.0,14.5,999.7,34.7,97.8,297.0,4.8,16.4,95.0,91
2025-08-29T11:00,29.3,76,0.0,12.9,999.2,34.0,96.6,319.0,6.0,16.0,82.0,91
2025-08-29T12:00,28.6,79,0.0,12.2,999.2,39.8,121.5,354.0,9.0,16.9,72.0,92
2025-08-29T13:00,28.2,83,0.0,10.0,999.9,38.6,116.4,420.0,16.4,16.7,57.0,92
2025-08-29T14:00,27.8,85,0.0,10.8,1000.3,38.2,106.4,499.0,26.7,16.5,37.0,93
2025-08-29T15:00,27.6,89,0.0,11.0,1001.0,39.2,96.9,552.0,34.4,16.0,22.0,93
2025-08-29T16:00,27.2,91,0.0,9.8,1002.1,39.3,93.6,567.0,37.6,15.2,17.0,94
2025-08-29T17:00,27.1,91,0.0,9.8,1003.0,40.0,92.7,555.0,38.3,14.2,17.0,94
2025-08-29T18:00,27.0,91,0.0,8.3,1003.2,39.9,91.5,518.0,37.0,13.2,19.0,95
2025-08-29T19:00,26.8,91,0.0,7.4,1003.1,38.3,88.0,435.0,32.5,12.0,23.0,96
2025-08-29T20:00,26.5,93,0.0,7.9,1002.7,36.0,84.5,326.0,26.0,10.8,30.0,96
2025-08-29T21:00,26.3,94,0.0,6.5,1002.3,34.2,80.1,248.0,21.3,10.2,34.0,97
2025-08-29T22:00,26.3,94,0.0,4.1,1002.0,33.3,76.6,224.0,20.4,10.2,33.0,97
2025-08-29T23:00,26.1,95,0.0,5.4,1002.0,33.8,77.3,231.0,21.3,10.7,29.0,98
2025-08-30T00:00,26.1,95,0.0,5.3,1002.1,31.5,69.8,261.0,14.1,10.6,37.0,99
2025-08-30T01:00,26.8,92,0.0,6.6,1002.6,32.8,74.7,331.0,15.0,12.8,39.0,99
2025-08-30T02:00,27.0,89,0.0,6.8,1003.0,35.6,91.0,423.0,16.2,15.9,42.0,100
2025-08-30T03:00,27.8,84,0.0,5.9,1003.6,36.7,100.6,473.0,16.1,18.5,48.0,101
2025-08-30T04:00,28.9,78,0.0,6.2,1004.0,41.0,126.7,439.0,13.6,20.4,59.0,101
2025-08-30T05:00,29.8,73,0.0,8.4,1004.4,41.4,125.7,363.0,9.9,21.9,73.0,102
2025-08-30T06:00,30.0,73,0.0,10.5,1004.4,46.1,141.1,301.0,6.9,22.6,86.0,103
2025-08-30T07:00,30.2,72,0.0,11.0,1003.8,48.8,145.8,272.0,5.3,21.9,97.0,104
2025-08-30T08:00,30.9,68,0.0,11.6,1003.2,49.9,146.2,257.0,4.5,20.4,107.0,106
2025-08-30T09:00,30.5,70,0.0,13.6,1002.7,48.8,137.8,255.0,4.5,19.0,110.0,107
2025-08-30T10:00,30.4,69,0.0,12.9,1001.8,46.0,125.7,273.0,5.1,18.1,103.0,108
2025-08-30T11:00,30.0,71,0.0,12.9,1001.2,42.8,115.7,303.0,6.5,17.3,89.0,110
2025-08-30T12:00,29.5,73,0.0,12.5,1001.4,41.9,109.4,324.0,10.2,16.9,77.0,110
2025-08-30T13:00,29.0,80,0.0,11.7,1002.2,38.6,96.9,321.0,17.9,16.6,61.0,111
2025-08-30T14:00,28.4,83,0.0,11.9,1002.5,36.6,86.8,309.0,28.5,16.1,40.0,111
2025-08-30T15:00,28.0,85,0.0,10.6,1003.1,38.1,81.3,308.0,36.0,15.7,24.0,110
2025-08-30T16:00,28.0,86,0.0,10.9,1003.8,38.8,81.7,340.0,37.6,15.5,20.0,110
2025-08-30T17:00,27.7,88,0.0,9.4,1004.0,38.0,79.9,384.0,36.1,15.4,21.0,110
2025-08-30T18:00,27.4,91,0.0,8.6,1004.1,36.1,76.6,396.0,33.4,14.9,24.0,110
2025-08-30T19:00,27.1,92,0.0,9.2,1003.8,34.0,72.9,344.0,29.7,13.5,27.0,110
2025-08-30T20:00,27.0,92,0.0,9.2,1003.5,31.7,69.4,260.0,24.8,11.7,31.0,109
2025-08-30T21:00,26.8,93,0.0,7.3,1003.1,29.8,67.3,198.0,20.6,10.4,35.0,109
2025-08-30T22:00,26.5,94,0.0,7.3,1002.3,28.5,66.8,177.0,17.7,9.9,37.0,108
2025-08-30T23:00,26.4,93,0.0,8.3,1002.2,27.5,66.8,179.0,15.4,9.9,38.0,108
2025-08-31T00:00,26.4,93,0.0,7.4,1002.7,26.7,66.4,200.0,15.8,11.3,36.0,107
2025-08-31T01:00,27.0,89,0.0,7.2,1003.2,26.1,69.6,260.0,15.4,12.5,38.0,107
2025-08-31T02:00,27.4,85,0.0,7.9,1003.4,27.7,78.7,341.0,14.7,14.1,42.0,106
2025-08-31T03:00,28.0,80,0.0,9.9,1003.6,28.0,86.1,382.0,13.4,15.5,48.0,105
2025-08-31T04:00,29.0,74,0.0,11.5,1004.1,30.2,96.9,346.0,10.9,16.4,58.0,104
2025-08-31T05:00,30.0,69,0.0,13.8,1004.6,32.7,102.0,271.0,7.8,17.0,70.0,103
2025-08-31T06:00,30.2,67,0.0,15.5,1004.3,34.7,105.5,215.0,5.4,17.1,80.0,102
2025-08-31T07:00,30.6,65,0.0,15.5,1003.8,35.6,106.6,200.0,4.2,16.4,86.0,101
2025-08-31T08:00,30.8,65,0.0,16.1,1003.1,35.3,104.5,203.0,3.7,15.2,90.0,100
2025-08-31T09:00,30.8,65,0.0,17.5,1001.8,34.3,102.2,213.0,3.8,14.2,90.0,98
2025-08-31T10:00,30.5,66,0.0,18.1,1000.8,32.2,95.9,230.0,4.4,13.7,84.0,97
2025-08-31T11:00,30.0,68,0.0,18.3,1000.0,29.8,89.2,254.0,5.7,13.3,74.0,96
2025-08-31T12:00,29.2,73,0.0,18.3,999.9,29.5,91.3,269.0,8.1,13.8,65.0,95
2025-08-31T13:00,28.5,78,0.0,16.4,1000.8,26.4,79.6,266.0,12.4,13.3,56.0,94
2025-08-31T14:00,27.8,83,0.0,15.5,1000.9,24.2,65.7,254.0,18.3,12.6,44.0,93
2025-08-31T15:00,27.5,84,0.0,17.3,1001.1,23.3,58.1,245.0,22.1,11.8,36.0,91
2025-08-31T16:00,27.4,84,0.0,16.4,1001.5,21.8,53.2,247.0,22.1,10.9,34.0,90
2025-08-31T17:00,27.1,86,0.0,15.4,1002.0,20.8,50.8,251.0,20.1,10.0,36.0,89
2025-08-31T18:00,26.9,87,0.0,15.5,1001.9,20.4,48.9,244.0,17.6,9.1,38.0,87
2025-08-31T19:00,26.6,89,0.0,13.6,1001.4,19.9,48.1,212.0,14.9,8.2,40.0,86
2025-08-31T20:00,26.5,90,0.0,13.2,1000.9,19.4,47.7,168.0,11.7,7.3,43.0,84
2025-08-31T21:00,26.4,90,0.0,14.0,1000.3,19.0,47.4,136.0,9.1,6.6,45.0,83
2025-08-31T22:00,26.5,87,0.0,14.6,999.8,18.7,46.8,122.0,7.4,6.2,46.0,82
2025-08-31T23:00,26.6,85,0.0,16.2,999.6,18.5,46.1,120.0,6.4,6.0,48.0,82
2025-09-01T00:00,26.5,86,0.0,15.5,999.9,18.6,48.4,136.0,6.2,6.2,48.0,81
2025-09-01T01:00,27.0,84,0.0,14.8,1000.4,19.4,49.4,187.0,8.2,7.1,47.0,80
2025-09-01T02:00,26.8,87,0.1,16.9,1000.6,21.1,51.7,256.0,10.8,8.4,45.0,79
2025-09-01T03:00,27.7,79,0.3,19.0,1000.9,22.6,58.4,296.0,12.0,9.6,47.0,79
2025-09-01T04:00,28.5,74,0.3,19.1,1001.3,23.3,64.5,277.0,10.3,10.5,54.0,78
2025-09-01T05:00,29.1,71,0.0,19.2,1001.4,24.3,67.5,228.0,7.1,11.3,65.0,78
2025-09-01T06:00,30.0,66,0.0,19.5,1001.4,24.9,66.8,193.0,4.6,11.8,73.0,77
2025-09-01T07:00,30.4,64,0.0,19.5,1000.7,25.1,65.0,189.0,3.6,11.9,78.0,76
2025-09-01T08:00,30.5,63,0.0,18.7,999.9,25.7,65.0,197.0,3.4,11.8,82.0,75
2025-09-01T09:00,30.6,63,0.0,18.4,998.9,24.9,61.0,210.0,3.7,11.7,82.0,74
2025-09-01T10:00,30.2,65,0.0,18.8,998.1,24.4,58.9,225.0,4.4,11.8,78.0,74
2025-09-01T11:00,29.6,68,0.0,19.2,997.6,23.9,56.7,244.0,5.7,12.0,72.0,73
2025-09-01T12:00,28.9,73,0.1,18.8,997.7,25.8,62.6,260.0,7.8,12.8,66.0,72
2025-09-01T13:00,28.6,74,0.0,16.7,998.4,24.5,56.8,271.0,12.6,12.6,57.0,72
2025-09-01T14:00,28.0,77,0.0,15.9,998.8,24.3,49.2,278.0,19.2,12.2,45.0,72
2025-09-01T15:00,27.6,81,0.0,14.3,999.2,25.0,49.2,282.0,23.6,11.7,37.0,72
2025-09-01T16:00,27.5,81,0.0,14.4,1000.0,25.2,49.6,285.0,23.8,11.0,36.0,72
2025-09-01T17:00,27.3,82,0.0,14.2,1000.4,25.3,49.2,285.0,21.8,10.2,38.0,72
2025-09-01T18:00,27.0,84,0.0,13.7,1000.5,25.0,48.5,272.0,19.2,9.4,41.0,73
2025-09-01T19:00,26.7,86,0.0,12.1,1000.4,24.4,47.8,236.0,16.2,8.5,44.0,73
2025-09-01T20:00,26.5,87,0.0,13.7,1000.1,23.3,46.1,187.0,12.7,7.5,47.0,74
2025-09-01T21:00,26.4,88,0.0,12.7,999.7,22.7,45.4,151.0,9.9,6.9,49.0,74
2025-09-01T22:00,26.2,89,0.0,12.4,999.6,22.1,44.6,135.0,8.3,6.7,50.0,74
2025-09-01T23:00,26.1,89,0.0,11.7,999.7,22.1,45.1,131.0,7.5,6.9,50.0,74
2025-09-02T00:00,26.0,90,0.0,11.0,1000.1,21.3,42.8,148.0,6.5,7.0,53.0,75
2025-09-02T01:00,26.8,85,0.0,11.1,1000.2,21.0,42.1,204.0,8.7,8.3,51.0,75
2025-09-02T02:00,26.9,85,0.1,12.8,1000.6,22.6,44.0,280.0,11.6,10.2,49.0,75
2025-09-02T03:00,27.7,80,0.0,13.5,1000.9,24.0,51.0,324.0,12.9,11.9,51.0,75
2025-09-02T04:00,28.8,73,0.0,14.3,1001.6,24.3,55.1,304.0,11.0,13.3,60.0,75
2025-09-02T05:00,29.7,68,0.0,15.0,1001.6,25.3,59.3,253.0,7.5,14.5,72.0,76
2025-09-02T06:00,30.0,66,0.1,15.5,1001.5,26.5,61.9,216.0,4.9,15.3,81.0,76
2025-09-02T07:00,29.8,68,0.1,15.3,1001.1,27.0,61.0,213.0,4.0,15.4,86.0,76
2025-09-02T08:00,30.1,66,0.1,14.6,1000.6,26.3,59.6,224.0,4.0,15.0,87.0,76
2025-09-02T09:00,30.0,66,0.0,13.7,999.9,25.4,56.9,238.0,4.5,14.6,86.0,76
2025-09-02T10:00,30.4,64,0.0,13.4,999.3,24.7,55.1,254.0,4.9,14.4,81.0,76
2025-09-02T11:00,30.1,64,0.0,13.8,998.9,24.0,53.7,273.0,5.9,14.2,72.0,76
2025-09-02T12:00,29.1,71,0.1,15.4,998.9,28.7,67.1,289.0,8.1,13.1,61.0,76
2025-09-02T13:00,28.6,75,0.0,13.3,999.5,28.6,65.0,299.0,13.4,12.9,52.0,76
2025-09-02T14:00,27.9,79,0.0,11.3,1000.1,29.7,60.8,306.0,20.6,12.7,39.0,77
2025-09-02T15:00,27.7,80,0.0,12.7,1000.5,30.7,60.8,317.0,26.3,12.4,29.0,77
2025-09-02T16:00,27.6,79,0.0,12.8,1001.4,31.5,61.5,346.0,28.9,12.2,25.0,78
2025-09-02T17:00,27.5,80,0.0,11.3,1002.4,32.7,62.9,379.0,29.8,12.0,24.0,78
2025-09-02T18:00,27.2,81,0.0,9.1,1003.0,33.6,64.5,384.0,29.8,11.6,23.0,79
2025-09-02T19:00,27.1,83,0.0,7.9,1003.1,33.5,65.0,336.0,29.0,10.9,22.0,80
2025-09-02T20:00,26.9,84,0.0,8.3,1002.6,33.5,64.5,261.0,27.2,10.0,23.0,80
2025-09-02T21:00,26.5,85,0.0,9.3,1001.9,32.9,62.2,204.0,24.9,9.4,24.0,81
2025-09-02T22:00,26.4,86,0.0,9.6,1001.8,32.0,61.0,178.0,21.7,9.1,27.0,82
2025-09-02T23:00,26.0,88,0.0,9.4,1001.7,30.3,58.7,169.0,18.0,9.1,31.0,83
2025-09-03T00:00,25.9,89,0.0,9.3,1001.9,25.1,48.0,182.0,12.0,8.9,39.0,84
2025-09-03T01:00,26.7,86,0.0,8.3,1002.6,24.0,46.0,235.0,12.8,9.7,39.0,84
2025-09-03T02:00,26.9,82,0.0,8.3,1003.0,25.3,48.4,309.0,13.8,11.0,40.0,84
2025-09-03T03:00,28.0,74,0.0,9.6,1003.2,26.7,56.6,351.0,13.7,12.4,45.0,85
2025-09-03T04:00,29.2,66,0.0,9.5,1003.3,27.8,63.3,330.0,11.4,14.3,56.0,85
2025-09-03T05:00,30.2,61,0.0,9.8,1003.6,29.7,70.5,278.0,8.0,16.3,71.0,85
2025-09-03T06:00,30.8,60,0.0,11.3,1003.5,32.7,77.8,237.0,5.4,17.9,84.0,86
2025-09-03T07:00,31.0,59,0.0,13.1,1003.0,34.8,81.0,224.0,4.3,18.7,96.0,86
2025-09-03T08:00,31.5,57,0.0,14.1,1002.4,34.9,78.7,222.0,3.9,18.9,107.0,87
2025-09-03T09:00,31.5,57,0.0,15.1,1001.7,33.5,73.3,229.0,4.2,18.8,110.0,88
2025-09-03T10:00,31.1,59,0.0,15.2,1001.1,31.0,67.1,245.0,4.6,18.1,102.0,88
2025-09-03T11:00,30.8,60,0.0,13.9,1000.8,27.9,60.3,270.0,5.6,16.9,86.0,89
2025-09-03T12:00,30.0,63,0.0,12.6,1000.7,36.0,80.1,293.0,8.8,16.6,72.0,89
2025-09-03T13:00,29.1,66,0.0,12.2,1001.1,34.2,76.4,316.0,16.1,16.5,57.0,90
2025-09-03T14:00,28.3,70,0.0,9.4,1002.0,33.1,67.8,337.0,26.2,16.3,36.0,90
2025-09-03T15:00,28.0,74,0.0,12.0,1002.8,34.3,66.8,347.0,33.5,15.9,21.0,91
2025-09-03T16:00,27.6,79,0.0,11.9,1003.5,34.2,66.4,340.0,35.7,15.4,16.0,91
2025-09-03T17:00,27.3,81,0.0,10.6,1004.3,33.9,65.7,321.0,35.1,14.8,17.0,91
2025-09-03T18:00,27.1,81,0.0,10.1,1004.4,33.1,64.3,296.0,33.0,13.9,20.0,91
2025-09-03T19:00,26.9,83,0.0,10.2,1004.3,31.2,61.7,260.0,28.9,12.5,24.0,91
2025-09-03T20:00,26.6,85,0.0,10.2,1003.7,28.6,58.0,218.0,23.3,11.0,30.0,91
2025-09-03T21:00,26.4,86,0.0,9.0,1003.1,26.1,54.6,187.0,18.6,9.8,34.0,91
2025-09-03T22:00,26.0,88,0.0,6.2,1003.2,24.0,51.8,169.0,15.8,9.3,35.0,90
2025-09-03T23:00,25.8,90,0.0,6.5,1003.3,22.4,49.4,162.0,14.0,9.2,35.0,89
2025-09-04T00:00,25.5,91,0.0,6.2,1003.6,23.7,55.9,177.0,14.4,10.2,36.0,89
2025-09-04T01:00,26.1,90,0.0,8.1,1003.7,23.6,54.0,235.0,14.5,11.7,37.0,89
2025-09-04T02:00,26.4,87,0.0,8.5,1004.2,25.3,57.2,313.0,14.5,13.8,39.0,89
2025-09-04T03:00,27.4,81,0.0,10.3,1004.4,25.1,66.6,359.0,13.8,15.7,45.0,89
2025-09-04T04:00,28.8,70,0.0,10.7,1005.1,26.0,72.2,338.0,11.5,17.0,57.0,88
2025-09-04T05:00,30.0,64,0.0,10.3,1005.2,27.5,75.2,284.0,8.5,18.1,72.0,88
2025-09-04T06:00,31.0,61,0.0,10.5,1004.8,29.7,78.7,242.0,6.1,18.8,86.0,88
2025-09-04T07:00,31.2,61,0.0,12.7,1004.2,31.9,81.3,229.0,4.9,19.3,98.0,88
2025-09-04T08:00,31.2,62,0.0,13.6,1003.8,32.2,80.8,228.0,4.4,19.5,108.0,88
2025-09-04T09:00,31.4,60,0.0,14.3,1002.9,31.2,79.2,236.0,4.6,19.2,111.0,87
2025-09-04T10:00,30.8,64,0.0,14.8,1002.5,29.7,75.7,256.0,5.4,18.3,102.0,87
2025-09-04T11:00,30.1,66,0.0,14.0,1002.3,27.5,71.0,285.0,6.9,16.9,85.0,87
2025-09-04T12:00,29.5,69,0.0,13.6,1002.2,28.6,73.3,304.0,11.4,17.6,75.0,87
2025-09-04T13:00,28.7,74,0.0,12.8,1002.3,26.5,67.1,308.0,16.9,16.6,60.0,86
2025-09-04T14:00,27.8,80,0.0,12.8,1003.0,25.9,61.0,302.0,24.3,15.2,39.0,86
2025-09-04T15:00,27.5,82,0.0,11.1,1003.4,26.0,55.1,290.0,28.9,13.9,25.0,85
2025-09-04T16:00,27.2,83,0.0,11.1,1004.0,25.3,54.4,270.0,28.1,12.7,23.0,84
2025-09-04T17:00,27.0,84,0.0,10.8,1005.0,24.4,51.9,243.0,24.5,11.6,27.0,83
2025-09-04T18:00,26.9,85,0.0,11.8,1005.3,23.3,49.2,218.0,20.5,10.5,32.0,83
2025-09-04T19:00,26.8,86,0.0,12.7,1005.2,22.3,47.0,198.0,16.7,9.3,36.0,82
2025-09-04T20:00,26.4,88,0.0,11.4,1004.1,20.8,43.9,180.0,12.6,8.1,40.0,81
2025-09-04T21:00,26.2,89,0.0,9.5,1003.2,19.4,40.9,167.0,9.5,7.3,43.0,80
2025-09-04T22:00,26.0,89,0.0,7.5,1003.3,18.7,40.2,150.0,7.8,7.1,44.0,80
2025-09-04T23:00,25.9,91,0.0,10.3,1003.4,18.5,40.0,138.0,7.2,7.3,44.0,79
2025-09-05T00:00,25.8,93,0.0,12.6,1003.5,18.5,40.3,155.0,7.6,7.9,44.0,79
2025-09-05T01:00,26.4,92,0.0,14.0,1003.3,19.2,41.1,235.0,9.4,8.8,42.0,78
2025-09-05T02:00,26.6,90,0.0,10.2,1003.9,21.6,45.4,345.0,11.9,10.2,40.0,78
2025-09-05T03:00,27.8,82,0.0,8.2,1004.7,23.6,52.5,410.0,13.3,12.1,43.0,78
2025-09-05T04:00,29.5,72,0.0,8.9,1005.0,25.5,57.4,387.0,12.7,15.1,56.0,78
2025-09-05T05:00,31.2,64,0.0,10.1,1005.1,28.0,63.6,318.0,11.0,18.6,74.0,77
2025-09-05T06:00,32.2,60,0.0,12.3,1004.6,31.0,68.7,264.0,9.4,21.1,92.0,78
2025-09-05T07:00,32.7,58,0.0,13.7,1004.2,33.4,71.9,244.0,7.9,21.8,110.0,78
2025-09-05T08:00,32.8,58,0.0,14.8,1003.6,33.4,69.4,238.0,6.4,21.4,127.0,78
2025-09-05T09:00,32.5,58,0.0,15.7,1002.6,32.0,65.7,240.0,5.9,20.4,132.0,78
2025-09-05T10:00,31.8,60,0.0,16.0,1001.9,30.0,61.5,251.0,6.9,18.5,117.0,78
2025-09-05T11:00,31.1,63,0.0,16.0,1001.3,27.6,58.4,269.0,9.0,16.1,90.0,78
2025-09-05T12:00,30.1,71,0.0,16.9,1001.0,29.7,63.8,285.0,12.5,14.7,72.0,78
2025-09-05T13:00,28.9,79,0.0,14.0,1002.5,28.9,61.0,299.0,16.9,13.8,59.0,78
2025-09-05T14:00,28.1,83,0.0,11.0,1002.9,28.5,56.6,310.0,22.8,12.5,40.0,78
2025-09-05T15:00,27.8,85,0.0,10.1,1003.4,28.5,54.4,307.0,26.3,11.4,28.0,79
2025-09-05T16:00,27.4,87,0.0,14.1,1004.0,28.8,54.7,278.0,25.2,10.8,27.0,79
2025-09-05T17:00,27.3,87,0.0,14.5,1004.4,28.3,54.5,235.0,21.7,10.5,32.0,79
2025-09-05T18:00,27.2,85,0.0,15.6,1004.9,27.5,51.8,197.0,18.0,10.0,37.0,79
2025-09-05T19:00,27.2,85,0.0,13.4,1004.9,26.4,49.7,172.0,14.7,9.2,40.0,80
2025-09-05T20:00,27.0,86,0.0,12.6,1004.5,25.3,48.8,152.0,11.4,8.3,44.0,80
2025-09-05T21:00,26.7,88,0.0,12.7,1003.6,24.2,48.2,139.0,8.8,7.6,46.0,81
2025-09-05T22:00,26.5,90,0.0,11.3,1003.5,23.3,47.3,130.0,7.3,7.3,47.0,81
2025-09-05T23:00,26.2,91,0.0,12.3,1003.5,22.6,45.8,128.0,6.6,7.4,48.0,81
2025-09-06T00:00,26.2,92,0.0,13.5,1003.7,21.8,44.1,143.0,6.6,6.9,48.0,82
2025-09-06T01:00,26.5,90,0.0,13.2,1003.5,22.0,43.4,192.0,8.8,7.9,46.0,82
2025-09-06T02:00,26.7,89,0.0,14.6,1004.0,23.9,46.6,258.0,11.8,9.3,43.0,82
2025-09-06T03:00,27.8,81,0.0,15.0,1004.4,25.9,53.0,299.0,13.4,11.0,46.0,82
2025-09-06T04:00,29.1,73,0.0,13.2,1004.7,28.1,59.3,290.0,12.3,13.2,58.0,83
2025-09-06T05:00,30.3,68,0.0,12.9,1004.7,29.6,63.3,256.0,9.9,15.6,75.0,83
2025-09-06T06:00,31.5,63,0.0,13.1,1004.6,31.1,67.8,230.0,7.7,17.2,89.0,83
2025-09-06T07:00,32.0,62,0.0,13.5,1004.1,32.0,71.2,223.0,6.2,17.3,97.0,83
2025-09-06T08:00,32.2,61,0.0,14.2,1003.3,32.1,72.6,223.0,5.0,16.5,102.0,83
2025-09-06T09:00,32.0,62,0.0,15.4,1002.2,32.0,73.1,230.0,4.8,15.6,101.0,83
2025-09-06T10:00,31.5,64,0.0,16.7,1001.1,31.5,71.9,247.0,5.8,14.9,92.0,83
2025-09-06T11:00,30.8,67,0.0,17.9,1000.6,30.6,69.2,271.0,7.7,14.2,76.0,83
2025-09-06T12:00,30.1,69,0.0,16.7,1000.6,29.0,64.3,288.0,11.1,13.3,63.0,83
2025-09-06T13:00,29.2,75,0.0,14.1,1001.5,27.3,56.0,295.0,16.3,12.8,52.0,83
2025-09-06T14:00,28.0,83,0.0,11.9,1001.8,26.1,46.1,296.0,23.3,12.0,37.0,83
2025-09-06T15:00,27.5,87,0.0,10.9,1002.2,26.2,44.8,290.0,28.3,11.6,26.0,83
2025-09-06T16:00,27.5,86,0.0,11.7,1003.1,25.9,43.8,274.0,29.8,12.0,23.0,83
2025-09-06T17:00,27.3,87,0.0,13.3,1003.8,26.4,44.0,251.0,29.2,12.6,25.0,82
2025-09-06T18:00,27.0,87,0.0,12.1,1003.5,26.4,43.9,227.0,26.8,12.7,28.0,82
2025-09-06T19:00,26.9,88,0.0,11.4,1003.5,24.8,41.7,200.0,21.7,11.6,34.0,82
2025-09-06T20:00,26.6,90,0.0,12.8,1002.6,22.1,38.0,173.0,14.8,9.9,42.0,82
2025-09-06T21:00,26.5,91,0.0,12.7,1002.1,19.2,33.8,153.0,9.5,8.6,48.0,82
2025-09-06T22:00,26.4,91,0.0,13.6,1001.5,17.5,31.8,142.0,6.9,7.9,51.0,81
2025-09-06T23:00,26.4,91,0.0,13.2,1001.6,17.1,31.8,139.0,5.9,7.4,52.0,81
2025-09-07T00:00,26.4,91,0.0,12.7,1001.8,16.6,31.7,152.0,6.2,7.6,52.0,80
2025-09-07T01:00,26.6,91,0.0,14.0,1002.1,17.1,32.1,197.0,8.6,8.3,50.0,80
2025-09-07T02:00,26.8,90,0.0,13.8,1002.4,18.9,35.2,257.0,11.8,9.4,47.0,79
2025-09-07T03:00,27.9,82,0.0,16.3,1002.9,20.9,42.3,294.0,13.4,10.7,48.0,79
2025-09-07T04:00,29.4,73,0.0,14.3,1003.3,22.2,46.9,283.0,11.7,12.4,58.0,78
2025-09-07T05:00,30.6,66,0.0,13.9,1003.2,23.6,50.9,248.0,8.4,14.3,72.0,78
2025-09-07T06:00,31.5,62,0.0,14.1,1003.1,25.0,52.9,220.0,5.7,15.4,83.0,77
2025-09-07T07:00,31.9,61,0.0,15.3,1002.5,25.3,52.0,209.0,4.3,15.0,88.0,77
2025-09-07T08:00,31.6,62,0.0,17.8,1001.7,24.9,51.9,205.0,3.7,13.8,90.0,76
2025-09-07T09:00,31.2,64,0.0,19.6,1000.5,24.0,49.1,211.0,3.9,12.9,88.0,76
2025-09-07T10:00,30.5,67,0.0,18.4,1000.6,22.9,46.2,232.0,5.2,12.8,80.0,75
2025-09-07T11:00,29.9,69,0.0,16.0,1000.9,23.5,48.3,263.0,7.4,13.0,68.0,74
2025-09-07T12:00,29.4,70,0.0,14.9,1000.5,23.4,46.6,285.0,10.5,11.1,58.0,73
2025-09-07T13:00,28.0,76,0.0,14.6,1000.5,25.3,48.7,289.0,15.1,11.6,50.0,73
2025-09-07T14:00,27.6,79,0.0,14.2,1001.0,26.8,49.7,285.0,21.4,12.4,39.0,73
2025-09-07T15:00,27.5,80,0.0,12.6,1001.2,28.3,49.9,281.0,25.5,12.8,31.0,73
2025-09-07T16:00,27.5,81,0.0,10.7,1001.6,28.8,50.9,284.0,25.6,12.8,30.0,73
2025-09-07T17:00,27.4,82,0.0,13.2,1002.2,28.9,51.2,286.0,23.5,12.4,32.0,73
2025-09-07T18:00,27.1,84,0.0,13.0,1001.8,28.9,51.1,276.0,20.8,11.9,35.0,74
2025-09-07T19:00,27.0,85,0.0,13.3,1001.4,28.2,50.5,239.0,17.5,11.0,38.0,74
2025-09-07T20:00,26.9,85,0.0,12.8,1000.9,26.8,48.8,189.0,13.6,10.0,41.0,74
2025-09-07T21:00,26.8,85,0.0,10.4,1000.8,25.1,47.1,155.0,10.6,9.2,43.0,74
2025-09-07T22:00,26.6,85,0.0,12.3,1000.4,24.1,46.3,137.0,8.7,8.7,44.0,75
2025-09-07T23:00,26.6,86,0.0,9.4,1000.5,23.3,45.5,135.0,7.7,8.5,45.0,76
2025-09-08T00:00,26.5,87,0.0,10.2,1000.2,20.8,41.2,171.0,6.7,7.7,47.0,76
2025-09-08T01:00,26.1,93,1.9,10.7,1000.1,21.1,42.6,290.0,10.0,8.7,44.0,77
2025-09-08T02:00,26.0,95,1.8,12.1,1000.5,22.2,43.8,447.0,14.6,10.2,39.0,77
2025-09-08T03:00,26.2,93,0.1,10.9,1001.1,24.3,47.7,533.0,17.4,11.9,39.0,77
2025-09-08T04:00,26.5,90,0.1,11.4,1001.7,26.0,51.8,474.0,17.0,14.3,46.0,77
2025-09-08T05:00,28.3,77,0.1,14.8,1001.7,26.8,55.2,344.0,14.9,16.9,57.0,78
2025-09-08T06:00,29.1,74,0.1,12.6,1001.5,26.7,56.8,251.0,12.9,18.6,66.0,78
2025-09-08T07:00,28.9,76,0.3,12.7,1001.2,26.6,56.9,245.0,11.3,18.7,74.0,78
2025-09-08T08:00,28.5,78,0.7,12.6,1000.7,26.2,55.8,275.0,9.9,17.9,80.0,78
2025-09-08T09:00,27.1,87,0.4,14.8,1000.1,27.8,58.1,301.0,9.9,17.0,81.0,78
2025-09-08T10:00,28.1,79,0.1,17.0,999.8,27.4,56.6,301.0,11.8,16.1,73.0,79
2025-09-08T11:00,28.0,81,0.1,18.9,999.6,23.7,50.5,297.0,15.1,15.0,59.0,79
2025-09-08T12:00,27.6,83,0.1,13.9,1000.1,24.9,48.7,311.0,19.4,12.4,49.0,79
2025-09-08T13:00,27.6,82,0.1,14.8,1001.0,25.3,45.3,367.0,24.6,12.6,41.0,79
2025-09-08T14:00,27.4,83,0.1,14.4,1001.5,26.4,48.3,440.0,31.8,13.0,31.0,79
2025-09-08T15:00,27.2,84,0.0,13.6,1001.9,27.9,50.4,479.0,37.2,13.4,23.0,79
2025-09-08T16:00,27.0,88,0.1,9.2,1002.7,27.6,48.8,457.0,39.3,14.1,19.0,79
2025-09-08T17:00,26.8,90,0.2,8.3,1003.0,29.2,51.5,401.0,39.6,14.9,18.0,79
2025-09-08T18:00,26.5,93,0.3,11.2,1002.7,30.3,53.3,340.0,38.6,15.3,18.0,79
2025-09-08T19:00,26.3,94,0.1,10.2,1002.6,31.5,55.6,274.0,36.3,15.2,18.0,79
2025-09-08T20:00,26.2,94,0.0,10.8,1002.2,30.9,55.8,203.0,32.7,14.7,20.0,80
2025-09-08T21:00,26.2,93,0.0,11.4,1001.7,30.0,54.9,153.0,28.8,14.1,22.0,80
2025-09-08T22:00,26.2,93,0.0,10.9,1001.6,28.5,52.9,124.0,23.7,13.3,27.0,80
2025-09-08T23:00,26.1,93,0.1,12.1,1001.6,26.0,50.6,115.0,18.2,12.5,33.0,81
2025-09-09T00:00,26.0,93,0.1,12.5,1001.8,21.9,43.4,150.0,12.7,9.8,42.0,81
2025-09-09T01:00,25.8,95,1.2,11.1,1002.1,21.8,43.8,274.0,15.5,10.5,41.0,81
2025-09-09T02:00,25.5,96,1.0,14.2,1002.5,22.7,44.1,442.0,19.3,11.5,40.0,81
2025-09-09T03:00,25.5,95,2.7,13.0,1003.0,24.4,48.0,542.0,21.6,12.5,41.0,81
2025-09-09T04:00,25.7,92,2.7,15.7,1003.5,23.1,43.8,506.0,20.9,13.7,46.0,81
2025-09-09T05:00,25.6,93,1.2,15.3,1003.9,21.7,38.9,403.0,18.6,14.9,52.0,81
2025-09-09T06:00,26.5,88,0.5,16.6,1003.7,18.7,31.8,326.0,17.1,15.5,56.0,81
2025-09-09T07:00,27.9,79,0.2,17.8,1003.2,18.0,30.9,313.0,16.8,15.0,56.0,80
2025-09-09T08:00,27.5,81,0.5,18.1,1002.5,17.8,29.9,326.0,17.1,13.9,54.0,79
2025-09-09T09:00,26.3,91,6.4,19.7,1002.0,18.4,30.3,345.0,18.9,13.0,51.0,78
2025-09-09T10:00,25.8,94,8.4,18.6,1001.7,17.6,27.2,372.0,23.4,12.7,46.0,77
2025-09-09T11:00,25.8,94,10.9,18.4,1001.7,18.7,27.8,405.0,29.4,12.5,39.0,77
2025-09-09T12:00,25.6,95,15.8,21.0,1002.0,18.4,25.5,417.0,31.8,12.0,40.0,76
2025-09-09T13:00,26.1,95,3.5,18.2,1002.1,18.5,23.7,388.0,33.0,12.1,38.0,76
2025-09-09T14:00,25.8,94,6.6,17.9,1002.6,17.9,22.0,338.0,34.7,12.2,35.0,75
2025-09-09T15:00,26.1,93,1.7,15.3,1003.0,16.9,20.7,297.0,35.8,12.4,33.0,74
2025-09-09T16:00,26.2,93,0.4,13.8,1003.7,15.2,17.6,281.0,35.7,12.5,32.0,73
2025-09-09T17:00,26.1,93,0.2,12.8,1004.0,14.6,16.2,275.0,35.1,12.7,31.0,72
2025-09-09T18:00,26.0,93,0.2,11.2,1004.0,15.8,16.9,263.0,34.5,12.9,30.0,71
2025-09-09T19:00,25.5,94,0.2,4.4,1003.8,18.9,19.7,235.0,34.9,13.5,29.0,70
2025-09-09T20:00,25.5,94,0.3,8.1,1003.5,19.3,20.1,201.0,35.4,14.3,27.0,68
2025-09-09T21:00,25.8,92,0.1,9.5,1003.3,15.0,15.7,178.0,33.8,14.2,28.0,67
2025-09-09T22:00,25.4,94,0.7,14.3,1003.2,12.3,13.3,159.0,28.0,12.6,33.0,66
2025-09-09T23:00,25.5,94,0.3,12.4,1003.6,10.6,13.6,151.0,20.1,10.2,39.0,65
2025-09-10T00:00,25.7,94,0.8,13.0,1004.0,8.6,16.6,187.0,6.7,5.2,46.0,63
2025-09-10T01:00,25.9,91,0.3,15.3,1004.5,9.7,19.4,318.0,9.4,5.7,41.0,62
2025-09-10T02:00,25.4,93,2.2,16.2,1005.5,11.6,22.4,493.0,13.1,6.4,34.0,61
2025-09-10T03:00,25.5,93,6.7,18.6,1006.4,14.4,27.4,598.0,15.1,7.3,31.0,60
2025-09-10T04:00,25.8,92,6.9,18.7,1007.0,18.3,41.9,566.0,14.0,8.4,33.0,59
2025-09-10T05:00,26.1,90,3.1,19.0,1007.4,16.8,40.3,464.0,11.2,9.7,39.0,59
2025-09-10T06:00,26.4,88,0.3,18.4,1007.6,16.2,39.9,376.0,9.0,10.7,44.0,58
2025-09-10T07:00,27.4,81,0.1,17.5,1007.5,15.1,38.4,327.0,8.0,11.1,47.0,58
2025-09-10T08:00,28.0,79,0.0,18.7,1006.6,14.9,38.2,292.0,7.6,11.2,49.0,58
2025-09-10T09:00,28.2,78,0.0,17.9,1005.8,15.4,36.4,280.0,7.9,11.5,51.0,58
2025-09-10T10:00,27.9,80,0.1,16.8,1005.7,16.3,38.3,300.0,8.0,12.1,53.0,57
2025-09-10T11:00,27.6,82,0.2,14.0,1005.1,16.5,40.2,342.0,8.7,12.8,55.0,57
2025-09-10T12:00,27.5,82,0.1,13.4,1005.3,20.4,53.0,395.0,9.6,12.6,60.0,57
2025-09-10T13:00,26.7,84,0.1,13.3,1005.8,21.9,54.4,466.0,20.4,13.7,45.0,57
2025-09-10T14:00,26.4,88,0.0,12.1,1006.0,26.5,52.0,546.0,35.2,15.1,25.0,58
2025-09-10T15:00,26.2,89,0.4,12.2,1006.1,29.0,52.4,596.0,45.7,16.2,10.0,58
2025-09-10T16:00,26.1,90,0.1,10.2,1006.7,29.6,51.9,599.0,47.9,16.8,5.0,59
2025-09-10T17:00,26.2,89,0.0,10.7,1006.8,30.7,52.2,572.0,45.8,16.9,6.0,61
2025-09-10T18:00,26.2,90,0.1,10.8,1006.5,31.7,51.3,522.0,43.0,16.4,7.0,62
2025-09-10T19:00,26.1,90,0.1,10.6,1006.4,29.5,47.8,438.0,40.5,14.5,8.0,63
2025-09-10T20:00,26.0,90,0.1,10.2,1006.0,25.7,42.8,331.0,37.3,12.0,10.0,64
2025-09-10T21:00,25.8,90,0.1,9.8,1005.4,22.4,38.4,247.0,33.6,10.0,13.0,65
2025-09-10T22:00,25.5,92,0.4,9.4,1005.3,19.8,35.2,184.0,28.6,9.1,17.0,66
2025-09-10T23:00,25.4,93,0.4,8.9,1005.5,18.2,33.3,144.0,23.1,8.9,21.0,66
2025-09-11T00:00,25.4,93,0.2,8.8,1005.5,18.6,34.1,176.0,24.2,9.6,20.0,67
2025-09-11T01:00,25.5,93,0.4,7.1,1005.5,17.2,32.6,358.0,22.3,11.9,24.0,68
2025-09-11T02:00,25.5,93,0.3,6.8,1006.1,18.2,36.0,613.0,19.5,15.0,29.0,69
2025-09-11T03:00,25.8,93,0.1,6.5,1006.4,17.8,38.3,760.0,16.4,17.1,36.0,69
2025-09-11T04:00,26.4,89,0.1,6.6,1007.0,17.1,39.0,690.0,12.8,17.2,45.0,69
2025-09-11T05:00,26.4,89,0.3,7.9,1007.2,17.5,41.1,511.0,9.0,16.2,55.0,69
2025-09-11T06:00,26.5,89,0.3,7.3,1007.1,18.1,43.1,369.0,6.1,15.1,63.0,69
2025-09-11T07:00,26.8,87,0.3,10.2,1006.9,15.2,35.9,320.0,4.9,14.1,67.0,70
2025-09-11T08:00,27.1,84,0.2,10.9,1006.4,13.4,30.6,307.0,4.6,12.9,68.0,70
2025-09-11T09:00,27.3,82,0.2,12.0,1005.8,13.4,28.6,306.0,4.9,12.3,67.0,69
2025-09-11T10:00,27.4,82,0.1,12.5,1005.4,13.7,28.3,306.0,4.8,12.6,65.0,69
2025-09-11T11:00,27.6,81,0.1,13.0,1005.1,13.9,29.7,317.0,5.3,13.4,61.0,69
2025-09-11T12:00,27.6,80,0.0,13.4,1005.1,11.2,21.3,345.0,8.7,13.8,55.0,69
2025-09-11T13:00,27.4,84,0.1,12.5,1005.2,11.5,21.5,411.0,15.3,13.9,44.0,68
2025-09-11T14:00,26.9,86,0.0,11.9,1005.5,13.6,22.6,494.0,24.4,14.0,28.0,67
2025-09-11T15:00,26.7,87,0.0,11.9,1005.9,15.8,25.4,541.0,30.9,13.9,17.0,66
2025-09-11T16:00,26.8,87,0.0,11.2,1006.7,16.7,27.3,523.0,32.6,13.4,13.0,65
2025-09-11T17:00,26.8,87,0.0,10.8,1006.9,17.2,28.8,468.0,31.6,12.6,13.0,64
2025-09-11T18:00,26.6,87,0.0,10.8,1006.6,17.2,29.6,405.0,29.5,11.6,15.0,62
2025-09-11T19:00,26.5,88,0.0,10.3,1006.6,16.4,29.2,334.0,26.0,10.4,18.0,61
2025-09-11T20:00,26.4,89,0.0,10.3,1006.3,15.1,27.8,256.0,21.2,9.0,22.0,60
2025-09-11T21:00,26.1,89,0.0,11.0,1005.9,13.8,26.2,197.0,17.2,8.0,25.0,59
2025-09-11T22:00,25.9,91,0.1,10.4,1005.7,12.7,25.3,165.0,14.5,7.6,27.0,58
2025-09-11T23:00,25.7,92,0.1,9.9,1005.7,11.9,23.1,152.0,12.5,7.5,29.0,58
2025-09-12T00:00,25.5,93,0.1,10.0,1005.8,11.5,22.4,169.0,11.8,8.1,30.0,57
2025-09-12T01:00,26.0,91,0.0,9.4,1006.2,11.6,22.2,242.0,12.7,9.5,30.0,56
2025-09-12T02:00,26.1,91,0.0,8.6,1006.9,13.6,24.6,343.0,13.9,11.4,31.0,56
2025-09-12T03:00,26.8,86,0.1,10.4,1007.4,13.7,27.4,400.0,13.9,13.0,34.0,55
2025-09-12T04:00,27.5,81,0.2,11.9,1008.0,13.5,28.2,367.0,11.6,14.1,42.0,55
2025-09-12T05:00,28.1,78,0.2,12.9,1008.3,13.2,27.9,290.0,8.1,15.0,53.0,55
2025-09-12T06:00,28.5,76,0.3,13.6,1008.4,13.2,27.4,232.0,5.4,15.3,62.0,54
2025-09-12T07:00,28.8,75,0.2,14.3,1007.8,13.2,27.0,218.0,4.2,14.6,66.0,54
2025-09-12T08:00,28.6,76,0.1,14.4,1007.3,13.0,26.4,224.0,3.8,13.3,68.0,54
2025-09-12T09:00,28.6,76,0.1,14.2,1006.8,12.9,26.4,238.0,4.0,12.5,67.0,54
2025-09-12T10:00,28.7,75,0.0,13.7,1006.0,12.9,26.8,253.0,4.0,12.7,64.0,54
2025-09-12T11:00,28.4,77,0.0,12.9,1005.9,13.1,27.3,276.0,4.7,13.3,59.0,54
2025-09-12T12:00,28.0,78,0.0,12.1,1005.7,12.5,25.0,325.0,8.0,13.7,52.0,54
2025-09-12T13:00,27.9,80,0.0,10.2,1006.3,13.4,25.5,432.0,16.7,14.2,39.0,54
2025-09-12T14:00,27.2,84,0.0,9.7,1006.5,17.0,26.5,564.0,28.7,14.9,22.0,54
2025-09-12T15:00,27.0,85,0.0,8.7,1007.0,19.0,27.8,640.0,37.2,15.2,9.0,54
2025-09-12T16:00,26.9,86,0.0,9.0,1007.7,19.5,28.1,618.0,39.5,14.7,5.0,54
2025-09-12T17:00,26.8,87,0.0,8.8,1007.9,19.4,27.9,540.0,38.5,13.8,6.0,55
2025-09-12T18:00,26.5,88,0.0,8.2,1007.9,18.8,27.5,455.0,35.8,12.7,8.0,55
2025-09-12T19:00,26.5,88,0.0,8.2,1007.8,17.5,26.5,368.0,31.3,11.2,12.0,55
2025-09-12T20:00,26.3,89,0.0,8.8,1007.3,15.9,25.1,275.0,25.2,9.4,18.0,55
2025-09-12T21:00,26.2,88,0.0,8.7,1006.7,14.5,23.8,205.0,20.1,8.1,22.0,55
2025-09-12T22:00,26.0,89,0.0,8.5,1006.5,13.4,22.7,167.0,17.1,7.4,24.0,55
2025-09-12T23:00,25.9,89,0.0,8.6,1006.6,12.7,21.7,154.0,15.1,7.1,25.0,55
2025-09-13T00:00,25.8,89,0.0,8.5,1006.9,11.9,20.1,172.0,13.5,7.7,27.0,55
2025-09-13T01:00,26.1,87,0.0,7.9,1007.3,11.9,20.1,251.0,14.0,9.6,28.0,55
2025-09-13T02:00,26.2,88,0.0,7.3,1008.0,14.4,22.6,361.0,14.5,12.3,29.0,55
2025-09-13T03:00,27.0,84,0.0,8.3,1008.3,13.4,24.3,421.0,14.1,14.5,33.0,56
2025-09-13T04:00,28.2,76,0.0,9.7,1008.6,12.5,23.4,380.0,11.7,15.7,42.0,56
2025-09-13T05:00,29.0,72,0.0,10.8,1008.9,13.2,25.8,290.0,8.4,16.3,53.0,55
2025-09-13T06:00,29.2,71,0.0,11.9,1008.7,13.2,25.8,223.0,5.8,16.5,62.0,55
2025-09-13T07:00,29.1,73,0.0,13.3,1008.4,13.4,26.5,208.0,4.6,15.9,68.0,55
2025-09-13T08:00,29.2,72,0.0,13.9,1007.8,13.1,25.4,216.0,4.1,14.8,72.0,55
2025-09-13T09:00,29.3,72,0.0,13.5,1007.3,13.2,26.0,235.0,4.2,14.0,73.0,55
2025-09-13T10:00,29.2,71,0.0,13.4,1006.6,13.1,26.7,261.0,4.4,14.1,69.0,55
2025-09-13T11:00,28.8,74,0.0,13.6,1006.2,11.9,23.2,298.0,5.2,14.5,62.0,55
2025-09-13T12:00,28.3,76,0.0,13.3,1006.1,12.7,24.6,342.0,8.5,15.8,55.0,55
2025-09-13T13:00,28.3,78,0.0,10.7,1006.3,12.3,22.1,407.0,16.5,15.7,43.0,55
2025-09-13T14:00,27.5,83,0.0,10.5,1006.6,15.0,22.0,480.0,27.5,15.5,26.0,55
2025-09-13T15:00,27.1,85,0.0,10.7,1006.8,15.7,22.1,513.0,34.6,15.0,14.0,55
2025-09-13T16:00,27.0,86,0.0,11.5,1007.4,15.3,21.5,479.0,34.5,13.9,13.0,55
2025-09-13T17:00,26.8,86,0.0,11.7,1007.8,14.8,21.0,406.0,30.6,12.4,16.0,54
2025-09-13T18:00,26.7,87,0.0,11.5,1007.9,13.9,20.3,333.0,26.1,11.0,21.0,54
2025-09-13T19:00,26.6,87,0.0,11.3,1007.7,12.8,19.3,266.0,21.4,9.5,25.0,54
2025-09-13T20:00,26.5,87,0.0,10.8,1007.6,11.6,18.3,199.0,16.2,8.1,30.0,53
2025-09-13T21:00,26.2,88,0.0,10.6,1007.1,10.8,17.8,152.0,12.0,7.1,34.0,53
2025-09-13T22:00,26.1,88,0.0,11.0,1006.8,10.4,17.8,130.0,9.5,6.8,36.0,52
2025-09-13T23:00,26.0,88,0.0,10.3,1006.8,10.4,18.3,127.0,8.1,6.9,37.0,52
2025-09-14T00:00,26.0,89,0.0,11.4,1006.8,10.4,18.1,151.0,7.9,7.5,38.0,52
2025-09-14T01:00,26.6,88,0.0,10.6,1007.0,10.9,19.2,226.0,9.7,8.7,37.0,52
2025-09-14T02:00,26.6,88,0.0,9.4,1007.3,13.0,21.4,328.0,12.1,10.5,35.0,52
2025-09-14T03:00,27.2,86,0.1,11.3,1007.7,14.0,24.5,384.0,13.1,12.0,36.0,52
2025-09-14T04:00,28.1,80,0.0,12.5,1008.4,14.0,26.3,350.0,11.3,13.2,43.0,52
2025-09-14T05:00,28.9,74,0.0,14.2,1008.6,13.7,26.6,272.0,8.1,14.1,52.0,52
2025-09-14T06:00,29.1,73,0.1,16.0,1008.1,13.7,26.8,213.0,5.6,14.6,60.0,52
2025-09-14T07:00,29.5,71,0.1,16.0,1007.9,13.5,26.1,201.0,4.5,14.3,65.0,52
2025-09-14T08:00,29.5,71,0.0,17.1,1007.3,12.8,24.3,210.0,4.1,13.6,67.0,52
2025-09-14T09:00,29.4,73,0.0,17.0,1006.6,12.7,23.5,222.0,4.3,12.9,67.0,52
2025-09-14T10:00,29.1,73,0.0,16.4,1005.9,12.5,23.2,232.0,5.1,12.5,63.0,52
2025-09-14T11:00,28.7,74,0.0,16.8,1005.4,11.9,21.4,246.0,6.6,12.2,56.0,52
2025-09-14T12:00,28.4,76,0.0,15.9,1005.4,10.6,19.0,264.0,8.9,12.7,50.0,52
2025-09-14T13:00,28.2,79,0.0,13.3,1005.9,11.8,20.5,293.0,14.0,12.4,42.0,52
2025-09-14T14:00,27.6,83,0.0,13.6,1006.5,12.9,18.9,326.0,21.0,12.1,30.0,52
2025-09-14T15:00,27.2,84,0.0,15.2,1006.9,13.5,19.6,339.0,25.2,11.5,23.0,51
2025-09-14T16:00,27.1,83,0.0,15.1,1007.5,13.9,20.9,317.0,24.2,10.7,23.0,51
2025-09-14T17:00,26.9,84,0.0,15.2,1007.8,14.2,22.2,276.0,20.5,9.7,26.0,51
2025-09-14T18:00,26.8,84,0.0,16.2,1007.6,14.1,22.9,234.0,16.6,8.8,30.0,51
2025-09-14T19:00,26.5,85,0.0,16.4,1007.4,13.4,22.6,194.0,13.1,7.9,33.0,51
2025-09-14T20:00,26.5,85,0.0,16.0,1006.8,12.3,21.5,154.0,9.6,7.1,37.0,51
2025-09-14T21:00,26.4,85,0.0,15.7,1006.2,12.3,22.7,126.0,6.9,6.5,39.0,51
2025-09-14T22:00,26.3,84,0.0,15.5,1005.7,11.4,21.0,109.0,5.6,6.2,40.0,51
2025-09-14T23:00,26.2,85,0.0,15.3,1005.7,10.7,19.5,105.0,5.1,6.1,39.0,51
2025-09-15T00:00,26.1,86,0.0,14.8,1005.9,10.2,18.5,130.0,5.5,6.7,39.0,51
2025-09-15T01:00,26.8,85,0.0,13.9,1005.6,10.6,19.6,217.0,7.2,7.6,38.0,51
2025-09-15T02:00,27.0,84,0.0,14.3,1005.7,12.1,21.5,333.0,9.5,8.7,37.0,51
2025-09-15T03:00,27.7,80,0.0,17.9,1006.1,14.2,27.6,398.0,10.6,9.7,38.0,51
2025-09-15T04:00,28.0,78,0.1,20.3,1006.6,12.8,25.8,362.0,9.3,10.2,43.0,51
2025-09-15T05:00,28.0,79,0.0,21.8,1006.7,13.0,27.0,276.0,6.7,10.5,50.0,51
2025-09-15T06:00,28.3,78,0.1,21.3,1006.4,13.0,27.6,210.0,4.8,10.7,55.0,51
2025-09-15T07:00,28.6,76,0.1,20.8,1005.7,13.5,29.0,190.0,4.1,10.7,58.0,51
2025-09-15T08:00,28.6,76,0.1,21.4,1004.9,13.6,27.6,190.0,4.0,10.5,60.0,51
2025-09-15T09:00,28.8,76,0.1,21.1,1004.0,13.6,28.2,202.0,4.4,10.3,59.0,51
2025-09-15T10:00,28.6,76,0.0,20.2,1003.3,13.9,28.9,231.0,5.3,10.2,55.0,51
2025-09-15T11:00,28.2,78,0.0,20.0,1003.2,13.2,26.4,272.0,6.7,10.1,50.0,51
2025-09-15T12:00,27.9,79,0.0,18.7,1003.0,16.4,34.0,303.0,8.8,10.4,45.0,51
2025-09-15T13:00,28.0,83,0.0,16.7,1003.3,16.2,28.5,316.0,13.2,10.3,38.0,52
2025-09-15T14:00,27.6,84,0.0,15.7,1003.7,17.8,29.3,318.0,19.1,10.1,30.0,52
2025-09-15T15:00,27.4,85,0.0,15.7,1004.4,17.2,26.8,308.0,22.5,9.8,24.0,53
2025-09-15T16:00,27.1,85,0.0,15.9,1005.4,16.1,24.6,282.0,21.2,9.3,25.0,53
2025-09-15T17:00,26.9,87,0.0,16.1,1005.7,15.0,23.3,245.0,17.5,8.7,28.0,53
2025-09-15T18:00,26.8,86,0.0,15.2,1005.3,14.1,22.3,209.0,13.9,8.0,32.0,53
2025-09-15T19:00,26.8,86,0.0,15.6,1004.8,13.0,21.4,175.0,11.0,7.2,35.0,53
2025-09-15T20:00,26.6,86,0.0,15.7,1004.2,12.1,21.1,142.0,8.3,6.4,37.0,53
2025-09-15T21:00,26.8,87,0.0,15.6,1003.8,11.5,20.7,120.0,6.3,5.9,39.0,53
2025-09-15T22:00,26.6,88,0.0,15.9,1003.4,11.1,20.2,103.0,5.3,5.7,40.0,53
2025-09-15T23:00,26.5,89,0.0,15.5,1003.1,11.1,20.3,96.0,5.0,5.8,40.0,53
2025-09-16T00:00,26.5,89,0.1,15.1,1003.0,11.5,22.7,123.0,5.6,6.2,41.0,53
2025-09-16T01:00,27.2,85,0.0,14.1,1003.4,12.0,22.8,222.0,8.2,7.0,39.0,53
2025-09-16T02:00,27.3,86,0.1,13.3,1004.0,14.0,25.8,354.0,11.7,8.1,36.0,54
2025-09-16T03:00,27.7,84,0.1,14.9,1004.4,16.1,33.9,427.0,13.5,9.2,35.0,54
2025-09-16T04:00,28.3,78,0.0,16.7,1005.1,18.0,46.2,382.0,12.1,10.4,39.0,54
2025-09-16T05:00,28.6,76,0.0,18.0,1005.1,18.0,46.9,278.0,9.1,11.5,46.0,54
2025-09-16T06:00,29.0,76,0.2,19.0,1004.8,17.2,43.3,201.0,6.7,12.2,52.0,55
2025-09-16T07:00,29.0,76,0.2,17.7,1004.3,17.5,46.2,183.0,5.7,12.1,55.0,55
2025-09-16T08:00,29.0,76,0.1,18.6,1003.3,17.5,48.1,191.0,5.3,11.5,56.0,56
2025-09-16T09:00,29.0,77,0.0,18.8,1002.6,18.7,56.3,212.0,5.6,11.1,56.0,56
2025-09-16T10:00,28.8,78,0.0,18.1,1002.1,19.9,59.5,247.0,6.3,11.0,54.0,56
2025-09-16T11:00,28.5,77,0.1,18.0,1002.0,18.6,51.3,295.0,7.6,11.1,50.0,57
2025-09-16T12:00,28.0,80,0.0,16.8,1002.1,20.2,51.1,335.0,9.4,11.7,47.0,57
2025-09-16T13:00,28.0,85,0.0,12.9,1003.0,20.1,43.3,364.0,15.3,11.7,39.0,58
2025-09-16T14:00,27.5,87,0.0,12.4,1003.1,21.9,39.1,385.0,23.4,11.6,28.0,58
2025-09-16T15:00,27.4,87,0.0,11.8,1003.8,22.3,37.4,395.0,28.7,11.5,20.0,58
2025-09-16T16:00,27.4,87,0.0,11.1,1004.7,21.8,35.7,392.0,28.7,11.4,19.0,59
2025-09-16T17:00,27.4,88,0.0,11.1,1005.5,21.4,35.0,377.0,25.9,11.2,22.0,59
2025-09-16T18:00,27.1,89,0.0,11.3,1005.3,20.9,34.5,349.0,22.8,10.8,25.0,60
2025-09-16T19:00,26.9,89,0.0,10.9,1005.0,20.4,34.5,300.0,20.0,10.1,27.0,60
2025-09-16T20:00,26.6,91,0.0,9.9,1004.6,19.6,34.5,238.0,16.9,9.2,30.0,61
2025-09-16T21:00,26.5,92,0.1,9.7,1004.4,18.7,34.7,190.0,14.3,8.6,32.0,62
2025-09-16T22:00,26.4,92,0.2,9.2,1004.3,17.9,35.6,159.0,12.4,8.2,33.0,62
2025-09-16T23:00,26.2,93,0.1,8.7,1004.2,17.3,37.4,141.0,11.0,8.0,34.0,63
2025-09-17T00:00,26.1,93,0.0,8.3,1004.3,16.8,36.1,156.0,10.7,8.4,34.0,64
2025-09-17T01:00,26.6,90,0.0,8.6,1004.5,17.1,38.0,235.0,12.2,9.9,34.0,64
2025-09-17T02:00,26.7,90,0.0,8.5,1004.9,19.4,43.5,347.0,14.2,12.1,34.0,65
2025-09-17T03:00,27.9,81,0.0,9.6,1005.3,19.7,50.2,411.0,14.9,14.1,37.0,65
2025-09-17T04:00,28.8,75,0.1,10.9,1006.1,20.6,61.9,380.0,13.0,15.8,45.0,65
2025-09-17T05:00,29.1,73,0.0,11.6,1006.2,22.5,80.1,301.0,9.9,17.4,55.0,66
2025-09-17T06:00,29.1,74,0.0,11.8,1006.1,23.7,84.1,243.0,7.5,18.3,63.0,66
2025-09-17T07:00,29.5,73,0.1,11.4,1005.8,25.4,89.6,230.0,6.6,18.2,67.0,67
2025-09-17T08:00,29.5,73,0.0,10.9,1005.0,25.1,86.4,236.0,6.4,17.4,69.0,67
2025-09-17T09:00,29.7,73,0.0,11.2,1004.1,25.5,83.8,256.0,6.7,16.8,69.0,68
2025-09-17T10:00,29.6,74,0.0,12.2,1003.2,26.5,87.3,284.0,6.6,16.8,68.0,69
2025-09-17T11:00,29.2,77,0.0,13.6,1003.0,26.2,85.7,326.0,7.0,17.0,66.0,69
2025-09-17T12:00,28.5,80,0.0,12.8,1003.1,29.2,92.9,387.0,10.6,19.0,63.0,70
2025-09-17T13:00,28.1,81,0.0,8.9,1003.3,25.7,75.4,495.0,17.9,17.6,49.0,71
2025-09-17T14:00,27.4,87,0.0,8.7,1003.6,25.1,58.3,623.0,28.1,15.6,31.0,71
2025-09-17T15:00,27.1,88,0.0,10.2,1004.0,25.0,53.9,698.0,36.0,14.2,16.0,71
2025-09-17T16:00,26.8,90,0.0,8.0,1005.4,25.6,52.5,685.0,40.1,14.1,9.0,72
2025-09-17T17:00,26.6,91,0.0,7.0,1006.1,27.3,52.0,619.0,41.9,14.5,7.0,72
2025-09-17T18:00,26.5,91,0.0,7.1,1006.1,28.8,52.3,537.0,41.6,14.5,7.0,72
2025-09-17T19:00,26.4,92,0.0,6.8,1005.9,27.9,51.2,436.0,38.3,13.5,10.0,73
2025-09-17T20:00,26.1,94,0.0,7.2,1005.5,26.0,49.2,318.0,32.8,12.1,16.0,74
2025-09-17T21:00,26.0,95,0.0,7.8,1005.0,23.7,48.8,228.0,27.3,10.8,22.0,74
2025-09-17T22:00,25.9,96,0.0,7.9,1004.6,21.9,48.0,178.0,22.0,9.7,26.0,75
2025-09-17T23:00,25.7,97,0.0,8.9,1004.5,20.7,46.3,155.0,16.7,8.7,30.0,75
2025-09-18T00:00,25.7,96,0.0,8.7,1004.6,18.5,44.0,169.0,12.3,9.5,34.0,75
2025-09-18T01:00,26.2,94,0.0,7.2,1005.0,18.2,42.5,252.0,14.0,10.7,33.0,76
2025-09-18T02:00,26.2,95,0.0,7.1,1005.4,21.0,45.2,370.0,16.3,12.3,32.0,76
2025-09-18T03:00,26.9,91,0.1,8.5,1005.8,21.8,58.7,436.0,16.8,14.0,36.0,76
2025-09-18T04:00,28.0,83,0.1,10.7,1006.2,22.9,77.8,392.0,14.0,15.8,48.0,76
2025-09-18T05:00,28.9,78,0.1,12.6,1006.5,25.4,88.2,295.0,9.6,17.5,65.0,76
2025-09-18T06:00,29.2,75,0.1,12.7,1006.2,26.7,91.3,224.0,6.1,18.4,79.0,77
2025-09-18T07:00,29.5,74,0.0,13.2,1005.7,28.5,95.7,210.0,4.5,17.7,87.0,77
2025-09-18T08:00,29.5,74,0.0,13.6,1004.8,29.0,98.5,221.0,3.8,16.2,92.0,77
2025-09-18T09:00,29.8,73,0.0,13.4,1003.9,29.2,102.2,241.0,4.0,15.2,92.0,77
2025-09-18T10:00,29.2,74,0.0,13.4,1003.2,28.8,102.9,259.0,4.5,15.4,87.0,78
2025-09-18T11:00,29.0,74,0.0,12.1,1003.1,28.3,103.6,286.0,5.8,16.0,77.0,78
2025-09-18T12:00,28.6,76,0.0,11.2,1003.1,32.7,121.5,335.0,9.1,17.3,71.0,78
2025-09-18T13:00,28.2,80,0.0,10.7,1003.6,31.8,115.3,435.0,18.2,17.1,55.0,78
2025-09-18T14:00,27.2,88,0.0,8.0,1004.1,32.8,95.0,557.0,30.6,16.8,32.0,79
2025-09-18T15:00,26.9,92,0.0,7.4,1004.7,33.4,89.2,629.0,39.8,16.3,15.0,80
2025-09-18T16:00,26.8,92,0.0,7.0,1005.6,33.4,85.4,615.0,43.0,15.6,9.0,80
2025-09-18T17:00,26.5,93,0.0,7.5,1006.3,33.3,82.7,552.0,43.0,14.8,8.0,81
2025-09-18T18:00,26.4,94,0.0,8.1,1006.4,32.7,79.2,477.0,40.9,13.9,10.0,82
2025-09-18T19:00,26.5,93,0.0,7.9,1006.0,31.2,77.5,391.0,36.1,12.7,14.0,82
2025-09-18T20:00,26.0,95,0.0,8.2,1005.5,29.0,77.1,294.0,29.2,11.5,21.0,82
2025-09-18T21:00,25.8,96,0.0,7.6,1005.0,27.1,73.3,223.0,23.4,10.5,26.0,83
2025-09-18T22:00,25.6,95,0.0,7.0,1005.1,25.9,72.4,191.0,19.7,9.8,29.0,83
2025-09-18T23:00,25.6,94,0.0,6.8,1005.2,24.9,70.5,185.0,17.0,9.4,31.0,83
2025-09-19T00:00,25.6,93,0.0,7.7,1005.4,22.8,61.7,200.0,11.7,9.2,35.0,84
2025-09-19T01:00,26.1,93,0.0,8.2,1005.9,23.4,65.0,254.0,13.7,10.3,34.0,84
2025-09-19T02:00,26.4,92,0.0,8.3,1006.5,25.6,70.5,330.0,16.4,11.9,34.0,84
2025-09-19T03:00,27.5,81,0.0,10.8,1007.3,26.1,79.4,369.0,17.1,13.3,37.0,85
2025-09-19T04:00,28.2,75,0.0,12.6,1008.0,29.6,115.7,334.0,14.0,14.3,48.0,85
2025-09-19T05:00,28.8,72,0.0,13.2,1008.3,28.3,115.3,263.0,9.1,15.0,63.0,86
2025-09-19T06:00,29.2,70,0.0,14.4,1007.9,29.5,121.5,212.0,5.3,15.3,74.0,86
2025-09-19T07:00,29.0,70,0.1,14.8,1007.6,30.0,123.4,207.0,3.9,14.8,78.0,86
2025-09-19T08:00,28.9,72,0.1,14.7,1006.7,29.6,120.6,222.0,3.8,14.0,78.0,86
2025-09-19T09:00,29.0,71,0.0,14.7,1005.7,29.5,117.3,242.0,4.3,13.4,76.0,86
2025-09-19T10:00,29.2,68,0.0,13.6,1004.9,27.7,106.6,255.0,4.7,13.6,72.0,86
2025-09-19T11:00,29.0,68,0.0,13.9,1004.7,27.0,103.6,272.0,5.9,14.0,65.0,86
2025-09-19T12:00,28.2,76,0.1,13.6,1004.5,30.6,122.0,307.0,9.5,16.6,61.0,86
2025-09-19T13:00,28.0,76,0.0,10.9,1005.1,30.0,112.7,383.0,18.6,16.7,47.0,86
2025-09-19T14:00,27.1,82,0.0,8.3,1005.5,30.2,85.2,477.0,31.1,16.9,27.0,86
2025-09-19T15:00,26.6,86,0.0,7.7,1006.1,30.3,77.1,534.0,40.4,17.0,12.0,86
2025-09-19T16:00,26.5,87,0.0,6.6,1006.7,30.7,73.3,529.0,43.7,17.1,6.0,85
2025-09-19T17:00,26.3,89,0.0,7.5,1007.2,31.8,71.7,488.0,43.9,17.0,5.0,85
2025-09-19T18:00,26.0,90,0.0,7.6,1007.1,32.6,70.5,434.0,42.9,16.5,5.0,85
2025-09-19T19:00,25.9,91,0.0,7.9,1006.9,31.5,68.9,365.0,41.2,15.1,6.0,85
2025-09-19T20:00,25.8,91,0.0,7.0,1006.5,29.7,67.3,282.0,38.3,13.2,9.0,85
2025-09-19T21:00,25.6,92,0.0,7.8,1006.0,27.6,66.1,219.0,34.3,11.6,13.0,85
2025-09-19T22:00,25.5,92,0.0,8.1,1005.6,25.3,68.7,182.0,28.1,10.5,19.0,85
2025-09-19T23:00,25.5,92,0.0,9.0,1005.7,24.0,69.2,163.0,20.8,9.7,26.0,85
2025-09-20T00:00,25.5,92,0.1,8.9,1005.9,21.6,61.9,172.0,12.8,8.4,33.0,85
2025-09-20T01:00,26.4,94,0.1,9.6,1006.3,21.0,59.6,233.0,13.8,9.4,33.0,85
2025-09-20T02:00,26.4,93,0.1,9.0,1007.1,23.1,67.1,320.0,14.9,10.9,33.0,85
2025-09-20T03:00,27.2,84,0.0,10.4,1007.7,24.0,72.9,368.0,14.9,12.3,36.0,85
2025-09-20T04:00,28.4,74,0.0,12.6,1008.3,24.3,81.3,334.0,12.5,13.6,44.0,84
2025-09-20T05:00,28.9,71,0.0,13.5,1008.6,24.5,85.4,260.0,8.8,14.8,55.0,84
2025-09-20T06:00,28.9,71,0.2,14.2,1008.3,26.1,90.8,205.0,6.0,15.4,63.0,84
2025-09-20T07:00,29.2,70,0.1,15.2,1007.8,25.7,88.2,194.0,4.7,15.1,68.0,83
2025-09-20T08:00,29.4,69,0.0,15.4,1006.9,27.1,92.2,202.0,4.3,14.2,70.0,83
2025-09-20T09:00,29.5,68,0.0,15.2,1006.0,33.3,117.6,217.0,4.5,13.5,70.0,83
2025-09-20T10:00,29.4,68,0.0,15.2,1005.4,26.2,88.2,233.0,4.9,13.3,67.0,83
2025-09-20T11:00,29.0,70,0.0,15.0,1005.0,25.8,88.2,256.0,5.9,13.3,61.0,83
2025-09-20T12:00,28.4,73,0.0,14.2,1004.9,25.7,88.7,296.0,9.3,14.8,54.0,83
2025-09-20T13:00,28.0,76,0.0,13.0,1005.1,25.7,85.9,374.0,17.2,14.9,43.0,82
2025-09-20T14:00,27.2,81,0.0,10.3,1005.8,27.0,72.6,469.0,28.1,15.1,27.0,82
2025-09-20T15:00,26.9,84,0.0,9.4,1006.1,28.5,71.5,525.0,36.3,15.0,15.0,82
2025-09-20T16:00,26.7,84,0.0,9.7,1006.5,29.1,71.2,513.0,39.6,14.6,10.0,81
2025-09-20T17:00,26.5,84,0.0,9.7,1007.3,29.5,70.8,461.0,40.1,14.1,10.0,81
2025-09-20T18:00,26.4,84,0.0,9.4,1007.1,29.8,70.3,400.0,38.7,13.3,11.0,81
2025-09-20T19:00,26.1,85,0.0,9.4,1007.1,29.2,69.6,329.0,34.8,12.1,15.0,81
2025-09-20T20:00,26.0,85,0.0,7.8,1006.8,27.4,68.0,249.0,29.0,10.8,20.0,81
2025-09-20T21:00,25.8,85,0.0,8.9,1006.2,25.6,67.1,188.0,23.7,9.7,25.0,80
2025-09-20T22:00,25.6,86,0.0,8.8,1006.1,24.1,65.2,154.0,19.4,9.1,29.0,80
2025-09-20T23:00,25.5,87,0.0,9.2,1006.0,22.9,64.5,140.0,15.7,8.8,32.0,80
2025-09-21T00:00,25.3,88,0.0,9.4,1006.4,19.8,52.2,156.0,10.2,7.9,36.0,80
2025-09-21T01:00,26.0,87,0.0,9.9,1006.2,20.3,54.9,230.0,12.1,9.2,35.0,80
2025-09-21T02:00,26.0,87,0.0,8.6,1006.7,22.4,61.2,333.0,14.5,11.1,34.0,80
2025-09-21T03:00,27.0,81,0.0,9.2,1007.1,23.5,69.8,389.0,15.4,12.8,36.0,80
2025-09-21T04:00,28.2,73,0.0,11.4,1007.7,24.9,87.1,349.0,13.1,14.4,44.0,80
2025-09-21T05:00,29.2,68,0.0,13.2,1007.5,25.7,90.1,262.0,9.3,15.8,56.0,80
2025-09-21T06:00,30.0,63,0.0,14.3,1007.4,26.5,91.7,196.0,6.4,16.5,64.0,80
2025-09-21T07:00,30.0,63,0.0,15.7,1006.7,26.2,89.6,180.0,5.4,16.0,66.0,80
2025-09-21T08:00,29.5,64,0.0,15.2,1006.0,26.3,88.7,185.0,5.4,14.7,65.0,80
2025-09-21T09:00,30.1,61,0.0,15.6,1005.3,24.6,81.3,197.0,5.7,13.7,63.0,80
2025-09-21T10:00,30.0,60,0.0,15.9,1004.7,23.5,78.0,211.0,5.7,13.2,61.0,79
2025-09-21T11:00,29.6,61,0.0,16.5,1004.7,23.5,78.2,231.0,6.1,12.8,59.0,79
2025-09-21T12:00,28.5,68,0.0,16.6,1004.6,21.8,73.6,259.0,8.5,13.3,56.0,79
2025-09-21T13:00,27.8,72,0.0,15.5,1005.0,21.4,68.7,306.0,15.6,13.6,46.0,78
2025-09-21T14:00,27.3,76,0.0,13.7,1005.2,23.1,58.9,360.0,25.3,13.9,32.0,78
2025-09-21T15:00,27.0,79,0.0,11.0,1005.5,24.5,57.7,389.0,32.2,13.9,22.0,78
2025-09-21T16:00,26.7,80,0.0,10.1,1006.1,24.8,56.8,375.0,34.1,13.5,19.0,77
2025-09-21T17:00,26.5,80,0.0,10.8,1006.7,24.9,55.8,335.0,33.1,12.8,20.0,77
2025-09-21T18:00,26.4,81,0.0,11.2,1006.8,24.5,54.2,291.0,30.6,11.9,23.0,76
2025-09-21T19:00,26.2,82,0.0,10.6,1006.7,23.2,52.2,244.0,26.0,10.7,27.0,76
2025-09-21T20:00,26.1,82,0.0,10.0,1006.6,21.2,49.0,192.0,19.8,9.2,33.0,75
2025-09-21T21:00,25.9,83,0.0,10.6,1006.0,19.6,46.4,155.0,14.8,8.2,38.0,75
2025-09-21T22:00,25.9,83,0.0,10.9,1005.8,18.6,44.5,135.0,11.8,7.7,40.0,74
2025-09-21T23:00,25.8,84,0.0,10.3,1006.0,17.9,43.0,129.0,10.0,7.7,42.0,74
2025-09-22T00:00,25.6,85,0.0,10.5,1006.2,17.6,43.5,146.0,7.8,7.8,44.0,73
2025-09-22T01:00,26.6,81,0.0,11.6,1006.0,18.0,45.2,209.0,10.1,8.8,42.0,73
2025-09-22T02:00,26.8,80,0.0,11.2,1006.8,19.6,47.5,294.0,13.1,10.1,40.0,73
2025-09-22T03:00,27.6,74,0.0,14.4,1007.2,20.5,49.2,341.0,14.4,11.4,41.0,73
2025-09-22T04:00,28.5,70,0.1,14.8,1007.8,21.0,57.4,310.0,12.5,12.5,48.0,73
2025-09-22T05:00,29.4,65,0.0,14.5,1007.9,22.1,62.6,240.0,8.9,13.6,57.0,72
2025-09-22T06:00,29.8,62,0.0,16.0,1007.7,23.1,65.4,189.0,6.0,14.2,65.0,72
2025-09-22T07:00,29.9,63,0.0,15.8,1007.1,23.2,65.0,179.0,4.7,14.1,69.0,72
2025-09-22T08:00,30.1,62,0.0,15.7,1006.3,23.3,64.5,187.0,4.2,13.6,72.0,71
2025-09-22T09:00,29.8,65,0.1,16.4,1005.9,23.0,62.4,201.0,4.4,13.2,72.0,71
2025-09-22T10:00,28.9,69,0.0,16.5,1005.7,22.8,61.0,220.0,5.0,13.1,69.0,71
2025-09-22T11:00,29.0,69,0.0,16.1,1005.4,21.9,57.5,246.0,6.2,13.0,63.0,71
2025-09-22T12:00,28.6,69,0.0,16.1,1005.4,19.6,52.2,272.0,8.4,13.1,58.0,71
2025-09-22T13:00,28.5,73,0.0,16.3,1005.8,18.0,43.7,304.0,13.0,12.8,50.0,71
2025-09-22T14:00,27.9,76,0.0,13.8,1006.2,17.6,35.0,338.0,19.2,12.4,39.0,70
2025-09-22T15:00,27.5,78,0.0,13.8,1006.5,17.8,33.4,351.0,23.3,11.9,32.0,70
2025-09-22T16:00,27.2,80,0.0,14.5,1007.2,17.6,32.5,332.0,23.5,11.1,31.0,69
2025-09-22T17:00,27.0,83,0.0,13.4,1007.6,17.1,31.4,293.0,21.5,10.2,33.0,68
2025-09-22T18:00,27.0,82,0.0,13.1,1007.7,16.4,30.6,252.0,19.0,9.4,35.0,68
2025-09-22T19:00,26.8,83,0.0,12.3,1007.5,15.4,29.3,212.0,16.0,8.6,38.0,67
2025-09-22T20:00,26.6,84,0.0,11.7,1007.0,14.3,28.0,171.0,12.4,7.9,41.0,66
2025-09-22T21:00,26.5,85,0.0,13.0,1006.8,13.5,26.7,140.0,9.6,7.4,43.0,66
2025-09-22T22:00,26.2,88,0.1,13.0,1006.4,12.9,25.6,120.0,7.9,7.1,44.0,65
2025-09-22T23:00,26.1,89,0.0,12.5,1006.1,12.4,24.7,111.0,7.0,6.9,45.0,65
2025-09-23T00:00,26.1,89,0.0,12.4,1006.2,12.6,25.3,125.0,7.2,7.2,43.0,64
2025-09-23T01:00,26.5,85,0.0,11.0,1006.3,13.1,25.8,185.0,9.1,8.4,42.0,64
2025-09-23T02:00,26.5,85,0.0,11.0,1006.8,15.3,28.3,268.0,11.5,10.0,42.0,63
2025-09-23T03:00,27.5,79,0.0,13.6,1007.2,16.7,35.5,316.0,12.6,11.5,44.0,63
2025-09-23T04:00,28.6,72,0.0,15.1,1007.7,17.8,43.3,292.0,10.8,12.6,51.0,63
2025-09-23T05:00,29.3,67,0.0,16.8,1007.7,19.5,49.5,233.0,7.6,13.5,62.0,62
2025-09-23T06:00,29.0,69,0.1,17.0,1007.6,20.8,52.2,191.0,5.2,13.9,69.0,62
2025-09-23T07:00,29.3,69,0.2,17.9,1007.1,20.5,51.3,188.0,4.3,13.6,71.0,62
2025-09-23T08:00,29.2,70,0.2,18.4,1006.3,20.7,51.7,201.0,4.1,12.8,71.0,62
2025-09-23T09:00,28.6,74,0.0,18.5,1005.6,20.4,49.5,218.0,4.5,12.2,69.0,61
2025-09-23T10:00,28.8,72,0.1,18.7,1005.0,19.5,46.8,234.0,4.8,11.9,66.0,61
2025-09-23T11:00,28.4,74,0.1,19.7,1004.4,18.6,43.8,253.0,5.7,11.8,61.0,61
2025-09-23T12:00,28.0,76,0.0,17.8,1004.3,21.1,48.0,272.0,8.2,12.7,56.0,61
2025-09-23T13:00,28.2,74,0.0,14.7,1004.7,20.5,44.1,296.0,14.8,12.8,46.0,61
2025-09-23T14:00,27.9,76,0.0,13.9,1005.0,21.8,39.5,320.0,23.8,12.9,33.0,61
2025-09-23T15:00,27.6,77,0.0,14.1,1005.6,22.8,39.6,330.0,29.6,12.7,24.0,61
2025-09-23T16:00,27.4,78,0.0,13.5,1006.2,22.7,39.0,320.0,29.4,11.9,23.0,62
2025-09-23T17:00,27.1,79,0.0,13.1,1006.8,22.4,39.1,296.0,25.9,10.7,27.0,62
2025-09-23T18:00,27.0,79,0.0,13.1,1006.4,21.5,38.3,265.0,21.9,9.6,31.0,63
2025-09-23T19:00,26.9,80,0.0,12.5,1006.0,20.4,37.4,222.0,17.7,8.6,35.0,63
2025-09-23T20:00,26.5,82,0.0,12.9,1005.5,19.3,36.4,172.0,12.9,7.6,40.0,64
2025-09-23T21:00,26.2,84,0.1,12.8,1004.9,18.3,36.0,137.0,9.3,7.0,44.0,64
2025-09-23T22:00,26.1,85,0.0,12.9,1004.7,17.7,36.1,121.0,7.3,6.7,46.0,65
2025-09-23T23:00,26.2,84,0.0,12.6,1004.4,17.9,37.8,119.0,6.5,6.8,46.0,65
2025-09-24T00:00,26.2,85,0.0,12.8,1004.4,19.0,43.2,139.0,6.9,7.5,46.0,65
2025-09-24T01:00,27.4,80,0.0,12.0,1004.6,19.2,43.3,201.0,11.1,8.6,42.0,66
2025-09-24T02:00,27.4,80,0.0,12.2,1004.7,21.1,45.8,285.0,16.8,10.1,36.0,67
2025-09-24T03:00,27.8,77,0.0,14.3,1005.3,22.2,43.5,335.0,19.7,11.6,35.0,67
2025-09-24T04:00,28.1,75,0.0,15.6,1005.6,21.9,54.5,316.0,17.2,13.0,41.0,68
2025-09-24T05:00,28.4,74,0.1,15.8,1005.7,22.1,58.6,262.0,11.9,14.3,51.0,68
2025-09-24T06:00,28.6,75,0.1,16.5,1005.5,22.9,60.8,222.0,7.8,15.1,59.0,68
2025-09-24T07:00,28.9,74,0.4,17.3,1004.9,25.0,68.7,214.0,6.6,14.9,61.0,68
2025-09-24T08:00,28.5,76,0.4,17.7,1004.0,28.9,82.2,221.0,6.5,14.0,61.0,69
2025-09-24T09:00,28.5,76,0.3,17.4,1003.0,20.8,53.3,235.0,6.9,13.3,60.0,69
2025-09-24T10:00,28.9,74,0.1,17.1,1002.5,20.2,53.4,256.0,6.8,13.0,58.0,69
2025-09-24T11:00,28.4,77,0.1,16.5,1002.5,20.8,56.3,285.0,7.1,12.7,55.0,70
2025-09-24T12:00,27.9,80,0.1,15.1,1002.6,23.7,67.5,320.0,9.0,13.9,53.0,70
2025-09-24T13:00,28.1,82,0.2,15.5,1002.9,23.1,61.2,373.0,15.4,13.5,43.0,70
2025-09-24T14:00,27.5,85,0.0,13.0,1002.9,23.9,51.2,432.0,24.1,13.0,30.0,70
2025-09-24T15:00,27.4,84,0.0,10.9,1003.4,24.6,49.6,462.0,30.3,12.4,21.0,70
2025-09-24T16:00,27.3,83,0.0,10.1,1004.0,24.7,48.9,442.0,31.7,11.8,18.0,71
2025-09-24T17:00,27.0,85,0.0,10.3,1004.5,24.6,48.2,394.0,30.6,11.2,20.0,71
2025-09-24T18:00,26.8,86,0.1,9.7,1004.4,24.2,48.1,341.0,28.2,10.6,22.0,71
2025-09-24T19:00,26.5,87,0.0,9.3,1004.3,23.2,47.3,286.0,24.3,9.9,26.0,71
2025-09-24T20:00,26.2,89,0.0,8.8,1003.8,22.2,46.8,226.0,19.3,9.1,31.0,71
2025-09-24T21:00,25.9,90,0.0,8.4,1003.5,21.5,46.3,185.0,15.3,8.6,35.0,72
2025-09-24T22:00,25.7,92,0.0,7.2,1003.2,21.1,46.2,167.0,13.3,8.4,36.0,72
2025-09-24T23:00,25.5,93,0.0,6.7,1003.2,20.8,46.0,166.0,12.5,8.4,35.0,72
2025-09-25T00:00,25.5,93,0.0,6.3,1003.4,19.8,42.1,191.0,11.3,8.6,37.0,72
2025-09-25T01:00,26.0,93,0.0,6.9,1003.7,20.2,42.1,268.0,12.9,9.7,37.0,73
2025-09-25T02:00,26.1,93,0.1,7.6,1004.0,23.0,46.4,370.0,14.9,11.4,37.0,73
2025-09-25T03:00,27.0,87,0.1,8.1,1004.8,24.8,56.9,425.0,15.7,13.2,40.0,73
2025-09-25T04:00,28.5,76,0.0,8.8,1005.6,24.4,60.5,386.0,13.9,15.5,47.0,73
2025-09-25T05:00,29.5,71,0.1,10.7,1005.4,24.3,63.6,300.0,10.9,18.1,58.0,73
2025-09-25T06:00,29.8,70,0.1,11.8,1005.5,25.2,64.0,237.0,8.4,19.7,66.0,73
2025-09-25T07:00,29.7,71,0.0,12.2,1005.0,25.9,66.1,227.0,7.0,19.6,72.0,74
2025-09-25T08:00,29.7,72,0.1,13.5,1004.1,25.6,64.7,240.0,6.2,18.5,77.0,74
2025-09-25T09:00,29.5,73,0.0,13.5,1003.2,25.9,65.2,261.0,6.1,17.5,78.0,73
2025-09-25T10:00,29.6,72,0.0,12.9,1002.9,24.6,62.6,284.0,6.4,17.0,74.0,74
2025-09-25T11:00,29.1,74,0.0,13.4,1003.0,23.3,59.3,315.0,7.4,16.7,66.0,74
2025-09-25T12:00,28.8,75,0.0,12.0,1003.3,28.6,73.3,357.0,10.9,17.7,59.0,75
2025-09-25T13:00,28.6,75,0.0,10.1,1004.2,28.1,69.2,418.0,19.3,17.1,46.0,75
2025-09-25T14:00,27.9,79,0.0,8.7,1004.4,29.2,60.3,488.0,31.0,16.4,29.0,75
2025-09-25T15:00,27.5,82,0.0,7.5,1005.0,30.4,59.1,546.0,39.8,15.7,15.0,76
2025-09-25T16:00,27.2,84,0.0,6.8,1005.3,31.3,58.3,586.0,43.3,15.4,9.0,76
2025-09-25T17:00,27.0,86,0.0,6.1,1005.9,32.0,58.3,613.0,44.0,15.2,7.0,77
2025-09-25T18:00,26.5,87,0.0,6.7,1006.0,33.1,59.0,616.0,43.6,14.8,7.0,78
2025-09-25T19:00,26.2,89,0.0,6.0,1006.2,33.2,58.0,589.0,42.5,13.9,7.0,78
2025-09-25T20:00,26.0,90,0.0,5.2,1005.7,31.7,56.2,538.0,40.4,12.7,9.0,79
2025-09-25T21:00,25.6,92,0.0,5.1,1005.5,30.2,54.6,474.0,37.4,11.8,11.0,80
2025-09-25T22:00,25.4,93,0.0,4.9,1005.3,29.0,53.6,372.0,33.0,11.1,14.0,81
2025-09-25T23:00,25.2,93,0.0,4.0,1005.5,28.4,53.0,256.0,27.8,10.6,17.0,82
2025-09-26T00:00,25.0,94,0.0,3.8,1006.0,27.6,52.9,213.0,22.1,9.8,20.0,82
2025-09-26T01:00,25.9,91,0.0,5.0,1006.2,28.6,57.7,324.0,21.8,10.7,21.0,83
2025-09-26T02:00,26.0,89,0.0,5.4,1006.7,31.0,60.5,507.0,21.1,12.2,24.0,84
2025-09-26T03:00,27.3,81,0.0,6.7,1007.3,31.0,65.7,608.0,19.5,14.2,31.0,84
2025-09-26T04:00,28.8,72,0.0,7.7,1007.6,32.2,79.6,534.0,15.9,17.4,45.0,85
2025-09-26T05:00,30.1,63,0.0,6.1,1007.6,30.3,73.1,377.0,11.4,21.2,63.0,86
2025-09-26T06:00,31.1,57,0.0,7.6,1007.3,30.4,71.0,259.0,7.8,23.9,81.0,86
2025-09-26T07:00,31.6,56,0.0,10.8,1006.7,31.1,69.8,230.0,5.9,24.6,100.0,87
2025-09-26T08:00,31.9,57,0.0,12.0,1005.5,32.2,69.4,240.0,5.0,24.2,118.0,87
2025-09-26T09:00,31.7,58,0.0,12.7,1004.7,33.1,68.9,260.0,5.2,23.6,127.0,88
2025-09-26T10:00,31.0,62,0.0,13.3,1004.2,33.6,69.4,280.0,6.2,23.4,122.0,88
2025-09-26T11:00,30.2,62,0.0,12.5,1004.4,32.2,66.1,310.0,8.2,23.0,108.0,89
2025-09-26T12:00,29.4,65,0.0,11.2,1004.6,27.4,53.7,346.0,11.4,23.1,93.0,90
2025-09-26T13:00,28.2,73,0.0,9.2,1005.5,25.8,50.1,391.0,20.1,21.5,71.0,90
2025-09-26T14:00,27.5,78,0.0,8.5,1005.9,27.0,45.8,441.0,32.2,19.2,40.0,90
2025-09-26T15:00,27.1,80,0.0,8.0,1006.7,26.8,44.6,485.0,41.3,17.5,16.0,89
2025-09-26T16:00,26.9,83,0.0,7.4,1007.3,27.0,43.4,534.0,45.2,17.1,7.0,89
2025-09-26T17:00,26.5,85,0.0,6.5,1008.1,27.8,43.2,577.0,46.3,17.2,5.0,89
2025-09-26T18:00,26.1,87,0.0,7.1,1008.2,28.9,43.4,566.0,45.1,16.9,6.0,88
2025-09-26T19:00,25.7,90,0.0,8.7,1008.4,28.4,42.0,451.0,41.2,15.4,9.0,88
2025-09-26T20:00,25.5,90,0.0,9.6,1008.1,25.1,38.5,282.0,35.2,13.5,14.0,88
2025-09-26T21:00,25.4,91,0.0,9.8,1007.5,21.6,34.9,161.0,29.1,11.8,19.0,87
2025-09-26T22:00,25.1,93,0.0,9.0,1007.5,19.2,32.8,126.0,22.7,10.5,24.0,86
2025-09-26T23:00,25.0,94,0.0,8.3,1007.5,17.9,32.0,138.0,16.3,9.5,30.0,85
2025-09-27T00:00,24.8,95,0.0,8.3,1007.8,17.8,33.1,183.0,12.7,9.1,32.0,84
2025-09-27T01:00,25.4,96,0.0,6.5,1008.2,18.3,33.9,290.0,16.1,10.2,29.0,84
2025-09-27T02:00,25.4,96,0.0,6.4,1008.6,22.6,38.1,430.0,20.5,11.8,26.0,83
2025-09-27T03:00,26.5,89,0.0,8.0,1008.9,24.9,44.4,506.0,22.4,14.0,31.0,82
2025-09-27T04:00,28.4,77,0.0,6.4,1009.3,24.7,46.8,456.0,19.3,17.5,50.0,81
2025-09-27T05:00,30.5,64,0.0,6.9,1009.2,22.9,42.6,342.0,13.7,21.6,76.0,81
2025-09-27T06:00,32.2,54,0.0,8.4,1008.7,21.4,37.8,256.0,9.2,24.6,98.0,80
2025-09-27T07:00,33.2,49,0.0,9.6,1007.9,19.8,32.6,231.0,6.8,25.8,115.0,79
2025-09-27T08:00,33.8,45,0.0,10.9,1007.0,21.4,33.3,234.0,5.4,25.9,127.0,78
2025-09-27T09:00,33.8,46,0.0,12.3,1005.9,22.2,33.6,250.0,5.5,25.4,131.0,77
2025-09-27T10:00,33.1,50,0.0,13.2,1005.5,22.5,34.0,280.0,6.9,24.2,122.0,76
2025-09-27T11:00,32.0,56,0.0,12.9,1005.6,21.7,33.1,324.0,9.8,22.4,103.0,75
2025-09-27T12:00,30.5,65,0.0,11.9,1005.8,21.4,31.8,366.0,14.4,23.3,97.0,74
2025-09-27T13:00,29.0,76,0.0,9.6,1006.4,21.8,32.4,411.0,22.4,21.1,73.0,74
2025-09-27T14:00,27.8,84,0.0,8.5,1006.7,23.9,33.4,455.0,33.5,17.9,41.0,74
2025-09-27T15:00,27.2,88,0.0,8.5,1007.3,23.7,33.5,470.0,41.4,15.5,17.0,73
2025-09-27T16:00,26.9,92,0.0,8.2,1007.8,23.6,33.5,438.0,44.0,14.6,9.0,73
2025-09-27T17:00,26.8,92,0.0,8.7,1008.2,24.1,33.6,377.0,43.4,14.4,9.0,73
2025-09-27T18:00,26.5,93,0.0,10.3,1008.1,24.0,33.3,315.0,40.1,13.7,12.0,72
2025-09-27T19:00,26.1,95,0.0,11.8,1007.9,21.9,31.1,253.0,32.5,11.9,19.0,72
2025-09-27T20:00,26.0,94,0.0,10.7,1007.5,19.2,28.3,189.0,22.1,9.6,28.0,71
2025-09-27T21:00,25.8,95,0.0,10.4,1006.8,17.3,26.7,146.0,14.1,7.9,36.0,71
2025-09-27T22:00,25.6,96,0.0,10.0,1006.5,16.3,25.4,132.0,10.5,7.3,39.0,70
2025-09-27T23:00,25.5,96,0.0,10.3,1006.5,15.8,24.9,140.0,9.2,7.4,39.0,70
2025-09-28T00:00,25.5,95,0.0,10.9,1006.6,16.3,25.1,163.0,10.6,8.1,36.0,70
2025-09-28T01:00,26.4,93,0.0,9.2,1007.2,17.1,26.0,216.0,13.7,8.8,33.0,70
2025-09-28T02:00,26.7,91,0.0,10.4,1007.1,20.5,29.6,285.0,17.9,10.0,31.0,70
2025-09-28T03:00,27.9,83,0.0,12.7,1007.4,21.8,32.6,327.0,20.1,12.1,35.0,70
2025-09-28T04:00,29.5,75,0.0,10.7,1007.2,22.4,34.5,316.0,18.5,16.2,51.0,69
2025-09-28T05:00,31.1,68,0.0,10.5,1006.8,22.6,35.3,279.0,14.9,21.3,74.0,69
2025-09-28T06:00,32.5,62,0.0,11.3,1006.3,23.1,36.1,250.0,11.7,24.7,95.0,69
2025-09-28T07:00,33.5,59,0.0,11.7,1005.5,25.0,37.8,241.0,9.2,25.2,114.0,69
2025-09-28T08:00,33.9,58,0.0,12.5,1004.4,26.5,39.8,241.0,7.0,24.1,131.0,70
2025-09-28T09:00,33.8,58,0.0,13.6,1003.4,26.8,40.6,252.0,6.5,22.6,137.0,70
2025-09-28T10:00,33.0,61,0.0,15.0,1002.3,26.9,41.8,281.0,8.3,21.0,126.0,71
2025-09-28T11:00,32.0,65,0.0,14.4,1002.4,26.3,44.1,321.0,11.9,19.1,105.0,71
2025-09-28T12:00,30.7,71,0.0,13.1,1002.4,29.9,54.1,356.0,17.4,18.6,92.0,71
2025-09-28T13:00,29.5,79,0.0,10.6,1002.5,31.9,59.1,389.0,22.2,16.9,72.0,72
2025-09-28T14:00,28.4,85,0.0,8.5,1003.0,33.2,66.6,418.0,28.8,14.4,44.0,73
2025-09-28T15:00,28.0,87,0.0,8.9,1003.6,33.9,75.9,419.0,32.7,12.4,25.0,74
2025-09-28T16:00,27.6,89,0.0,10.1,1004.2,34.6,76.4,371.0,32.0,11.3,21.0,75
2025-09-28T17:00,27.4,92,0.0,13.3,1004.3,34.5,72.4,296.0,28.6,10.7,25.0,76
2025-09-28T18:00,27.2,93,0.0,15.7,1003.6,32.7,68.0,231.0,24.2,9.8,31.0,77
2025-09-28T19:00,26.8,95,0.0,16.5,1002.7,29.6,62.4,190.0,18.4,8.2,37.0,77
2025-09-28T20:00,26.9,93,0.0,13.6,1003.0,27.2,60.1,160.0,11.7,6.5,44.0,78
2025-09-28T21:00,26.6,93,0.0,13.0,1002.5,26.7,61.0,143.0,6.9,5.3,49.0,79
2025-09-28T22:00,26.4,94,0.0,11.3,1002.3,26.8,62.2,122.0,5.1,4.9,49.0,80
2025-09-28T23:00,26.2,95,0.0,11.7,1002.0,26.8,61.5,114.0,5.4,5.2,46.0,81
2025-09-29T00:00,25.9,97,0.0,10.4,1001.9,25.7,58.3,178.0,8.5,6.9,41.0,81
2025-09-29T01:00,26.0,99,0.0,10.1,1002.2,25.8,55.1,399.0,14.7,8.4,35.0,82
2025-09-29T02:00,26.0,97,0.0,9.3,1002.5,28.2,52.7,691.0,23.2,10.5,28.0,83
2025-09-29T03:00,27.4,87,0.0,8.5,1002.7,31.7,49.8,862.0,27.9,12.9,35.0,84
2025-09-29T04:00,30.2,71,0.0,8.6,1003.0,30.7,44.4,793.0,25.7,15.9,70.0,85
2025-09-29T05:00,33.9,51,0.0,9.3,1002.7,29.4,37.8,603.0,19.8,19.2,119.0,85
2025-09-29T06:00,37.0,37,0.0,9.8,1002.1,27.5,34.0,449.0,14.4,20.7,156.0,86
2025-09-29T07:00,39.3,24,0.0,11.7,1000.7,24.8,32.2,382.0,9.7,18.9,169.0,86
2025-09-29T08:00,40.2,22,0.0,12.2,999.5,22.1,28.8,351.0,5.5,15.5,170.0,86
2025-09-29T09:00,40.2,22,0.0,9.5,998.5,20.4,25.8,363.0,4.6,13.3,165.0,86
2025-09-29T10:00,39.5,24,0.0,5.9,998.0,20.1,24.4,425.0,8.3,13.7,155.0,85
2025-09-29T11:00,38.6,24,0.0,0.8,997.7,23.2,28.8,530.0,15.4,15.3,138.0,88
2025-09-29T12:00,37.7,29,0.0,3.7,997.8,25.3,29.6,663.0,17.2,10.8,127.0,109
2025-09-29T13:00,36.4,31,0.0,3.6,998.6,36.8,39.7,865.0,35.3,14.2,97.0,122
2025-09-29T14:00,35.3,34,0.0,4.2,998.9,47.3,51.6,1094.0,60.0,19.0,56.0,117
2025-09-29T15:00,34.8,35,0.0,11.8,999.2,52.0,56.5,1211.0,76.4,22.8,25.0,96
2025-09-29T16:00,34.2,38,0.0,11.5,999.7,52.2,56.6,1114.0,76.3,25.0,16.0,87
2025-09-29T17:00,32.7,46,0.0,10.8,999.8,53.3,58.8,905.0,68.0,26.1,18.0,89
2025-09-29T18:00,31.2,59,0.0,9.9,999.6,51.5,56.5,744.0,61.2,26.0,20.0,91
2025-09-29T19:00,30.2,67,0.0,3.3,1000.1,39.2,44.4,712.0,59.8,23.6,18.0,92
2025-09-29T20:00,29.3,75,0.0,3.1,1000.2,36.9,43.0,729.0,60.0,19.9,15.0,93
2025-09-29T21:00,28.9,77,0.0,3.9,999.8,37.1,43.1,719.0,60.2,17.3,13.0,94
2025-09-29T22:00,28.7,75,0.0,6.2,999.4,36.0,40.9,599.0,60.3,16.8,10.0,95
2025-09-29T23:00,28.8,73,0.0,6.9,999.0,34.9,38.9,451.0,60.5,17.3,7.0,96
2025-09-30T00:00,28.7,71,0.0,8.3,998.7,42.3,47.6,447.0,54.1,16.4,11.0,96
2025-09-30T01:00,28.3,83,0.0,7.2,999.5,38.0,43.2,763.0,54.1,18.1,12.0,98
2025-09-30T02:00,28.5,79,0.0,6.8,1000.1,36.3,43.2,1221.0,53.5,20.5,16.0,99
2025-09-30T03:00,30.0,67,0.0,4.3,1000.6,36.3,47.6,1463.0,48.7,21.4,30.0,100
2025-09-30T04:00,32.5,54,0.0,4.2,1000.9,30.5,67.1,1267.0,35.5,19.9,66.0,100
2025-09-30T05:00,34.2,50,0.0,6.4,1000.5,31.8,96.2,853.0,18.0,17.0,114.0,100
2025-09-30T06:00,32.3,63,1.1,12.2,1000.6,29.2,87.8,526.0,5.4,14.2,146.0,100
2025-09-30T07:00,34.3,55,0.1,9.2,999.7,22.7,59.8,387.0,1.7,11.5,150.0,101
2025-09-30T08:00,35.5,52,0.0,11.5,998.4,18.9,40.5,334.0,2.9,9.0,139.0,100
2025-09-30T09:00,35.6,50,0.0,7.8,997.6,16.4,28.1,361.0,5.2,7.7,128.0,100
2025-09-30T10:00,32.3,62,0.3,2.5,997.6,15.5,21.5,485.0,6.3,8.4,124.0,100
2025-09-30T11:00,30.0,80,3.7,12.2,998.4,16.1,17.6,689.0,8.5,10.5,119.0,99
2025-09-30T12:00,29.0,82,0.0,3.3,998.9,25.9,26.3,922.0,11.8,9.1,108.0,99
2025-09-30T13:00,29.5,82,0.0,4.7,998.9,25.9,26.1,1251.0,20.9,10.5,91.0,99
2025-09-30T14:00,29.5,78,0.0,8.8,998.9,30.4,30.5,1609.0,33.2,12.4,67.0,98
2025-09-30T15:00,29.2,76,0.0,11.3,999.7,32.4,32.5,1745.0,40.8,13.5,50.0,96
2025-09-30T16:00,28.9,76,0.0,12.0,999.9,32.0,32.1,1465.0,39.4,13.0,47.0,94
2025-09-30T17:00,28.5,77,0.0,11.6,1000.1,30.5,30.6,964.0,33.2,11.8,50.0,93
2025-09-30T18:00,28.2,78,0.0,11.0,1000.4,28.7,28.8,576.0,27.3,10.5,53.0,91
2025-09-30T19:00,27.9,80,0.0,9.4,1000.4,26.9,27.0,449.0,23.0,9.4,53.0,89
2025-09-30T20:00,27.6,82,0.0,7.2,1000.3,24.8,24.9,436.0,18.9,8.3,53.0,88
2025-09-30T21:00,27.2,85,0.0,8.3,999.8,23.1,23.2,424.0,16.2,7.7,51.0,86
2025-09-30T22:00,27.1,86,0.0,8.4,999.6,22.1,22.2,349.0,15.2,8.0,47.0,85
2025-09-30T23:00,27.0,87,0.0,8.4,999.2,21.7,21.7,277.0,15.6,8.8,42.0,84
2025-10-01T00:00,26.8,87,0.0,8.8,999.8,18.8,18.9,290.0,14.0,9.1,44.0,83
2025-10-01T01:00,26.6,87,0.0,8.3,1000.4,19.3,19.4,490.0,18.1,10.0,41.0,81
2025-10-01T02:00,26.8,87,0.0,8.7,1001.0,22.2,22.4,775.0,23.5,11.3,37.0,79
2025-10-01T03:00,27.8,83,0.0,7.7,1001.2,22.2,22.3,928.0,25.4,12.3,43.0,78
2025-10-01T04:00,29.3,74,0.0,9.9,1001.4,14.8,15.0,813.0,20.3,12.7,68.0,77
2025-10-01T05:00,30.8,66,0.0,11.3,1001.2,11.7,12.5,565.0,11.7,12.8,102.0,75
2025-10-01T06:00,31.5,61,0.0,13.7,1001.6,11.0,12.9,377.0,5.2,12.4,127.0,73
2025-10-01T07:00,32.0,59,0.0,13.3,1001.0,10.4,12.5,319.0,3.1,11.1,135.0,72
2025-10-01T08:00,32.9,54,0.1,13.5,1000.0,9.7,11.5,320.0,3.1,9.2,134.0,71
2025-10-01T09:00,33.2,54,0.1,13.3,999.4,9.2,10.6,358.0,3.7,7.8,131.0,70
2025-10-01T10:00,33.5,53,0.0,13.0,998.7,8.7,9.9,434.0,4.2,7.2,128.0,69
2025-10-01T11:00,33.4,52,0.0,13.2,998.6,8.2,9.2,548.0,5.3,7.0,122.0,69
2025-10-01T12:00,33.5,51,0.1,12.7,998.8,14.5,17.3,676.0,7.8,6.5,106.0,68
2025-10-01T13:00,32.7,55,0.0,10.1,999.0,17.0,19.0,840.0,10.6,6.9,95.0,76
2025-10-01T14:00,31.3,63,0.0,6.9,999.6,17.6,19.4,1018.0,14.5,7.5,80.0,75
2025-10-01T15:00,30.5,67,0.0,7.2,1000.6,17.1,18.7,1122.0,17.2,7.9,67.0,65
2025-10-01T16:00,29.9,69,0.0,8.8,1001.6,16.2,17.8,1105.0,17.9,8.2,59.0,64
2025-10-01T17:00,29.0,73,0.0,7.2,1001.8,15.4,16.7,1013.0,17.6,8.3,54.0,62
2025-10-01T18:00,28.8,75,0.0,7.2,1001.6,14.2,15.4,899.0,16.5,8.2,51.0,61
2025-10-01T19:00,28.7,76,0.0,4.5,1001.6,12.6,13.9,761.0,14.3,7.5,51.0,60
2025-10-01T20:00,28.1,79,0.0,6.3,1001.7,11.3,12.9,600.0,11.3,6.6,52.0,58
2025-10-01T21:00,27.8,80,0.0,7.8,1001.8,11.0,13.0,469.0,9.5,6.2,52.0,57
2025-10-01T22:00,27.5,81,0.0,7.4,1001.7,11.4,13.4,352.0,9.5,6.6,48.0,56
2025-10-01T23:00,27.2,81,0.0,7.8,1001.8,11.5,13.4,265.0,10.6,7.6,43.0,55
2025-10-02T00:00,27.3,79,0.0,7.9,1002.2,12.6,14.3,310.0,13.6,8.3,36.0,54
2025-10-02T01:00,27.4,79,0.0,7.9,1002.6,13.3,15.2,638.0,17.5,9.5,35.0,54
2025-10-02T02:00,27.5,79,0.0,8.3,1003.1,16.4,18.5,1097.0,22.7,11.1,34.0,53
2025-10-02T03:00,28.4,75,0.0,7.9,1003.5,18.4,21.5,1333.0,24.4,12.0,40.0,53
2025-10-02T04:00,30.0,68,0.0,9.8,1004.1,15.1,21.7,1116.0,19.4,11.6,60.0,52
2025-10-02T05:00,31.6,59,0.0,11.6,1004.1,13.1,19.3,676.0,10.9,10.5,86.0,52
2025-10-02T06:00,32.9,53,0.0,13.8,1004.4,12.1,17.4,344.0,4.6,9.4,105.0,52
2025-10-02T07:00,33.4,50,0.0,14.9,1003.9,11.2,15.9,262.0,2.7,8.3,111.0,53
2025-10-02T08:00,33.7,49,0.0,16.0,1003.1,10.3,14.8,289.0,2.9,7.2,110.0,53
2025-10-02T09:00,33.6,48,0.1,15.6,1002.3,9.5,14.1,332.0,3.6,6.4,106.0,53
2025-10-02T10:00,34.0,47,0.0,15.1,1001.7,8.7,13.2,361.0,4.3,6.1,101.0,53
2025-10-02T11:00,34.0,46,0.0,16.0,1001.9,8.4,12.6,406.0,5.5,6.2,95.0,53
2025-10-02T12:00,32.9,51,0.2,16.1,1002.3,10.6,15.9,462.0,7.6,6.6,86.0,53
2025-10-02T13:00,31.0,61,0.0,13.0,1002.8,11.5,15.5,548.0,10.8,7.1,77.0,52
2025-10-02T14:00,30.4,64,0.0,12.8,1003.7,13.4,16.1,646.0,15.0,7.9,65.0,52
2025-10-02T15:00,30.0,68,0.0,11.1,1004.2,12.7,14.8,698.0,17.5,8.4,57.0,52
2025-10-02T16:00,29.5,71,0.0,11.2,1004.6,11.6,13.3,672.0,16.6,8.5,56.0,51
2025-10-02T17:00,29.0,74,0.0,11.7,1005.2,10.7,12.1,601.0,14.0,8.3,58.0,51
2025-10-02T18:00,28.8,76,0.0,11.2,1005.9,9.8,10.9,525.0,11.4,8.0,61.0,50
2025-10-02T19:00,28.5,75,0.0,10.4,1005.7,8.6,9.4,450.0,9.3,7.4,63.0,50
2025-10-02T20:00,28.2,76,0.0,9.4,1005.4,7.5,8.1,369.0,7.3,6.6,65.0,49
2025-10-02T21:00,27.9,78,0.0,8.9,1004.9,7.1,7.8,308.0,6.0,6.1,65.0,49
2025-10-02T22:00,27.5,79,0.0,8.3,1005.0,7.0,7.6,259.0,5.7,6.0,63.0,48
2025-10-02T23:00,27.4,80,0.0,8.7,1004.9,7.1,7.8,230.0,6.0,6.3,60.0,47
2025-10-03T00:00,27.5,81,0.0,8.9,1005.3,7.0,8.0,260.0,7.2,6.6,58.0,46
2025-10-03T01:00,27.4,80,0.0,10.3,1005.7,7.1,8.2,419.0,10.4,7.2,53.0,45
2025-10-03T02:00,27.5,78,0.0,11.3,1006.1,8.3,9.8,638.0,14.6,7.9,47.0,44
2025-10-03T03:00,28.2,75,0.0,12.3,1006.7,9.1,12.5,754.0,16.5,8.6,45.0,43
2025-10-03T04:00,29.5,70,0.0,13.5,1007.2,9.7,14.0,663.0,13.9,9.0,53.0,41
2025-10-03T05:00,29.9,68,0.0,15.2,1007.7,9.3,14.8,469.0,9.0,9.4,65.0,40
2025-10-03T06:00,31.0,60,0.0,16.7,1008.1,9.0,14.5,325.0,5.4,9.5,75.0,40
2025-10-03T07:00,30.9,62,0.0,15.0,1007.7,8.7,13.9,291.0,4.4,9.4,79.0,39
2025-10-03T08:00,31.5,59,0.0,17.7,1006.8,8.0,12.7,307.0,4.7,9.1,80.0,39
2025-10-03T09:00,31.2,60,0.0,17.6,1006.2,7.5,11.6,349.0,5.7,8.9,79.0,38
2025-10-03T10:00,30.6,64,0.1,18.7,1006.1,7.7,11.1,421.0,7.4,9.1,77.0,38
2025-10-03T11:00,28.9,74,0.3,15.5,1005.5,8.1,11.2,519.0,9.8,9.5,74.0,38
2025-10-03T12:00,29.5,67,0.3,14.8,1006.2,11.2,17.4,612.0,15.0,9.0,57.0,38
2025-10-03T13:00,28.9,74,0.1,11.8,1006.3,12.5,17.7,706.0,16.5,8.5,52.0,38
2025-10-03T14:00,28.0,80,0.1,11.2,1006.7,12.7,17.8,795.0,18.4,7.8,46.0,38
2025-10-03T15:00,28.0,81,0.1,11.6,1007.3,12.5,17.6,833.0,19.3,7.2,41.0,38
2025-10-03T16:00,27.7,83,0.1,13.3,1007.9,12.4,17.4,793.0,18.4,6.9,39.0,38
2025-10-03T17:00,27.4,85,0.2,13.2,1008.1,12.4,17.3,703.0,16.5,6.8,39.0,38
2025-10-03T18:00,26.8,92,0.9,12.5,1008.8,12.7,17.5,600.0,14.5,6.6,40.0,38
2025-10-03T19:00,26.2,94,2.1,12.9,1008.3,12.3,16.9,481.0,12.3,6.2,41.0,39
2025-10-03T20:00,26.0,94,1.9,13.5,1007.8,11.7,16.2,350.0,9.9,5.9,44.0,39
2025-10-03T21:00,25.8,93,1.2,12.8,1007.3,11.3,15.7,256.0,8.2,5.7,45.0,40
2025-10-03T22:00,25.8,92,0.8,13.4,1007.0,11.1,15.4,192.0,7.2,5.8,45.0,41
2025-10-03T23:00,25.6,91,0.2,11.1,1007.0,10.9,15.4,165.0,6.9,6.2,45.0,42
2025-10-04T00:00,25.5,93,0.0,10.5,1007.8,9.3,12.0,247.0,7.9,6.6,47.0,42
2025-10-04T01:00,25.7,91,0.2,10.3,1008.1,9.9,12.5,564.0,12.5,7.7,42.0,43
2025-10-04T02:00,25.9,89,0.0,9.5,1008.8,12.4,15.3,989.0,18.6,9.3,36.0,43
2025-10-04T03:00,26.8,85,0.0,8.7,1009.1,13.6,19.1,1214.0,21.9,11.0,34.0,44
2025-10-04T04:00,28.2,76,0.0,10.8,1009.7,14.6,23.2,1040.0,19.7,12.9,40.0,45
2025-10-04T05:00,29.5,71,0.0,11.4,1009.6,14.6,25.6,667.0,14.7,14.9,50.0,45
2025-10-04T06:00,30.0,67,0.0,10.6,1009.8,14.9,26.6,380.0,10.6,16.0,59.0,46
2025-10-04T07:00,31.0,62,0.0,10.4,1009.1,15.0,26.8,298.0,8.5,15.3,65.0,47
2025-10-04T08:00,31.4,60,0.1,11.8,1008.1,13.9,24.6,302.0,7.3,13.6,69.0,48
2025-10-04T09:00,31.1,62,0.2,10.4,1007.2,13.0,22.4,329.0,7.1,12.5,70.0,50
2025-10-04T10:00,31.1,63,0.0,9.7,1006.3,12.0,20.1,362.0,7.6,12.7,68.0,50
2025-10-04T11:00,30.1,71,0.0,9.0,1006.1,11.8,18.9,417.0,9.2,13.5,63.0,51
2025-10-04T12:00,29.1,78,0.0,15.1,1006.5,12.1,18.7,478.0,10.2,12.5,66.0,51
2025-10-04T13:00,28.5,81,0.0,14.4,1006.2,14.6,19.6,562.0,19.1,12.7,51.0,51
2025-10-04T14:00,28.0,85,0.0,13.8,1006.9,17.7,22.1,652.0,31.2,13.0,31.0,51
2025-10-04T15:00,27.9,85,0.0,14.0,1007.5,18.1,22.5,686.0,38.9,12.9,17.0,52
2025-10-04T16:00,27.6,87,0.0,13.3,1008.2,17.8,22.4,619.0,38.4,12.3,15.0,52
2025-10-04T17:00,27.4,88,0.0,11.0,1008.2,17.1,21.8,497.0,33.4,11.4,19.0,53
2025-10-04T18:00,27.1,89,0.0,9.9,1007.8,16.3,21.1,389.0,27.9,10.4,24.0,53
2025-10-04T19:00,27.0,90,0.0,11.1,1007.5,14.9,19.5,313.0,22.3,9.1,30.0,53
2025-10-04T20:00,27.0,88,0.0,12.2,1007.5,13.0,17.3,251.0,16.1,7.7,38.0,54
2025-10-04T21:00,27.1,87,0.0,9.5,1007.3,11.6,15.8,225.0,11.8,6.8,43.0,54
2025-10-04T22:00,27.0,89,0.0,7.5,1006.8,11.2,15.4,253.0,10.4,6.5,43.0,54
2025-10-04T23:00,26.8,90,0.1,5.2,1006.6,11.5,15.5,315.0,10.8,6.6,42.0,54
2025-10-05T00:00,26.5,94,0.0,5.7,1006.7,12.4,16.5,376.0,11.2,7.3,44.0,54
2025-10-05T01:00,26.7,93,0.1,6.4,1006.9,13.8,18.3,437.0,13.6,9.5,46.0,54
2025-10-05T02:00,27.0,90,0.0,7.2,1007.4,18.3,23.5,496.0,16.7,12.4,48.0,54
2025-10-05T03:00,28.1,82,0.1,9.7,1007.9,18.2,25.0,512.0,17.7,14.7,54.0,55
2025-10-05T04:00,29.1,76,0.0,10.7,1008.3,17.1,24.6,447.0,14.5,15.7,65.0,55
2025-10-05T05:00,30.0,70,0.0,11.1,1008.2,16.6,24.1,339.0,9.2,16.0,79.0,56
2025-10-05T06:00,31.1,63,0.0,12.6,1008.3,16.9,24.4,257.0,5.2,15.7,89.0,56
2025-10-05T07:00,31.4,62,0.0,14.2,1007.7,15.5,22.5,229.0,3.7,14.6,92.0,56
2025-10-05T08:00,31.0,61,0.7,17.3,1007.1,14.6,21.5,227.0,3.5,13.0,91.0,56
2025-10-05T09:00,30.4,65,1.0,17.6,1006.8,14.0,21.1,236.0,3.9,11.8,88.0,56
2025-10-05T10:00,30.1,69,0.0,16.8,1005.8,14.0,21.8,253.0,4.7,11.5,82.0,56
2025-10-05T11:00,29.8,70,0.0,15.6,1005.2,13.4,21.4,281.0,6.3,11.6,74.0,56
2025-10-05T12:00,29.6,70,0.0,14.7,1005.4,11.5,18.2,309.0,8.7,12.4,67.0,56
2025-10-05T13:00,28.8,75,0.0,14.2,1005.1,12.3,19.6,340.0,13.7,12.0,58.0,56
2025-10-05T14:00,28.4,78,0.0,13.9,1005.3,15.1,22.0,372.0,20.4,11.5,47.0,56
2025-10-05T15:00,28.1,79,0.0,15.8,1005.9,15.8,23.5,380.0,24.5,10.8,39.0,56
2025-10-05T16:00,28.0,80,0.0,18.1,1006.5,15.7,23.9,350.0,23.6,9.9,39.0,56
2025-10-05T17:00,27.8,81,0.0,16.3,1007.5,15.4,24.6,296.0,20.1,8.9,43.0,56
2025-10-05T18:00,27.8,82,0.0,16.5,1007.4,15.5,25.7,247.0,16.5,8.0,47.0,55
2025-10-05T19:00,27.6,82,0.0,16.5,1006.9,15.7,27.0,208.0,13.2,7.3,51.0,55
2025-10-05T20:00,27.8,81,0.0,16.7,1007.0,15.5,27.5,172.0,9.8,6.7,56.0,55
2025-10-05T21:00,27.6,82,0.0,17.2,1006.5,15.6,28.0,148.0,7.2,6.2,59.0,56
2025-10-05T22:00,27.4,83,0.0,17.0,1006.3,15.7,28.0,135.0,5.5,5.8,61.0,56
2025-10-05T23:00,27.1,84,0.0,17.1,1005.8,15.7,27.8,134.0,4.7,5.6,62.0,56
2025-10-06T00:00,27.2,81,0.0,19.0,1005.7,16.1,27.0,151.0,4.6,5.9,64.0,57
2025-10-06T01:00,27.5,81,0.0,19.6,1006.5,16.3,28.2,206.0,7.2,6.8,62.0,57
2025-10-06T02:00,27.5,80,0.0,18.9,1006.8,18.6,37.6,280.0,10.6,8.0,60.0,57
2025-10-06T03:00,28.5,73,0.0,21.6,1007.4,23.2,64.5,323.0,12.3,9.1,63.0,57
2025-10-06T04:00,29.4,67,0.0,21.9,1008.2,30.5,125.3,303.0,10.4,10.0,75.0,58
2025-10-06T05:00,30.2,61,0.0,20.9,1008.4,39.0,184.9,252.0,6.7,10.8,91.0,59
2025-10-06T06:00,31.0,56,0.0,20.6,1008.8,45.4,223.1,215.0,3.9,11.4,105.0,61
2025-10-06T07:00,31.2,54,0.0,21.3,1008.3,49.9,243.1,206.0,3.1,11.6,113.0,63
2025-10-06T08:00,31.6,51,0.0,21.6,1007.5,51.6,244.0,210.0,3.3,11.5,118.0,67
2025-10-06T09:00,31.8,48,0.0,21.9,1006.7,51.5,231.0,227.0,4.2,11.4,119.0,70
2025-10-06T10:00,31.5,47,0.0,20.7,1006.0,49.9,209.5,258.0,6.1,11.4,115.0,73
2025-10-06T11:00,31.0,51,0.0,21.1,1005.5,49.5,193.7,302.0,8.9,11.3,106.0,76
2025-10-06T12:00,29.8,58,0.0,21.0,1005.5,56.6,209.1,353.0,12.7,12.2,97.0,80
2025-10-06T13:00,28.8,60,0.0,19.0,1005.6,56.5,185.8,428.0,14.7,11.0,89.0,84
2025-10-06T14:00,28.2,68,0.0,17.6,1006.1,51.3,164.4,510.0,17.2,9.4,78.0,87
2025-10-06T15:00,27.9,71,0.0,17.0,1007.0,42.1,132.7,539.0,18.3,8.1,68.0,91
2025-10-06T16:00,27.9,65,0.0,17.2,1007.8,32.8,98.5,472.0,16.5,7.4,62.0,93
2025-10-06T17:00,27.5,68,0.0,16.5,1007.9,25.7,70.8,352.0,13.1,7.0,58.0,94
2025-10-06T18:00,27.2,83,0.0,18.2,1008.2,21.2,52.9,252.0,10.1,6.6,55.0,95
2025-10-06T19:00,27.5,81,0.0,17.3,1008.3,18.5,42.7,199.0,7.9,6.1,53.0,96
2025-10-06T20:00,27.2,81,0.0,17.3,1008.0,16.9,39.2,167.0,6.1,5.6,53.0,96
2025-10-06T21:00,27.0,82,0.1,17.8,1007.5,16.5,40.7,147.0,4.9,5.4,53.0,96
2025-10-06T22:00,27.0,82,0.0,17.3,1007.4,16.8,45.1,104.0,4.1,5.3,54.0,96
2025-10-06T23:00,26.9,82,0.0,16.6,1007.0,18.0,52.4,74.0,3.9,5.4,55.0,96
2025-10-07T00:00,26.7,82,0.0,15.8,1007.2,18.9,61.5,160.0,4.8,6.0,54.0,97
2025-10-07T01:00,26.6,82,0.0,13.4,1007.6,20.5,64.0,506.0,10.9,7.3,49.0,97
2025-10-07T02:00,26.3,82,0.0,10.4,1008.3,25.5,76.8,969.0,19.1,9.3,42.0,97
2025-10-07T03:00,27.2,76,0.0,7.8,1009.1,31.5,104.5,1223.0,23.4,11.7,44.0,98
2025-10-07T04:00,28.9,61,0.0,9.7,1009.8,36.4,166.7,1064.0,20.0,14.9,61.0,99
2025-10-07T05:00,30.2,52,0.0,10.5,1010.2,43.8,225.4,695.0,12.6,18.5,87.0,99
2025-10-07T06:00,31.8,34,0.0,3.9,1010.3,49.0,253.3,402.0,6.9,21.0,109.0,100
2025-10-07T07:00,32.4,32,0.0,5.1,1009.7,52.2,261.7,296.0,4.8,21.5,124.0,100
2025-10-07T08:00,32.6,35,0.0,9.0,1009.0,53.3,262.6,265.0,4.4,20.9,134.0,100
2025-10-07T09:00,32.3,40,0.0,12.5,1008.7,53.4,260.8,263.0,4.8,20.2,137.0,100
2025-10-07T10:00,32.3,37,0.0,12.3,1008.2,52.7,258.9,265.0,5.3,19.9,128.0,100
2025-10-07T11:00,32.0,32,0.0,12.5,1007.8,51.3,254.3,296.0,6.7,19.5,111.0,101
2025-10-07T12:00,30.5,44,0.0,12.7,1008.0,51.3,245.9,379.0,10.8,21.0,97.0,101
2025-10-07T13:00,29.3,52,0.0,10.3,1008.4,46.2,188.6,565.0,20.7,19.3,75.0,100
2025-10-07T14:00,28.3,60,0.0,9.1,1008.8,44.1,161.1,803.0,34.3,17.0,44.0,99
2025-10-07T15:00,27.7,65,0.0,8.5,1009.5,42.3,142.5,967.0,45.0,15.3,21.0,99
2025-10-07T16:00,27.2,68,0.0,7.6,1010.1,41.0,129.5,1010.0,49.7,14.9,12.0,99
2025-10-07T17:00,26.7,73,0.0,6.9,1010.2,40.5,121.1,978.0,51.5,15.0,11.0,100
2025-10-07T18:00,26.4,65,0.0,7.5,1010.2,41.0,114.8,885.0,52.2,15.1,10.0,101
2025-10-07T19:00,26.5,69,0.0,9.8,1010.0,42.1,115.9,688.0,52.5,14.7,9.0,103
2025-10-07T20:00,26.1,79,0.0,10.4,1010.1,42.5,118.0,429.0,51.7,14.3,9.0,106
2025-10-07T21:00,25.8,85,0.0,8.1,1009.9,41.6,116.9,250.0,50.4,14.0,9.0,108
2025-10-07T22:00,25.2,88,0.0,5.6,1009.9,40.7,114.8,182.0,48.0,13.8,10.0,111
2025-10-07T23:00,24.5,91,0.0,4.5,1009.7,39.8,111.1,193.0,45.1,13.9,11.0,113
2025-10-08T00:00,24.0,90,0.0,2.9,1010.2,37.0,109.0,328.0,37.5,13.5,16.0,116
2025-10-08T01:00,24.0,88,0.0,4.1,1010.6,39.7,109.9,730.0,39.9,16.0,14.0,117
2025-10-08T02:00,23.8,87,0.0,4.6,1011.3,50.4,119.2,1255.0,42.9,19.7,12.0,119
2025-10-08T03:00,25.2,78,0.0,4.1,1011.9,46.9,104.8,1519.0,41.8,23.4,18.0,122
2025-10-08T04:00,27.3,70,0.0,2.7,1012.7,32.6,109.4,1264.0,33.0,27.6,39.0,124
2025-10-08T05:00,29.0,59,0.0,3.2,1012.7,33.2,126.7,746.0,20.1,31.9,69.0,123
2025-10-08T06:00,31.0,43,0.0,1.9,1012.5,36.2,142.5,353.0,10.3,34.1,96.0,122
2025-10-08T07:00,32.0,36,0.0,4.5,1011.7,39.9,149.9,251.0,6.3,32.5,119.0,121
2025-10-08T08:00,32.0,40,0.0,8.6,1010.6,41.9,150.4,273.0,5.2,28.8,138.0,120
2025-10-08T09:00,32.1,40,0.0,10.9,1009.7,43.5,146.2,304.0,5.5,25.9,149.0,118
2025-10-08T10:00,30.8,50,0.2,13.4,1009.4,44.0,141.1,295.0,6.3,25.5,147.0,117
2025-10-08T11:00,29.9,56,0.0,12.4,1009.2,43.2,133.2,296.0,8.5,25.9,136.0,116
2025-10-08T12:00,29.9,52,0.0,9.0,1009.7,47.6,145.3,337.0,12.4,28.6,139.0,116
2025-10-08T13:00,28.9,59,0.0,8.2,1009.6,45.5,118.0,440.0,23.5,26.1,106.0,115
2025-10-08T14:00,27.9,67,0.0,7.1,1010.0,42.7,101.7,584.0,38.9,22.7,61.0,115
2025-10-08T15:00,27.2,70,0.0,5.6,1010.8,39.6,93.4,736.0,50.6,20.3,26.0,115
2025-10-08T16:00,26.7,75,0.0,4.3,1011.4,39.2,90.8,928.0,55.0,20.1,12.0,115
2025-10-08T17:00,26.3,77,0.0,4.0,1012.0,41.9,93.4,1128.0,55.7,20.9,8.0,115
2025-10-08T18:00,25.4,83,0.0,4.8,1012.0,46.7,103.1,1213.0,55.5,21.5,6.0,115
2025-10-08T19:00,25.0,86,0.0,6.7,1012.0,49.7,109.7,1096.0,55.6,21.6,3.0,115
2025-10-08T20:00,24.5,89,0.0,6.9,1012.3,49.6,112.5,864.0,54.9,21.6,2.0,116
2025-10-08T21:00,24.5,91,0.0,5.8,1012.0,49.0,114.1,651.0,52.8,21.0,3.0,117
2025-10-08T22:00,24.4,92,0.0,5.8,1011.9,45.2,102.9,451.0,48.4,19.2,6.0,118
2025-10-08T23:00,24.0,94,0.0,5.2,1011.8,38.9,92.4,269.0,42.7,16.9,10.0,118
2025-10-09T00:00,23.7,93,0.0,5.2,1012.2,31.1,78.9,256.0,30.7,12.6,20.0,118
2025-10-09T01:00,23.9,91,0.0,5.2,1012.5,30.9,79.4,600.0,31.6,13.1,17.0,117
2025-10-09T02:00,23.8,90,0.0,6.2,1013.1,35.3,87.3,1113.0,32.5,13.9,15.0,116
2025-10-09T03:00,25.1,81,0.0,4.9,1013.8,38.5,88.2,1381.0,30.9,15.9,23.0,115
2025-10-09T04:00,27.3,71,0.0,7.3,1014.3,34.6,105.2,1143.0,24.2,20.5,50.0,114
2025-10-09T05:00,29.6,52,0.0,6.8,1014.2,36.7,124.3,660.0,14.9,26.3,87.0,114
2025-10-09T06:00,30.9,39,0.0,2.9,1014.3,41.7,130.4,300.0,7.9,30.0,117.0,115
2025-10-09T07:00,32.0,34,0.0,5.0,1013.6,44.8,127.6,225.0,5.1,29.4,135.0,115
2025-10-09T08:00,32.3,34,0.0,9.2,1012.7,44.9,122.0,273.0,4.5,26.7,147.0,116
2025-10-09T09:00,32.1,35,0.0,12.5,1011.9,43.0,115.3,325.0,5.2,24.6,151.0,116
2025-10-09T10:00,31.2,37,0.0,13.5,1011.3,41.9,111.5,328.0,6.3,24.5,147.0,116
2025-10-09T11:00,30.9,35,0.0,11.3,1011.2,41.8,110.1,334.0,8.6,24.9,136.0,116
2025-10-09T12:00,30.9,35,0.0,10.1,1011.2,41.4,106.6,380.0,12.0,27.2,139.0,116
2025-10-09T13:00,29.0,55,0.0,10.3,1011.1,41.0,92.9,506.0,21.0,24.7,109.0,115
2025-10-09T14:00,28.0,63,0.0,8.8,1011.6,39.6,85.0,672.0,33.5,21.3,68.0,114
2025-10-09T15:00,27.3,68,0.0,6.9,1012.3,37.7,82.0,793.0,43.5,18.6,36.0,114
2025-10-09T16:00,26.8,70,0.0,7.1,1012.4,37.5,79.6,842.0,48.9,17.6,22.0,114
2025-10-09T17:00,26.4,74,0.0,7.2,1012.6,38.5,78.2,846.0,51.8,17.3,17.0,114
2025-10-09T18:00,25.8,80,0.0,6.7,1012.5,39.5,78.2,803.0,52.8,16.9,15.0,113
2025-10-09T19:00,25.9,79,0.0,6.9,1012.4,39.6,79.6,689.0,51.7,16.1,15.0,113
2025-10-09T20:00,25.5,79,0.0,7.0,1012.2,40.3,84.5,528.0,48.8,15.2,17.0,112
2025-10-09T21:00,25.0,79,0.0,7.2,1011.7,41.4,91.3,395.0,44.8,14.4,20.0,111
2025-10-09T22:00,24.6,82,0.0,6.8,1011.5,40.5,90.1,281.0,38.9,13.6,24.0,110
2025-10-09T23:00,24.4,83,0.0,6.3,1011.2,36.6,77.3,195.0,32.0,12.9,28.0,109
2025-10-10T00:00,24.2,88,0.0,6.1,1011.3,32.5,70.3,239.0,24.7,12.0,32.0,109
2025-10-10T01:00,24.2,88,0.0,6.0,1011.6,32.0,69.2,562.0,28.3,12.6,28.0,109
2025-10-10T02:00,24.1,88,0.0,5.9,1012.1,36.2,73.3,1015.0,32.9,13.6,23.0,109
2025-10-10T03:00,25.4,82,0.0,3.9,1012.6,38.6,76.1,1252.0,33.6,15.8,29.0,109
2025-10-10T04:00,27.5,70,0.0,5.5,1012.8,35.3,89.2,1052.0,26.7,20.8,56.0,109
2025-10-10T05:00,29.6,52,0.0,4.2,1013.0,37.5,93.4,635.0,15.8,26.9,95.0,109
2025-10-10T06:00,31.0,42,0.0,6.9,1013.0,39.3,95.5,316.0,7.6,30.5,125.0,110
2025-10-10T07:00,31.6,38,0.0,10.1,1012.3,38.4,91.0,228.0,4.5,29.0,139.0,109
2025-10-10T08:00,31.4,38,0.1,11.7,1011.6,37.5,86.8,239.0,4.0,25.0,145.0,109
2025-10-10T09:00,31.4,37,0.1,12.2,1011.0,37.0,84.3,266.0,4.7,21.8,145.0,108
2025-10-10T10:00,31.0,39,0.0,12.5,1010.4,36.6,82.7,275.0,5.7,21.0,138.0,107
2025-10-10T11:00,30.4,41,0.0,12.3,1010.1,35.7,80.1,300.0,7.9,21.1,126.0,107
2025-10-10T12:00,29.6,44,0.0,10.9,1010.2,43.2,93.8,369.0,10.9,26.0,139.0,106
2025-10-10T13:00,28.5,55,0.0,9.8,1010.0,43.3,81.3,515.0,18.9,23.7,112.0,106
2025-10-10T14:00,27.5,63,0.0,8.5,1010.2,42.5,76.4,704.0,30.0,20.6,75.0,106
2025-10-10T15:00,27.0,67,0.0,7.8,1010.6,41.3,74.7,859.0,39.3,18.1,46.0,107
2025-10-10T16:00,26.5,70,0.0,6.9,1010.7,41.2,73.1,972.0,45.2,17.2,33.0,107
2025-10-10T17:00,26.2,71,0.0,5.7,1010.9,42.1,72.4,1051.0,49.3,17.0,27.0,108
2025-10-10T18:00,25.9,74,0.0,5.5,1011.0,44.0,74.5,1043.0,51.0,16.5,24.0,108
2025-10-10T19:00,25.6,75,0.0,6.8,1011.0,45.2,76.4,880.0,49.6,15.3,23.0,108
2025-10-10T20:00,25.1,77,0.0,7.1,1010.9,45.1,77.1,630.0,45.8,13.8,24.0,109
2025-10-10T21:00,24.6,79,0.0,6.7,1010.6,42.4,71.0,441.0,41.1,12.7,26.0,109
2025-10-10T22:00,24.3,81,0.0,5.0,1010.6,38.6,65.9,315.0,34.3,12.0,30.0,110
2025-10-10T23:00,24.0,82,0.0,3.6,1010.3,35.7,63.1,250.0,26.6,11.6,35.0,109
2025-10-11T00:00,24.0,83,0.0,4.2,1010.6,35.0,63.1,389.0,25.1,12.3,34.0,109
2025-10-11T01:00,23.9,83,0.0,4.1,1011.2,35.6,62.9,979.0,31.6,14.2,27.0,110
2025-10-11T02:00,23.7,85,0.0,3.4,1011.9,43.8,72.2,1773.0,40.1,17.0,18.0,110
2025-10-11T03:00,25.2,78,0.0,1.2,1012.5,46.6,74.5,2177.0,42.7,20.1,23.0,111
2025-10-11T04:00,27.4,68,0.0,1.0,1013.1,38.8,83.4,1806.0,33.8,23.9,52.0,112
2025-10-11T05:00,29.2,56,0.0,3.5,1013.1,39.9,88.0,1044.0,19.1,28.0,95.0,112
2025-10-11T06:00,30.5,46,0.0,6.4,1013.1,42.3,88.2,456.0,7.9,30.2,129.0,112
2025-10-11T07:00,31.5,40,0.0,8.0,1012.4,42.7,85.9,277.0,4.2,29.0,147.0,112
2025-10-11T08:00,31.5,39,0.2,9.4,1011.8,41.9,83.6,271.0,4.1,26.0,156.0,113
2025-10-11T09:00,31.2,41,0.3,9.3,1011.3,42.1,83.4,294.0,5.0,23.7,160.0,113
2025-10-11T10:00,31.1,41,0.0,9.0,1010.7,42.4,83.1,293.0,5.9,23.6,159.0,114
2025-10-11T11:00,30.6,43,0.0,9.7,1010.4,42.6,82.7,321.0,8.0,24.4,153.0,115
2025-10-11T12:00,29.5,51,0.0,10.9,1010.6,41.1,77.8,386.0,10.4,24.2,143.0,115
2025-10-11T13:00,28.3,59,0.0,9.4,1010.9,41.6,72.6,523.0,17.1,22.2,118.0,115
2025-10-11T14:00,27.5,64,0.0,7.4,1011.1,42.0,66.8,697.0,26.7,19.6,83.0,115
2025-10-11T15:00,26.9,68,0.0,7.2,1011.7,40.9,64.7,818.0,35.3,17.6,54.0,115
2025-10-11T16:00,26.4,72,0.0,6.4,1011.8,41.1,64.0,848.0,42.8,17.2,38.0,115
2025-10-11T17:00,26.0,75,0.0,6.6,1012.0,42.7,64.3,825.0,49.4,17.5,29.0,115
2025-10-11T18:00,25.4,80,0.0,6.7,1012.2,44.8,65.0,763.0,52.4,17.5,24.0,115
2025-10-11T19:00,25.1,80,0.0,6.7,1012.1,44.5,64.0,645.0,49.9,16.6,23.0,115
2025-10-11T20:00,24.8,82,0.0,7.8,1011.9,42.4,61.2,490.0,43.8,15.4,25.0,115
2025-10-11T21:00,24.5,84,0.0,8.6,1011.4,39.7,58.2,365.0,37.1,14.3,29.0,115
2025-10-11T22:00,24.2,85,0.0,7.3,1011.4,36.8,55.5,255.0,29.2,13.3,36.0,114
2025-10-11T23:00,23.9,86,0.0,6.3,1011.3,33.6,52.7,176.0,20.8,12.3,44.0,114
2025-10-12T00:00,23.5,90,0.0,5.6,1011.6,33.2,52.2,246.0,20.0,13.2,43.0,114
2025-10-12T01:00,23.7,89,0.0,5.5,1012.0,32.0,51.2,640.0,25.4,13.6,38.0,114
2025-10-12T02:00,23.6,88,0.0,4.8,1012.5,35.0,53.9,1183.0,32.5,14.4,32.0,113
2025-10-12T03:00,24.9,80,0.0,3.7,1013.1,39.3,57.2,1467.0,34.9,16.3,39.0,112
2025-10-12T04:00,27.4,64,0.0,4.9,1013.2,38.8,63.8,1229.0,27.9,20.8,69.0,112
2025-10-12T05:00,30.1,42,0.0,5.1,1013.2,39.6,68.7,732.0,16.2,26.5,111.0,112
2025-10-12T06:00,31.5,34,0.0,5.8,1013.2,34.6,60.5,352.0,7.3,29.8,144.0,112
2025-10-12T07:00,32.5,30,0.0,6.9,1012.2,32.8,61.2,251.0,4.3,28.7,160.0,111
2025-10-12T08:00,33.0,28,0.0,8.8,1011.4,32.9,63.6,268.0,4.1,25.2,168.0,110
2025-10-12T09:00,33.1,26,0.0,10.6,1010.5,33.4,63.8,298.0,4.7,22.5,171.0,109
2025-10-12T10:00,33.0,24,0.0,11.0,1010.0,34.0,62.9,297.0,4.9,22.0,171.0,108
2025-10-12T11:00,32.5,23,0.0,10.0,1009.7,34.5,61.7,309.0,6.0,22.2,166.0,107
2025-10-12T12:00,32.0,21,0.0,9.3,1010.1,38.5,66.8,365.0,9.5,22.6,155.0,113
2025-10-12T13:00,30.5,31,0.0,8.7,1010.3,41.2,62.4,508.0,17.3,20.9,128.0,132
2025-10-12T14:00,28.6,47,0.0,8.6,1010.8,43.3,59.8,695.0,28.2,18.5,91.0,135
2025-10-12T15:00,27.6,56,0.0,6.8,1011.4,43.8,60.1,822.0,36.5,16.7,63.0,124
2025-10-12T16:00,26.9,63,0.0,7.1,1011.8,44.7,60.8,847.0,40.3,16.0,53.0,106
2025-10-12T17:00,26.4,65,0.0,6.9,1012.0,45.8,61.5,812.0,41.5,15.9,52.0,107
2025-10-12T18:00,25.7,72,0.0,6.3,1012.4,46.8,62.9,738.0,40.9,15.5,53.0,107
2025-10-12T19:00,25.2,76,0.0,7.0,1012.1,47.6,63.6,604.0,38.2,14.5,52.0,107
2025-10-12T20:00,24.5,82,0.0,7.3,1012.1,46.9,61.0,430.0,33.6,13.3,53.0,108
2025-10-12T21:00,24.2,86,0.0,7.6,1011.7,44.0,56.9,299.0,28.6,12.2,55.0,108
2025-10-12T22:00,24.0,90,0.0,7.7,1011.7,41.2,54.0,200.0,22.2,11.2,61.0,108
2025-10-12T23:00,23.8,90,0.0,8.2,1011.6,38.8,52.0,142.0,15.3,10.3,68.0,109
2025-10-13T00:00,23.5,88,0.0,7.4,1011.8,36.9,50.8,240.0,13.0,9.9,70.0,109
2025-10-13T01:00,23.2,88,0.0,6.6,1012.1,36.0,50.1,679.0,20.1,10.8,62.0,110
2025-10-13T02:00,23.2,87,0.0,5.4,1012.6,38.2,52.4,1274.0,29.4,12.2,52.0,110
2025-10-13T03:00,24.8,79,0.0,3.6,1013.1,41.3,54.2,1576.0,33.4,13.8,53.0,111
2025-10-13T04:00,27.5,65,0.0,5.1,1013.5,36.8,55.1,1293.0,26.8,15.9,76.0,111
2025-10-13T05:00,30.0,47,0.0,7.3,1013.5,33.3,49.5,717.0,14.9,18.3,110.0,111
2025-10-13T06:00,31.6,36,0.0,9.7,1013.4,31.3,47.0,284.0,5.9,19.8,137.0,110
2025-10-13T07:00,32.2,34,0.0,10.9,1012.7,28.9,43.9,180.0,3.2,19.8,150.0,110
2025-10-13T08:00,32.5,32,0.0,12.2,1011.9,28.0,42.1,218.0,3.4,18.9,156.0,109
2025-10-13T09:00,32.3,32,0.0,13.0,1011.2,28.5,42.3,269.0,4.4,18.4,158.0,109
2025-10-13T10:00,32.0,32,0.0,12.8,1010.6,29.2,42.6,280.0,5.3,18.9,157.0,108
2025-10-13T11:00,31.3,34,0.0,12.7,1010.2,29.7,42.7,304.0,6.9,19.8,151.0,108
2025-10-13T12:00,30.8,35,0.0,10.8,1010.3,38.0,54.5,374.0,10.3,21.6,138.0,107
2025-10-13T13:00,29.8,42,0.0,8.5,1010.5,40.0,54.0,534.0,16.6,20.3,116.0,113
2025-10-13T14:00,28.6,53,0.0,6.0,1010.9,42.0,53.8,740.0,25.6,18.6,85.0,114
2025-10-13T15:00,27.7,61,0.0,5.1,1011.5,42.5,54.0,896.0,34.0,17.4,60.0,107
2025-10-13T16:00,27.0,65,0.0,4.4,1011.8,44.1,54.9,979.0,41.8,17.5,46.0,107
2025-10-13T17:00,26.2,70,0.0,6.2,1011.8,46.6,57.0,1012.0,49.0,18.2,37.0,107
2025-10-13T18:00,25.4,76,0.0,6.4,1011.7,49.0,59.6,962.0,52.2,18.4,32.0,107
2025-10-13T19:00,25.0,78,0.0,7.7,1011.6,49.9,60.1,767.0,49.2,17.5,32.0,107
2025-10-13T20:00,24.4,80,0.0,7.8,1011.1,47.5,56.8,488.0,42.3,16.0,36.0,107
2025-10-13T21:00,24.2,80,0.0,8.0,1010.9,44.0,53.3,281.0,34.8,14.5,42.0,107
2025-10-13T22:00,24.1,79,0.0,8.6,1010.4,40.5,50.2,182.0,26.2,12.9,51.0,107
2025-10-13T23:00,23.9,81,0.0,9.5,1010.2,37.8,47.4,155.0,17.0,11.3,62.0,107
2025-10-14T00:00,23.5,86,0.0,8.9,1010.3,37.6,47.1,239.0,15.6,11.7,60.0,107
2025-10-14T01:00,23.5,88,0.0,8.8,1010.7,37.1,46.9,556.0,22.8,12.4,53.0,107
2025-10-14T02:00,23.6,88,0.0,8.6,1011.2,40.3,50.4,984.0,32.3,13.5,45.0,107
2025-10-14T03:00,25.1,80,0.0,6.2,1011.7,44.6,54.0,1205.0,36.1,14.8,49.0,107
2025-10-14T04:00,27.6,67,0.0,7.9,1012.1,41.6,55.6,1007.0,28.7,16.5,75.0,108
2025-10-14T05:00,30.0,49,0.0,8.4,1012.0,35.0,49.1,602.0,15.6,18.4,112.0,108
2025-10-14T06:00,32.0,34,0.0,7.5,1011.8,27.8,38.3,299.0,5.8,19.7,142.0,109
2025-10-14T07:00,33.0,28,0.0,5.9,1010.9,25.0,34.0,236.0,2.9,19.7,156.0,108
2025-10-14T08:00,33.5,27,0.0,8.3,1009.8,25.0,33.2,276.0,3.3,19.0,163.0,108
2025-10-14T09:00,33.4,29,0.0,11.5,1009.0,25.8,33.6,319.0,4.4,18.6,165.0,107
2025-10-14T10:00,32.9,29,0.0,13.6,1008.4,26.5,34.3,317.0,5.1,19.0,164.0,107
2025-10-14T11:00,32.0,30,0.0,13.6,1008.5,26.8,34.6,318.0,6.5,19.6,158.0,107
2025-10-14T12:00,30.9,34,0.0,10.6,1008.7,26.9,34.1,365.0,8.8,19.7,148.0,108
2025-10-14T13:00,29.0,56,0.0,10.5,1009.0,31.2,38.3,513.0,16.3,18.6,124.0,123
2025-10-14T14:00,27.8,67,0.0,8.9,1009.2,34.6,41.1,706.0,26.6,17.0,91.0,126
2025-10-14T15:00,27.1,72,0.0,8.4,1009.7,34.7,41.0,819.0,34.2,15.7,66.0,115
2025-10-14T16:00,26.5,74,0.0,7.7,1009.8,34.5,40.5,786.0,36.6,15.1,59.0,103
2025-10-14T17:00,26.4,70,0.0,8.3,1009.6,34.5,40.4,672.0,36.2,14.8,60.0,102
2025-10-14T18:00,25.8,73,0.0,7.9,1009.6,34.7,40.7,551.0,34.6,14.3,62.0,101
2025-10-14T19:00,25.6,72,0.0,8.6,1009.3,34.3,40.4,432.0,32.2,13.3,61.0,99
2025-10-14T20:00,24.9,77,0.0,8.8,1009.3,33.9,39.5,306.0,28.5,12.2,61.0,98
2025-10-14T21:00,24.5,78,0.0,9.2,1009.0,32.6,37.5,219.0,24.6,11.2,62.0,97
2025-10-14T22:00,24.1,79,0.0,8.8,1008.8,30.6,35.6,159.0,19.3,10.4,66.0,96
2025-10-14T23:00,23.5,84,0.0,9.1,1008.8,29.1,34.3,138.0,13.6,9.8,71.0,95
2025-10-15T00:00,23.6,86,0.0,10.0,1009.0,28.1,33.9,237.0,10.7,9.3,75.0,94
2025-10-15T01:00,23.7,82,0.0,9.9,1009.3,28.2,34.2,602.0,17.4,9.9,66.0,93
2025-10-15T02:00,23.9,76,0.0,9.0,1010.0,30.7,36.9,1088.0,26.2,10.7,56.0,92
2025-10-15T03:00,25.3,66,0.0,6.7,1010.5,34.2,39.3,1338.0,30.2,12.2,57.0,92
2025-10-15T04:00,28.0,50,0.0,7.6,1010.8,31.0,37.8,1118.0,24.5,15.0,80.0,91
2025-10-15T05:00,30.6,33,0.0,9.8,1010.8,26.1,32.0,663.0,14.0,18.3,116.0,90
2025-10-15T06:00,32.4,26,0.0,9.0,1010.8,21.7,26.1,324.0,6.0,20.5,144.0,89
2025-10-15T07:00,33.5,22,0.0,5.5,1009.9,17.7,21.0,253.0,3.6,20.2,158.0,88
2025-10-15T08:00,34.1,20,0.0,4.5,1009.0,17.5,20.3,298.0,3.7,18.7,166.0,88
2025-10-15T09:00,34.2,21,0.0,9.3,1008.3,18.4,21.1,348.0,4.6,17.9,170.0,87
2025-10-15T10:00,33.9,23,0.0,13.4,1007.8,19.6,22.3,364.0,5.0,18.8,174.0,86
2025-10-15T11:00,33.0,25,0.0,15.7,1007.6,20.5,23.3,385.0,6.2,20.3,173.0,93
2025-10-15T12:00,31.2,32,0.0,15.7,1008.2,25.4,28.6,422.0,10.1,21.5,166.0,118
2025-10-15T13:00,29.4,43,0.0,11.7,1008.8,34.3,37.0,490.0,20.6,20.8,137.0,136
2025-10-15T14:00,28.0,55,0.0,9.8,1009.1,38.6,41.6,574.0,35.1,19.8,96.0,140
2025-10-15T15:00,27.2,63,0.0,11.3,1009.3,37.8,41.0,643.0,45.3,18.9,66.0,130
2025-10-15T16:00,26.8,62,0.0,9.8,1009.8,37.8,41.0,702.0,47.9,18.5,55.0,111
2025-10-15T17:00,26.4,61,0.0,7.8,1010.2,38.2,41.1,746.0,46.3,18.4,53.0,87
2025-10-15T18:00,25.7,65,0.0,7.8,1010.2,38.2,41.0,730.0,42.6,17.8,55.0,87
2025-10-15T19:00,25.6,68,0.0,7.9,1010.0,37.0,39.6,603.0,36.5,16.5,58.0,87
2025-10-15T20:00,25.1,74,0.0,8.6,1009.7,34.0,36.3,416.0,28.4,14.8,65.0,87
2025-10-15T21:00,24.7,77,0.0,9.7,1009.3,30.6,32.8,280.0,21.4,13.3,71.0,87
2025-10-15T22:00,24.8,70,0.0,10.2,1008.9,27.6,29.9,209.0,15.5,12.0,77.0,87
2025-10-15T23:00,24.8,60,0.0,10.2,1008.9,25.4,27.6,189.0,10.7,10.9,82.0,87
2025-10-16T00:00,24.4,58,0.0,8.8,1009.0,26.7,28.8,283.0,14.0,11.9,74.0,86
2025-10-16T01:00,24.2,52,0.0,8.5,1009.5,25.8,27.9,615.0,24.1,12.9,64.0,86
2025-10-16T02:00,24.3,46,0.0,8.7,1010.2,28.5,30.6,1061.0,37.4,14.4,51.0,86
2025-10-16T03:00,26.0,39,0.0,7.1,1010.6,34.3,36.1,1312.0,43.4,16.6,52.0,86
2025-10-16T04:00,28.7,32,0.0,5.6,1011.1,31.0,33.6,1178.0,34.8,20.3,79.0,86
2025-10-16T05:00,31.6,27,0.0,5.7,1011.2,25.8,29.7,848.0,18.9,24.6,120.0,86
2025-10-16T06:00,33.8,19,0.0,2.4,1011.0,19.2,23.1,584.0,6.9,26.9,152.0,86
2025-10-16T07:00,34.7,18,0.0,6.2,1010.0,18.4,22.6,488.0,3.4,25.5,168.0,86
2025-10-16T08:00,34.8,20,0.0,8.9,1009.3,19.2,23.7,458.0,3.8,22.1,176.0,86
2025-10-16T09:00,34.7,22,0.0,10.7,1008.5,19.7,24.5,446.0,5.0,19.7,179.0,86
2025-10-16T10:00,34.5,23,0.0,11.9,1008.1,20.1,25.0,428.0,5.0,19.5,180.0,86
2025-10-16T11:00,33.9,24,0.0,13.1,1008.2,20.6,25.4,429.0,5.9,20.2,177.0,102
2025-10-16T12:00,32.8,26,0.0,11.7,1008.7,21.7,25.7,471.0,10.6,22.1,167.0,128
2025-10-16T13:00,31.6,29,0.0,9.3,1009.0,32.6,36.0,590.0,22.3,21.2,137.0,147
2025-10-16T14:00,30.2,35,0.0,7.3,1009.6,38.0,40.9,751.0,38.6,20.0,96.0,151
2025-10-16T15:00,28.7,44,0.0,6.9,1010.3,38.6,41.8,872.0,50.8,19.3,64.0,139
2025-10-16T16:00,27.9,49,0.0,7.3,1011.0,39.9,43.7,931.0,55.4,19.5,52.0,117
2025-10-16T17:00,27.5,52,0.0,8.0,1011.2,41.9,45.9,949.0,56.0,20.2,50.0,90
2025-10-16T18:00,26.6,54,0.0,6.8,1011.2,44.2,48.5,909.0,55.3,20.5,48.0,86
2025-10-16T19:00,26.2,54,0.0,6.2,1011.0,47.1,51.8,772.0,54.7,20.1,43.0,87
2025-10-16T20:00,25.6,57,0.0,4.3,1011.0,47.8,52.6,576.0,52.9,19.3,39.0,87
2025-10-16T21:00,24.9,60,0.0,3.6,1010.9,45.9,50.5,425.0,48.4,18.3,40.0,89
2025-10-16T22:00,24.1,63,0.0,6.2,1010.8,41.7,46.2,324.0,37.8,16.8,51.0,90
2025-10-16T23:00,24.0,60,0.0,8.2,1011.0,36.8,41.2,268.0,24.4,15.1,67.0,91
2025-10-17T00:00,24.5,52,0.0,8.7,1011.1,33.5,38.0,339.0,19.2,14.7,74.0,92
2025-10-17T01:00,24.0,50,0.0,8.8,1011.3,31.7,36.0,685.0,27.6,15.2,66.0,93
2025-10-17T02:00,23.9,47,0.0,9.4,1011.9,34.1,38.3,1159.0,38.6,16.1,58.0,93
2025-10-17T03:00,25.8,40,0.0,8.7,1012.5,38.8,42.3,1405.0,43.1,17.7,61.0,94
2025-10-17T04:00,29.0,32,0.0,7.0,1012.4,36.0,40.6,1193.0,34.6,21.0,89.0,94
2025-10-17T05:00,32.0,25,0.0,7.8,1012.5,30.5,36.3,753.0,19.6,24.9,129.0,95
2025-10-17T06:00,33.7,20,0.0,6.5,1012.5,24.8,31.2,416.0,8.1,27.0,160.0,95
2025-10-17T07:00,34.7,18,0.0,2.4,1011.4,19.7,31.1,317.0,4.4,25.3,173.0,96
2025-10-17T08:00,35.0,17,0.0,3.7,1010.4,19.3,32.0,322.0,4.2,21.8,178.0,96
2025-10-17T09:00,35.2,18,0.0,6.7,1009.8,19.4,32.7,359.0,5.2,19.4,179.0,96
2025-10-17T10:00,35.1,19,0.0,8.4,1009.2,19.7,33.4,407.0,5.7,19.8,180.0,96
2025-10-17T11:00,34.0,22,0.0,13.0,1009.2,20.3,33.8,487.0,7.3,21.4,177.0,111
2025-10-17T12:00,32.3,24,0.0,14.1,1009.7,17.7,28.2,590.0,13.2,22.2,166.0,136
2025-10-17T13:00,31.0,28,0.0,8.7,1010.2,28.1,34.5,738.0,24.2,21.1,137.0,151
2025-10-17T14:00,29.6,39,0.0,10.8,1010.5,32.8,36.9,909.0,39.5,19.6,98.0,153
2025-10-17T15:00,28.8,42,0.0,7.1,1011.3,34.5,37.8,1029.0,51.6,18.9,67.0,140
2025-10-17T16:00,28.0,45,0.0,6.4,1011.9,36.6,39.8,1082.0,57.9,19.9,54.0,118
2025-10-17T17:00,27.4,49,0.0,6.9,1012.2,39.5,43.0,1084.0,61.0,21.7,51.0,94
2025-10-17T18:00,26.5,54,0.0,5.4,1012.4,43.2,47.3,1006.0,60.7,22.6,50.0,94
2025-10-17T19:00,25.5,61,0.0,7.6,1012.1,45.4,49.8,782.0,56.0,21.9,50.0,94
2025-10-17T20:00,24.8,73,0.0,9.9,1012.0,43.8,48.1,478.0,47.9,20.4,53.0,93
2025-10-17T21:00,24.6,83,0.0,10.6,1011.2,38.3,42.0,259.0,39.1,18.5,58.0,93
2025-10-17T22:00,24.6,85,0.0,9.6,1011.0,32.9,36.8,165.0,28.2,16.0,69.0,92
2025-10-17T23:00,24.5,84,0.0,9.2,1010.9,29.0,33.2,157.0,16.7,13.2,83.0,92
2025-10-18T00:00,24.2,76,0.0,8.9,1010.9,29.8,34.0,285.0,15.5,14.3,83.0,91
2025-10-18T01:00,23.7,71,0.0,8.9,1010.9,29.5,34.0,691.0,25.1,14.9,72.0,91
2025-10-18T02:00,23.2,67,0.0,8.3,1011.4,33.8,38.3,1234.0,37.9,16.0,58.0,90
2025-10-18T03:00,24.6,57,0.0,7.0,1011.7,39.0,43.3,1539.0,43.9,17.9,58.0,90
2025-10-18T04:00,27.8,44,0.0,4.3,1012.1,39.2,44.2,1376.0,36.4,21.7,84.0,90
2025-10-18T05:00,31.2,30,0.0,4.1,1011.8,34.6,41.2,975.0,22.0,26.3,124.0,91
2025-10-18T06:00,33.8,22,0.0,4.0,1011.8,27.3,35.7,654.0,10.8,29.3,157.0,91
2025-10-18T07:00,34.9,18,0.0,3.6,1010.8,22.8,34.5,540.0,6.5,29.1,174.0,91
2025-10-18T08:00,35.2,20,0.0,7.7,1009.8,23.4,35.2,507.0,5.4,27.2,185.0,92
2025-10-18T09:00,35.2,22,0.0,11.4,1009.0,24.7,35.7,493.0,5.8,25.7,189.0,92
2025-10-18T10:00,34.5,24,0.0,14.8,1008.5,25.7,36.2,459.0,6.8,25.8,190.0,92
2025-10-18T11:00,33.7,23,0.0,13.5,1008.3,26.3,36.4,444.0,9.4,26.4,186.0,113
2025-10-18T12:00,32.5,28,0.0,10.1,1008.6,24.2,30.4,504.0,17.7,26.4,169.0,141
2025-10-18T13:00,30.0,52,0.0,9.4,1008.8,31.1,35.6,718.0,28.4,24.1,137.0,157
2025-10-18T14:00,28.5,64,0.0,7.2,1009.2,34.0,38.2,1007.0,43.3,21.0,91.0,159
2025-10-18T15:00,27.5,71,0.0,6.3,1010.0,34.5,38.8,1194.0,55.1,18.8,56.0,147
2025-10-18T16:00,26.6,78,0.0,6.6,1010.3,34.9,39.5,1203.0,61.8,18.6,39.0,122
2025-10-18T17:00,26.0,84,0.0,5.5,1010.2,36.1,40.9,1109.0,65.3,19.3,31.0,94
2025-10-18T18:00,25.2,86,0.0,4.8,1010.3,37.6,42.3,966.0,64.2,19.3,29.0,94
2025-10-18T19:00,24.7,89,0.0,6.3,1010.1,36.1,40.7,750.0,55.8,17.7,33.0,93
2025-10-18T20:00,24.1,92,0.0,8.7,1009.7,32.6,37.6,485.0,42.8,15.5,43.0,93
2025-10-18T21:00,24.0,90,0.0,10.5,1009.4,29.0,34.8,292.0,31.2,13.4,52.0,92
2025-10-18T22:00,24.1,90,0.0,9.9,1009.1,26.1,33.2,191.0,21.6,11.5,61.0,91
2025-10-18T23:00,24.2,86,0.0,9.4,1008.9,24.7,33.1,163.0,13.5,9.9,69.0,90
2025-10-19T00:00,24.4,77,0.0,9.7,1009.2,24.8,33.1,274.0,12.9,9.7,68.0,90
2025-10-19T01:00,24.2,69,0.0,8.7,1009.2,25.6,34.1,675.0,23.6,11.2,57.0,89
2025-10-19T02:00,24.1,66,0.0,8.2,1009.7,31.0,39.5,1214.0,38.0,13.5,43.0,89
2025-10-19T03:00,25.6,56,0.0,6.2,1010.2,36.9,44.8,1501.0,45.0,16.4,44.0,89
2025-10-19T04:00,28.8,44,0.0,3.9,1010.8,35.0,45.5,1286.0,37.7,20.7,73.0,89
2025-10-19T05:00,31.8,31,0.0,4.7,1010.9,29.8,42.5,819.0,23.2,25.7,116.0,88
2025-10-19T06:00,33.8,22,0.0,7.3,1010.8,25.3,36.2,453.0,11.7,28.8,151.0,88
2025-10-19T07:00,34.7,20,0.0,8.8,1010.1,22.5,32.4,332.0,7.0,28.5,168.0,88
2025-10-19T08:00,35.2,19,0.0,9.9,1009.0,21.3,31.5,312.0,5.3,26.3,176.0,88
2025-10-19T09:00,35.3,19,0.0,11.3,1008.3,21.9,32.1,321.0,5.4,24.4,177.0,87
2025-10-19T10:00,35.0,18,0.0,13.0,1007.6,22.5,32.5,333.0,6.9,23.7,172.0,87
2025-10-19T11:00,34.2,18,0.0,13.5,1007.2,22.9,32.5,374.0,10.3,23.3,160.0,96
2025-10-19T12:00,33.3,18,0.0,12.2,1007.5,22.3,30.0,445.0,14.6,24.3,150.0,120
2025-10-19T13:00,31.5,27,0.0,10.5,1007.7,26.8,31.9,574.0,22.3,22.4,125.0,137
2025-10-19T14:00,29.4,38,0.0,10.2,1008.0,28.0,32.2,734.0,32.8,19.8,90.0,139
2025-10-19T15:00,28.0,48,0.0,8.6,1008.3,27.5,31.7,845.0,41.1,17.8,63.0,126
2025-10-19T16:00,27.3,57,0.0,7.5,1008.8,28.2,32.4,879.0,45.4,17.2,50.0,103
2025-10-19T17:00,26.6,68,0.0,8.3,1009.0,29.3,33.4,864.0,47.4,17.3,45.0,84
2025-10-19T18:00,26.0,75,0.0,8.8,1009.0,29.5,33.6,802.0,46.5,17.0,43.0,84
2025-10-19T19:00,25.8,76,0.0,9.0,1008.9,28.2,32.6,662.0,41.4,15.8,45.0,83
2025-10-19T20:00,25.2,75,0.0,8.8,1008.7,26.3,30.7,474.0,33.4,14.3,51.0,82
2025-10-19T21:00,24.8,73,0.0,8.9,1008.4,24.0,28.6,331.0,26.0,13.0,57.0,82
2025-10-19T22:00,24.5,73,0.0,11.5,1008.4,21.2,26.0,236.0,19.0,12.0,65.0,81
2025-10-19T23:00,24.6,71,0.0,10.7,1008.1,19.0,23.9,187.0,12.6,11.3,73.0,81
2025-10-20T00:00,24.6,64,0.0,9.4,1008.2,18.4,23.3,268.0,12.8,11.5,72.0,80
2025-10-20T01:00,24.5,59,0.0,8.9,1008.4,18.6,23.8,627.0,23.9,13.1,61.0,80
2025-10-20T02:00,24.4,54,0.0,8.8,1009.0,23.5,28.9,1116.0,38.7,15.4,47.0,79
2025-10-20T03:00,26.1,41,0.0,7.7,1009.4,30.0,35.2,1375.0,46.1,17.9,47.0,78
2025-10-20T04:00,29.4,30,0.0,6.2,1010.0,31.2,37.4,1176.0,38.8,21.1,72.0,78
2025-10-20T05:00,32.6,21,0.0,9.0,1010.1,24.2,35.3,748.0,24.0,24.5,111.0,78
2025-10-20T06:00,34.2,18,0.0,9.1,1010.1,21.4,34.0,415.0,12.2,26.3,143.0,77
2025-10-20T07:00,35.2,15,0.0,7.3,1009.4,20.8,31.5,309.0,7.1,25.3,161.0,77
2025-10-20T08:00,35.7,14,0.0,6.2,1008.6,20.0,28.8,298.0,5.1,22.7,171.0,77
2025-10-20T09:00,36.0,14,0.0,8.2,1007.6,20.0,27.9,315.0,5.1,20.5,174.0,76
2025-10-20T10:00,36.0,14,0.0,11.7,1007.0,20.0,27.6,342.0,7.3,19.7,168.0,76
2025-10-20T11:00,35.2,16,0.0,14.8,1006.6,19.9,27.2,397.0,11.6,19.3,156.0,89
2025-10-20T12:00,32.8,22,0.0,14.1,1007.0,18.8,23.6,460.0,17.0,20.3,141.0,112
2025-10-20T13:00,30.4,33,0.0,8.7,1007.4,25.6,29.6,526.0,25.8,18.9,116.0,127
2025-10-20T14:00,28.9,44,0.0,8.3,1008.2,26.9,31.4,602.0,38.2,17.1,82.0,128
2025-10-20T15:00,28.1,50,0.0,5.0,1009.1,27.1,32.2,686.0,49.1,16.1,54.0,115
2025-10-20T16:00,27.7,51,0.0,3.1,1009.7,27.9,33.6,812.0,57.9,17.1,37.0,92
2025-10-20T17:00,27.2,53,0.0,6.0,1010.0,30.6,36.6,946.0,65.3,19.0,27.0,75
2025-10-20T18:00,26.2,60,0.0,8.1,1010.1,35.0,40.7,990.0,68.1,20.0,21.0,75
2025-10-20T19:00,25.9,61,0.0,8.5,1009.9,36.9,42.5,867.0,64.2,19.2,21.0,76
2025-10-20T20:00,25.3,61,0.0,8.4,1009.9,34.5,40.4,654.0,55.7,17.5,26.0,77
2025-10-20T21:00,24.9,63,0.0,10.8,1009.9,29.6,35.6,482.0,46.2,15.8,33.0,77
2025-10-20T22:00,25.3,61,0.0,10.9,1009.8,24.3,30.5,355.0,34.6,13.9,42.0,78
2025-10-20T23:00,25.3,57,0.0,9.6,1009.7,20.9,27.1,270.0,22.1,12.0,51.0,78
2025-10-21T00:00,24.5,60,0.0,7.3,1009.6,18.9,24.6,347.0,14.0,10.5,59.0,78
2025-10-21T01:00,23.8,60,0.0,7.4,1009.9,19.2,24.3,746.0,23.4,12.2,50.0,78
2025-10-21T02:00,23.8,53,0.0,7.6,1010.9,23.4,27.5,1307.0,35.9,14.6,38.0,78
2025-10-21T03:00,25.6,41,0.0,5.6,1011.7,28.5,31.2,1671.0,41.9,16.9,41.0,78
2025-10-21T04:00,28.3,32,0.0,2.8,1012.2,29.9,32.4,1665.0,35.3,19.3,72.0,78
2025-10-21T05:00,31.4,26,0.0,1.7,1012.3,27.1,32.9,1462.0,22.3,21.6,117.0,78
2025-10-21T06:00,33.1,24,0.0,1.4,1012.4,26.8,35.3,1217.0,11.8,22.4,151.0,78
2025-10-21T07:00,34.7,21,0.0,1.9,1011.6,24.4,31.7,930.0,7.2,20.5,164.0,79
2025-10-21T08:00,35.3,19,0.0,4.1,1010.5,23.9,31.2,602.0,5.1,17.2,166.0,79
2025-10-21T09:00,35.9,18,0.0,5.9,1009.5,23.6,31.8,386.0,4.8,14.8,163.0,79
2025-10-21T10:00,36.0,18,0.0,6.3,1009.0,23.1,32.1,344.0,4.5,13.9,159.0,80
2025-10-21T11:00,35.3,22,0.0,8.7,1008.6,22.4,32.0,415.0,6.0,14.0,149.0,86
2025-10-21T12:00,33.3,32,0.0,11.2,1009.2,21.2,30.3,572.0,12.9,14.6,132.0,109
2025-10-21T13:00,31.8,37,0.0,9.5,1009.6,37.7,45.1,897.0,35.7,18.1,101.0,122
2025-10-21T14:00,30.9,40,0.0,8.3,1010.2,49.9,56.5,1307.0,67.0,23.1,58.0,119
2025-10-21T15:00,30.6,36,0.0,8.3,1010.8,56.9,63.8,1529.0,88.7,28.2,26.0,99
2025-10-21T16:00,30.2,33,0.0,8.5,1011.4,67.3,74.7,1394.0,92.0,34.4,16.0,86
2025-10-21T17:00,29.2,33,0.0,7.8,1011.6,71.7,79.2,1070.0,85.7,40.8,17.0,90
2025-10-21T18:00,28.4,36,0.0,5.8,1011.7,68.7,75.7,791.0,79.0,42.9,19.0,93
2025-10-21T19:00,28.0,37,0.0,6.3,1011.9,60.5,65.9,639.0,76.1,37.0,18.0,96
2025-10-21T20:00,27.1,39,0.0,7.0,1011.9,49.2,54.0,531.0,72.7,26.9,18.0,98
2025-10-21T21:00,26.8,41,0.0,7.0,1011.7,39.5,45.5,453.0,65.2,19.0,25.0,100
2025-10-21T22:00,26.5,42,0.0,8.4,1011.7,34.9,42.8,373.0,48.1,16.0,46.0,101
2025-10-21T23:00,26.4,41,0.0,9.7,1011.8,33.6,43.2,322.0,26.8,15.3,73.0,102
2025-10-22T00:00,26.6,40,0.0,11.3,1012.1,34.7,44.1,379.0,13.9,15.5,88.0,103
2025-10-22T01:00,26.2,41,0.0,11.9,1012.3,35.0,43.9,670.0,21.3,16.7,81.0,105
2025-10-22T02:00,26.1,41,0.0,11.4,1013.1,37.1,45.6,1070.0,31.0,18.3,73.0,106
2025-10-22T03:00,27.2,39,0.0,10.6,1013.8,41.3,48.4,1282.0,35.4,19.2,75.0,108
2025-10-22T04:00,29.8,33,0.0,8.1,1014.2,39.8,48.8,1118.0,29.1,19.0,98.0,109
2025-10-22T05:00,33.0,26,0.0,9.5,1014.3,36.6,47.1,765.0,17.4,18.1,131.0,110
2025-10-22T06:00,34.5,22,0.0,11.8,1013.9,30.7,41.4,489.0,8.2,16.8,155.0,111
2025-10-22T07:00,35.3,20,0.0,13.0,1012.8,24.6,34.1,393.0,4.7,14.7,162.0,112
2025-10-22T08:00,36.0,18,0.0,13.1,1011.6,23.0,31.1,374.0,3.8,12.1,160.0,112
2025-10-22T09:00,36.4,17,0.0,13.0,1010.6,22.2,29.5,385.0,4.2,10.3,156.0,112
2025-10-22T10:00,36.5,16,0.0,12.9,1009.6,21.9,29.0,402.0,4.6,9.7,154.0,111
2025-10-22T11:00,36.0,16,0.0,12.2,1009.5,22.1,29.1,450.0,6.2,9.8,151.0,111
2025-10-22T12:00,35.5,16,0.0,12.2,1009.7,27.2,34.5,553.0,11.5,10.4,142.0,115
2025-10-22T13:00,34.5,18,0.0,12.0,1010.2,35.3,40.6,775.0,23.5,11.2,120.0,124
2025-10-22T14:00,33.5,21,0.0,12.9,1010.5,40.4,44.9,1054.0,40.1,12.4,88.0,122
2025-10-22T15:00,32.5,24,0.0,9.8,1011.1,41.6,46.4,1223.0,52.9,13.4,63.0,111
2025-10-22T16:00,31.2,26,0.0,8.5,1011.3,42.5,48.1,1191.0,58.3,14.4,50.0,109
2025-10-22T17:00,30.2,29,0.0,8.3,1011.4,44.9,51.6,1051.0,60.1,15.2,42.0,106
2025-10-22T18:00,29.2,33,0.0,7.2,1011.6,49.5,57.0,912.0,60.7,15.5,35.0,104
2025-10-22T19:00,28.5,34,0.0,6.1,1011.5,52.9,60.8,809.0,62.1,14.8,25.0,102
2025-10-22T20:00,27.4,37,0.0,6.9,1011.3,52.4,59.4,708.0,62.4,13.5,17.0,101
2025-10-22T21:00,26.3,40,0.0,7.3,1011.2,48.3,53.7,617.0,58.8,12.5,16.0,101
2025-10-22T22:00,25.6,42,0.0,8.5,1011.1,41.1,46.3,493.0,47.0,12.1,30.0,102
2025-10-22T23:00,25.0,43,0.0,9.0,1011.0,35.4,40.6,380.0,31.3,12.1,51.0,103
2025-10-23T00:00,24.4,47,0.0,9.3,1011.4,34.1,39.7,416.0,25.0,12.6,59.0,103
2025-10-23T01:00,24.5,46,0.0,9.5,1011.7,31.9,37.5,770.0,31.0,13.9,57.0,103
2025-10-23T02:00,24.8,44,0.0,9.8,1012.0,34.0,39.7,1273.0,38.9,15.7,56.0,103
2025-10-23T03:00,26.0,41,0.0,9.7,1012.4,38.0,43.5,1559.0,41.5,17.4,65.0,102
2025-10-23T04:00,28.8,34,0.0,6.4,1012.6,41.1,46.7,1417.0,33.8,19.3,93.0,102
2025-10-23T05:00,32.3,26,0.0,6.4,1012.5,38.6,49.2,1058.0,20.9,21.1,130.0,102
2025-10-23T06:00,34.5,20,0.0,5.2,1012.1,35.5,56.7,751.0,10.7,21.6,158.0,102
2025-10-23T07:00,35.5,17,0.0,4.0,1011.1,30.4,59.3,577.0,6.2,19.6,168.0,103
2025-10-23T08:00,36.0,14,0.0,3.1,1009.9,26.9,53.8,456.0,4.6,16.2,168.0,103
2025-10-23T09:00,36.0,14,0.0,5.1,1009.1,24.2,47.8,411.0,4.9,13.8,165.0,104
2025-10-23T10:00,34.8,27,0.0,11.3,1008.5,22.3,43.2,474.0,4.6,12.8,163.0,104
2025-10-23T11:00,34.5,28,0.0,11.2,1008.2,21.2,39.2,613.0,6.4,12.7,159.0,104
2025-10-23T12:00,33.8,26,0.0,12.7,1008.4,15.7,27.6,766.0,12.2,13.4,142.0,123
2025-10-23T13:00,32.5,26,0.0,9.7,1008.7,32.1,41.0,913.0,42.6,17.2,108.0,133
2025-10-23T14:00,31.1,28,0.0,6.6,1009.2,45.5,54.0,1072.0,84.1,22.4,61.0,128
2025-10-23T15:00,29.6,34,0.0,6.4,1009.8,54.0,62.4,1238.0,112.4,26.8,26.0,108
2025-10-23T16:00,28.8,40,0.0,7.1,1010.4,59.1,66.8,1454.0,114.9,30.0,16.0,104
2025-10-23T17:00,28.0,43,0.0,6.9,1010.3,58.8,65.7,1676.0,104.2,32.4,19.0,106
2025-10-23T18:00,27.1,45,0.0,4.0,1010.4,57.0,63.1,1765.0,93.0,32.7,22.0,107
2025-10-23T19:00,27.1,42,0.0,5.7,1010.4,54.9,60.5,1632.0,85.1,29.6,20.0,108
2025-10-23T20:00,26.1,45,0.0,7.0,1010.2,52.3,57.3,1366.0,76.7,24.5,19.0,108
2025-10-23T21:00,25.5,46,0.0,7.5,1009.7,49.4,53.7,1096.0,69.8,20.3,18.0,108
2025-10-23T22:00,25.0,45,0.0,8.8,1010.0,45.8,49.1,794.0,65.3,17.8,17.0,108
2025-10-23T23:00,24.7,44,0.0,10.4,1009.8,38.9,41.7,487.0,62.1,16.1,17.0,109
2025-10-24T00:00,24.4,47,0.0,8.6,1010.1,34.2,36.9,389.0,57.1,14.3,15.0,109
2025-10-24T01:00,24.2,45,0.0,8.9,1010.5,29.2,32.0,709.0,57.9,16.2,16.0,109
2025-10-24T02:00,24.2,43,0.0,8.5,1010.9,31.8,34.5,1237.0,58.3,18.8,20.0,109
2025-10-24T03:00,25.7,36,0.0,7.2,1011.3,36.6,38.9,1555.0,54.3,21.4,35.0,109
2025-10-24T04:00,28.8,29,0.0,5.7,1011.8,36.6,39.1,1437.0,41.4,24.2,74.0,109
2025-10-24T05:00,32.5,22,0.0,5.2,1011.8,28.5,32.4,1109.0,24.1,26.9,125.0,108
2025-10-24T06:00,34.6,16,0.0,3.6,1011.4,22.5,28.5,829.0,10.9,27.6,164.0,107
2025-10-24T07:00,35.4,15,0.0,3.6,1010.8,22.2,30.2,680.0,5.7,24.5,179.0,106
2025-10-24T08:00,35.9,14,0.0,4.4,1009.7,22.2,31.7,579.0,4.8,19.4,181.0,105
2025-10-24T09:00,36.0,15,0.0,6.7,1008.7,21.6,31.2,531.0,5.3,15.4,178.0,104
2025-10-24T10:00,36.0,17,0.0,8.6,1008.0,20.6,29.7,496.0,3.2,13.4,175.0,104
2025-10-24T11:00,35.3,21,0.0,8.7,1007.5,19.8,28.4,514.0,2.6,12.4,167.0,104
2025-10-24T12:00,34.3,22,0.0,10.9,1007.8,18.2,25.1,710.0,12.7,12.3,144.0,131
2025-10-24T13:00,32.5,28,0.0,11.4,1008.1,32.0,37.6,1258.0,43.4,16.1,109.0,146
2025-10-24T14:00,30.9,30,0.0,10.1,1008.6,44.1,49.2,1983.0,85.3,21.5,60.0,142
2025-10-24T15:00,29.8,31,0.0,8.0,1009.3,50.9,55.6,2491.0,114.5,26.2,25.0,120
2025-10-24T16:00,28.9,35,0.0,7.5,1009.5,55.4,59.8,2625.0,118.9,30.1,16.0,104
2025-10-24T17:00,28.2,37,0.0,6.7,1009.4,56.9,61.0,2541.0,110.6,33.4,19.0,103
2025-10-24T18:00,27.8,37,0.0,5.5,1009.2,56.3,60.3,2310.0,101.1,34.1,23.0,103
2025-10-24T19:00,27.9,33,0.0,6.3,1008.6,54.2,58.0,1868.0,94.5,30.2,22.0,103
2025-10-24T20:00,26.4,35,0.0,6.5,1008.3,49.6,53.0,1280.0,86.9,23.7,20.0,103
2025-10-24T21:00,24.8,39,0.0,8.8,1008.4,43.8,46.7,809.0,77.8,18.5,22.0,103
2025-10-24T22:00,24.9,37,0.0,10.8,1008.3,36.4,39.1,517.0,65.3,16.2,29.0,102
2025-10-24T23:00,25.5,34,0.0,11.0,1008.3,30.3,32.8,342.0,51.3,15.2,39.0,101
2025-10-25T00:00,25.0,37,0.0,9.4,1008.9,25.3,28.0,363.0,36.7,12.5,50.0,100
2025-10-25T01:00,25.0,35,0.0,9.5,1009.1,23.9,26.5,746.0,41.1,13.7,45.0,99
2025-10-25T02:00,25.1,33,0.0,9.5,1009.6,27.0,29.6,1324.0,46.7,15.4,39.0,99
2025-10-25T03:00,26.1,31,0.0,8.1,1010.2,31.3,33.9,1680.0,47.0,16.8,46.0,98
2025-10-25T04:00,29.2,26,0.0,8.0,1010.4,35.2,37.5,1595.0,36.8,17.9,77.0,98
2025-10-25T05:00,32.7,20,0.0,6.0,1010.5,26.0,31.0,1286.0,21.4,18.6,121.0,98
2025-10-25T06:00,34.8,16,0.0,5.1,1010.3,17.8,21.4,991.0,9.5,18.4,154.0,98
2025-10-25T07:00,35.8,14,0.0,5.3,1009.4,14.7,18.1,759.0,5.0,16.5,165.0,97
2025-10-25T08:00,36.2,13,0.0,3.6,1008.4,15.0,19.3,541.0,4.2,13.6,165.0,97
2025-10-25T09:00,36.2,13,0.0,2.7,1007.4,15.0,20.1,420.0,4.5,11.3,162.0,96
2025-10-25T10:00,36.0,16,0.0,4.8,1006.8,14.7,20.3,402.0,4.0,10.0,159.0,95
2025-10-25T11:00,35.5,21,0.0,5.5,1006.5,14.9,20.6,483.0,4.7,9.4,154.0,95
2025-10-25T12:00,34.5,25,0.0,6.9,1006.5,18.0,24.6,732.0,9.6,8.7,138.0,113
2025-10-25T13:00,33.0,30,0.0,9.2,1006.8,22.4,26.9,1366.0,19.7,9.3,115.0,126
2025-10-25T14:00,32.0,26,0.0,9.7,1007.3,25.2,28.9,2168.0,33.4,10.2,84.0,124
2025-10-25T15:00,31.4,25,0.0,9.0,1008.2,26.4,29.9,2561.0,43.2,10.9,61.0,109
2025-10-25T16:00,29.9,31,0.0,8.8,1008.8,27.6,31.2,2161.0,45.7,11.5,53.0,90
2025-10-25T17:00,28.8,31,0.0,9.0,1008.9,29.0,32.8,1353.0,44.1,12.0,53.0,87
2025-10-25T18:00,28.3,28,0.0,8.0,1008.8,29.7,33.8,711.0,40.5,12.0,56.0,85
2025-10-25T19:00,28.2,27,0.0,8.5,1008.6,28.9,32.9,470.0,34.4,11.2,60.0,82
2025-10-25T20:00,27.9,26,0.0,7.5,1008.5,26.9,30.9,395.0,26.3,9.8,67.0,80
2025-10-25T21:00,27.5,27,0.0,7.7,1008.3,24.8,28.6,360.0,19.6,8.8,73.0,78
2025-10-25T22:00,26.6,29,0.0,8.8,1008.3,23.0,26.6,307.0,14.6,8.2,76.0,76
2025-10-25T23:00,25.8,31,0.0,9.2,1008.3,21.5,24.8,295.0,11.0,7.9,79.0,75
2025-10-26T00:00,25.1,33,0.0,9.3,1008.3,21.0,24.0,371.0,11.7,8.3,74.0,74
2025-10-26T01:00,24.8,34,0.0,9.5,1008.5,21.2,24.2,634.0,19.5,9.6,69.0,74
2025-10-26T02:00,25.4,33,0.0,11.1,1009.2,24.4,27.0,986.0,30.0,11.4,62.0,74
2025-10-26T03:00,27.4,28,0.0,11.9,1009.6,29.6,31.4,1179.0,34.8,13.0,66.0,74
2025-10-26T04:00,29.9,25,0.0,9.6,1010.2,29.3,31.7,1062.0,28.6,14.5,90.0,73
2025-10-26T05:00,32.5,22,0.0,11.0,1010.3,25.8,29.2,786.0,16.9,15.9,124.0,73
2025-10-26T06:00,34.2,18,0.0,12.8,1010.0,16.0,18.2,559.0,7.7,16.2,149.0,73
2025-10-26T07:00,35.0,17,0.0,14.0,1009.1,11.2,13.4,456.0,4.4,14.5,157.0,73
2025-10-26T08:00,35.5,17,0.0,14.8,1008.2,10.5,12.9,403.0,3.7,11.7,157.0,72
2025-10-26T09:00,35.6,16,0.0,14.8,1007.3,10.9,13.2,384.0,3.9,9.6,154.0,72
2025-10-26T10:00,35.7,16,0.0,15.2,1006.3,11.6,14.1,405.0,4.1,8.8,152.0,72
2025-10-26T11:00,35.4,16,0.0,16.7,1005.8,12.4,15.1,461.0,5.2,8.6,148.0,90
2025-10-26T12:00,34.8,15,0.0,17.3,1006.5,23.4,28.0,516.0,8.6,8.8,136.0,107
2025-10-26T13:00,33.8,17,0.0,14.8,1006.8,26.5,29.6,567.0,16.3,10.1,121.0,117
2025-10-26T14:00,32.8,20,0.0,13.6,1007.3,29.2,31.9,619.0,26.7,11.8,99.0,116
2025-10-26T15:00,31.5,23,0.0,15.3,1007.9,30.9,33.4,648.0,33.8,13.1,83.0,106
2025-10-26T16:00,30.9,25,0.0,16.4,1008.7,30.7,33.2,647.0,34.9,13.6,76.0,90
2025-10-26T17:00,30.0,26,0.0,13.8,1008.7,29.7,31.9,623.0,32.5,13.6,73.0,73
2025-10-26T18:00,29.1,28,0.0,12.3,1008.4,28.1,30.0,578.0,28.6,13.3,74.0,73
2025-10-26T19:00,28.6,29,0.0,12.8,1007.9,25.8,27.5,496.0,22.5,12.7,81.0,73
2025-10-26T20:00,28.6,29,0.0,14.9,1007.6,24.2,25.8,392.0,14.8,11.7,91.0,73
2025-10-26T21:00,28.5,28,0.0,14.5,1007.4,24.2,25.6,317.0,9.0,11.0,98.0,72
2025-10-26T22:00,27.6,29,0.0,12.5,1007.3,24.8,26.7,273.0,6.1,10.5,98.0,72
2025-10-26T23:00,27.1,30,0.0,12.8,1007.3,24.9,27.8,258.0,5.1,10.2,94.0,73
2025-10-27T00:00,26.9,30,0.0,13.2,1007.5,24.9,29.1,308.0,6.7,10.5,89.0,73
2025-10-27T01:00,26.5,30,0.0,13.3,1008.0,24.4,29.3,497.0,12.9,11.2,79.0,73
2025-10-27T02:00,26.3,30,0.0,13.2,1008.7,25.7,31.0,751.0,21.1,12.2,66.0,74
2025-10-27T03:00,27.5,28,0.0,11.8,1009.3,28.1,32.5,893.0,25.2,13.0,65.0,74
2025-10-27T04:00,29.5,24,0.0,11.8,1009.9,26.7,32.6,813.0,21.1,13.6,87.0,74
2025-10-27T05:00,31.8,21,0.0,15.9,1010.2,21.0,27.3,620.0,12.9,13.9,120.0,73
2025-10-27T06:00,33.5,20,0.0,17.9,1010.0,19.0,24.0,461.0,6.4,13.5,145.0,73
2025-10-27T07:00,34.3,18,0.0,20.2,1009.1,17.6,22.1,387.0,4.1,11.6,151.0,73
2025-10-27T08:00,34.8,17,0.0,21.3,1008.2,16.8,21.6,347.0,3.5,8.9,149.0,74
2025-10-27T09:00,35.2,15,0.0,21.3,1007.2,16.8,21.8,336.0,3.7,6.9,145.0,74
2025-10-27T10:00,35.1,15,0.0,21.6,1006.5,17.0,21.9,355.0,3.9,6.2,143.0,75
2025-10-27T11:00,34.5,18,0.0,21.7,1006.5,17.3,22.1,403.0,4.8,6.1,139.0,80
2025-10-27T12:00,33.8,19,0.0,20.5,1006.8,28.9,35.2,469.0,8.4,6.8,131.0,96
2025-10-27T13:00,32.5,21,0.0,16.6,1007.3,31.3,36.1,579.0,15.8,8.0,114.0,105
2025-10-27T14:00,31.2,24,0.0,14.7,1008.0,32.7,36.8,708.0,25.7,9.6,91.0,104
2025-10-27T15:00,30.0,27,0.0,13.3,1008.8,34.0,37.4,768.0,31.3,11.1,77.0,93
2025-10-27T16:00,28.9,30,0.0,11.9,1009.4,32.6,35.4,703.0,28.5,12.3,80.0,77
2025-10-27T17:00,28.4,30,0.0,12.7,1009.3,30.5,33.1,569.0,21.4,13.4,91.0,77
2025-10-27T18:00,28.5,28,0.0,15.6,1009.0,29.8,32.2,454.0,15.1,13.9,100.0,77
2025-10-27T19:00,29.0,26,0.0,16.6,1008.6,29.2,31.8,385.0,11.4,13.5,103.0,78
2025-10-27T20:00,28.6,26,0.0,16.1,1008.6,28.5,31.1,336.0,8.5,12.6,104.0,78
2025-10-27T21:00,27.9,27,0.0,16.4,1008.6,28.2,31.1,307.0,6.6,11.8,102.0,78
2025-10-27T22:00,27.0,30,0.0,14.8,1008.7,28.9,32.2,287.0,5.5,11.2,97.0,79
2025-10-27T23:00,26.2,35,0.0,14.1,1008.4,30.0,33.8,289.0,5.4,10.6,90.0,79
2025-10-28T00:00,25.6,38,0.0,13.4,1008.7,30.6,34.2,353.0,7.2,11.0,85.0,79
2025-10-28T01:00,25.5,40,0.0,13.9,1009.3,31.8,35.7,557.0,12.6,12.1,78.0,80
2025-10-28T02:00,25.5,43,0.0,13.9,1010.1,34.2,38.6,824.0,19.9,13.5,71.0,81
2025-10-28T03:00,26.3,43,0.0,11.8,1010.9,37.1,41.3,963.0,23.4,14.7,72.0,81
2025-10-28T04:00,27.9,42,0.0,12.9,1011.0,38.1,44.9,850.0,19.5,15.5,92.0,82
2025-10-28T05:00,29.9,40,0.0,15.9,1010.9,39.8,48.0,608.0,11.9,15.9,121.0,83
2025-10-28T06:00,31.5,32,0.0,19.9,1010.6,39.6,47.0,421.0,6.0,15.8,144.0,85
2025-10-28T07:00,32.5,26,0.0,21.9,1009.6,37.0,44.1,361.0,3.9,14.6,156.0,87
2025-10-28T08:00,33.2,24,0.0,22.7,1008.5,31.9,39.7,354.0,3.5,12.8,162.0,88
2025-10-28T09:00,33.6,23,0.0,22.8,1007.6,30.3,40.5,368.0,3.8,11.4,164.0,90
2025-10-28T10:00,33.5,25,0.0,22.4,1007.0,31.0,43.2,395.0,4.4,10.9,161.0,91
2025-10-28T11:00,32.8,29,0.0,22.4,1006.7,31.7,44.2,443.0,5.8,10.8,154.0,95
2025-10-28T12:00,32.9,26,0.0,21.8,1007.2,32.5,44.1,492.0,8.0,11.5,146.0,112
2025-10-28T13:00,31.8,29,0.0,17.4,1007.7,34.7,44.5,550.0,12.2,12.2,133.0,123
2025-10-28T14:00,30.7,32,0.0,14.7,1008.3,36.2,45.8,610.0,17.9,13.2,116.0,126
2025-10-28T15:00,29.6,35,0.0,12.2,1009.2,38.1,46.7,636.0,21.4,14.0,103.0,120
2025-10-28T16:00,28.9,36,0.0,12.5,1009.7,40.7,47.7,605.0,20.9,14.4,100.0,109
2025-10-28T17:00,28.5,37,0.0,13.7,1009.9,43.9,49.5,540.0,18.3,14.6,102.0,96
2025-10-28T18:00,28.2,38,0.0,13.9,1010.0,47.6,52.2,477.0,15.3,14.8,105.0,97
2025-10-28T19:00,28.1,39,0.0,15.3,1010.0,49.7,53.9,424.0,12.2,14.9,108.0,98
2025-10-28T20:00,27.8,39,0.0,15.7,1009.7,49.7,54.0,374.0,8.8,14.9,112.0,100
2025-10-28T21:00,27.2,40,0.0,15.4,1009.4,48.8,53.4,340.0,6.3,14.9,113.0,102
2025-10-28T22:00,26.8,41,0.0,14.5,1009.1,47.4,52.5,311.0,5.0,14.8,110.0,104
2025-10-28T23:00,26.0,44,0.0,13.5,1008.9,45.6,51.3,299.0,4.8,14.7,105.0,106
2025-10-29T00:00,25.4,48,0.0,13.0,1009.4,47.3,53.1,350.0,6.2,15.6,101.0,108
2025-10-29T01:00,25.0,50,0.0,14.1,1009.5,45.9,52.2,545.0,11.2,16.4,92.0,110
2025-10-29T02:00,24.9,51,0.0,13.7,1010.1,46.7,53.3,805.0,17.8,17.4,81.0,111
2025-10-29T03:00,25.6,50,0.0,11.5,1010.8,48.3,54.6,935.0,21.0,17.5,78.0,112
2025-10-29T04:00,27.2,46,0.0,13.0,1010.9,47.0,55.8,811.0,17.5,16.2,92.0,114
2025-10-29T05:00,29.1,43,0.0,16.3,1010.9,41.7,49.2,557.0,10.5,14.1,115.0,115
2025-10-29T06:00,30.4,34,0.0,22.5,1010.4,36.1,41.6,361.0,5.2,11.9,132.0,115
2025-10-29T07:00,31.5,28,0.0,22.4,1009.6,30.5,35.0,296.0,3.4,9.7,136.0,114
2025-10-29T08:00,32.4,25,0.0,21.2,1008.4,25.7,28.9,287.0,3.2,7.4,133.0,114
2025-10-29T09:00,32.9,24,0.0,20.6,1007.4,22.1,24.4,298.0,3.6,5.8,129.0,113
2025-10-29T10:00,32.8,27,0.0,19.8,1006.9,19.2,21.0,321.0,4.1,5.2,125.0,112
2025-10-29T11:00,32.8,25,0.0,19.9,1006.7,17.4,18.8,364.0,5.2,5.3,119.0,111
2025-10-29T12:00,32.3,25,0.0,20.1,1006.6,21.1,22.9,413.0,7.9,5.9,110.0,109
2025-10-29T13:00,31.5,27,0.0,15.8,1007.0,22.8,24.2,477.0,12.9,6.8,98.0,108
2025-10-29T14:00,30.7,29,0.0,15.7,1007.5,23.1,24.4,547.0,19.7,8.0,81.0,107
2025-10-29T15:00,30.0,30,0.0,15.4,1008.2,23.7,25.4,585.0,24.7,9.0,67.0,106
2025-10-29T16:00,29.1,32,0.0,14.1,1008.5,25.2,27.2,573.0,26.6,9.5,59.0,104
2025-10-29T17:00,28.1,34,0.0,12.5,1008.6,26.7,29.2,529.0,26.7,9.7,55.0,103
2025-10-29T18:00,27.6,36,0.0,12.3,1008.4,28.9,32.0,473.0,25.0,9.7,54.0,101
2025-10-29T19:00,27.5,36,0.0,12.5,1008.1,31.2,35.0,400.0,20.3,9.3,59.0,99
2025-10-29T20:00,27.5,35,0.0,13.4,1007.8,32.6,36.8,315.0,13.7,8.6,69.0,97
2025-10-29T21:00,27.2,36,0.0,14.2,1007.7,32.2,36.4,257.0,8.8,8.1,75.0,96
2025-10-29T22:00,26.8,38,0.0,13.5,1007.8,31.1,35.4,221.0,6.6,7.8,76.0,94
2025-10-29T23:00,26.1,40,0.0,12.4,1008.0,29.5,34.0,212.0,6.1,7.8,73.0,93
2025-10-30T00:00,25.8,43,0.0,13.2,1007.9,35.3,40.2,283.0,7.4,9.6,75.0,91
2025-10-30T01:00,25.4,45,0.0,12.8,1008.5,34.5,39.5,528.0,12.6,10.6,68.0,90
2025-10-30T02:00,25.0,47,0.0,12.3,1009.2,35.2,40.3,854.0,19.4,12.0,58.0,89
2025-10-30T03:00,25.9,46,0.0,9.9,1009.9,37.0,41.9,1026.0,22.6,12.9,59.0,88
2025-10-30T04:00,27.7,42,0.0,10.8,1010.2,34.9,42.3,895.0,18.5,13.0,79.0,87
2025-10-30T05:00,30.0,37,0.0,12.5,1010.2,31.8,39.9,611.0,10.8,12.7,108.0,86
2025-10-30T06:00,31.6,33,0.0,20.3,1010.3,27.4,31.8,394.0,4.9,12.1,131.0,85
2025-10-30T07:00,32.5,32,0.0,20.3,1009.5,25.0,28.2,334.0,3.1,11.3,140.0,85
2025-10-30T08:00,33.0,30,0.0,19.5,1008.3,24.2,27.3,341.0,3.1,10.2,143.0,84
2025-10-30T09:00,33.4,30,0.0,18.4,1007.3,23.9,27.1,362.0,3.7,9.5,143.0,84
2025-10-30T10:00,33.4,31,0.0,18.2,1006.8,24.3,27.8,387.0,4.0,9.2,142.0,84
2025-10-30T11:00,33.1,32,0.0,17.9,1006.5,24.6,28.3,427.0,5.0,9.3,138.0,85
2025-10-30T12:00,33.0,30,0.0,17.1,1006.6,28.4,32.1,457.0,8.3,9.8,128.0,85
2025-10-30T13:00,32.3,31,0.0,15.3,1007.3,32.1,35.2,466.0,16.2,11.0,111.0,95
2025-10-30T14:00,31.5,32,0.0,14.3,1008.0,34.9,38.2,465.0,26.9,12.8,88.0,95
2025-10-30T15:00,30.9,31,0.0,14.2,1008.8,38.0,41.4,465.0,34.7,14.1,70.0,88
2025-10-30T16:00,30.2,31,0.0,13.6,1009.6,40.6,44.1,478.0,37.4,14.7,60.0,89
2025-10-30T17:00,29.5,32,0.0,12.8,1009.7,40.0,43.7,492.0,37.0,14.9,56.0,90
2025-10-30T18:00,28.4,35,0.0,11.4,1009.8,37.4,41.1,484.0,33.9,14.9,57.0,92
2025-10-30T19:00,28.0,34,0.0,11.5,1009.7,34.9,38.6,429.0,26.5,14.7,67.0,92
2025-10-30T20:00,27.6,34,0.0,11.4,1009.4,34.0,38.1,350.0,16.3,14.3,83.0,93
2025-10-30T21:00,27.2,34,0.0,11.5,1009.3,34.9,39.1,298.0,8.7,14.1,95.0,93
2025-10-30T22:00,26.9,34,0.0,12.2,1008.9,36.3,40.7,249.0,5.3,14.1,99.0,93
2025-10-30T23:00,26.6,35,0.0,12.5,1008.9,37.7,42.5,226.0,4.5,14.3,99.0,94
2025-10-31T00:00,26.2,36,0.0,10.5,1009.1,39.0,44.5,343.0,8.6,14.4,83.0,94
2025-10-31T01:00,25.8,38,0.0,8.7,1009.5,40.7,46.6,772.0,16.7,15.5,73.0,95
2025-10-31T02:00,25.3,40,0.0,8.4,1010.5,44.5,50.8,1341.0,27.5,17.1,62.0,95
2025-10-31T03:00,26.0,39,0.0,7.8,1011.1,48.9,54.8,1645.0,33.0,18.5,61.0,96
2025-10-31T04:00,28.1,35,0.0,6.8,1011.4,49.7,58.4,1425.0,27.9,20.0,83.0,97
2025-10-31T05:00,30.9,30,0.0,9.0,1011.5,50.3,65.7,940.0,17.5,21.5,117.0,98
2025-10-31T06:00,32.8,26,0.0,10.5,1011.1,50.5,79.4,566.0,9.3,21.6,142.0,100
2025-10-31T07:00,33.6,24,0.0,8.9,1010.3,48.7,83.6,457.0,5.9,19.3,150.0,102
2025-10-31T08:00,33.8,22,0.0,4.6,1009.3,47.4,76.6,459.0,4.7,15.6,150.0,105
2025-10-31T09:00,33.8,22,0.0,2.6,1008.6,45.9,69.4,488.0,5.0,12.9,147.0,107
2025-10-31T10:00,32.9,34,0.0,8.1,1008.1,44.0,63.3,472.0,4.4,11.6,145.0,110
2025-10-31T11:00,32.5,39,0.0,7.3,1007.8,43.1,59.1,483.0,5.3,11.3,139.0,112
2025-10-31T12:00,32.5,35,0.0,3.4,1007.9,53.9,73.6,649.0,15.3,15.3,126.0,114
2025-10-31T13:00,31.0,48,0.0,3.5,1008.1,80.1,95.2,1150.0,38.3,20.6,95.0,116
2025-10-31T14:00,29.8,56,0.0,1.3,1008.6,93.1,107.1,1807.0,69.8,28.0,53.0,121
2025-10-31T15:00,29.8,51,0.0,5.1,1009.3,93.6,106.9,2213.0,91.0,33.1,22.0,127
2025-10-31T16:00,30.8,30,0.0,6.2,1009.9,95.7,107.8,2161.0,92.4,34.4,13.0,133
2025-10-31T17:00,29.8,26,0.0,4.8,1009.9,95.0,105.2,1858.0,83.5,33.5,15.0,139
2025-10-31T18:00,27.6,30,0.0,6.2,1010.0,95.5,105.0,1516.0,74.6,31.4,17.0,145
2025-10-31T19:00,26.3,34,0.0,8.6,1009.6,96.4,106.4,1153.0,68.5,27.9,15.0,150
2025-10-31T20:00,25.1,38,0.0,10.6,1009.6,95.7,105.2,752.0,62.5,23.2,13.0,151
2025-10-31T21:00,24.6,40,0.0,9.8,1009.6,91.3,98.3,474.0,58.2,19.4,12.0,153
2025-10-31T22:00,24.4,40,0.0,8.7,1009.3,82.0,88.5,366.0,56.9,17.2,13.0,154
2025-10-31T23:00,24.0,40,0.0,8.9,1009.2,74.5,81.3,381.0,57.4,15.8,16.0,155
2025-11-01T00:00,23.5,42,0.0,8.6,1009.1,70.1,77.1,539.0,56.3,15.4,18.0,156
2025-11-01T01:00,23.3,42,0.0,8.9,1009.5,68.9,75.7,950.0,57.7,16.4,13.0,157
2025-11-01T02:00,23.5,40,0.0,8.5,1010.4,73.8,80.3,1503.0,59.1,17.9,9.0,157
2025-11-01T03:00,24.6,37,0.0,5.7,1011.3,81.5,86.8,1886.0,55.9,20.8,17.0,158
2025-11-01T04:00,27.2,32,0.0,3.8,1011.7,82.0,88.2,1958.0,44.0,26.9,50.0,159
2025-11-01T05:00,30.2,26,0.0,2.5,1011.8,69.8,81.5,1861.0,27.5,34.3,97.0,159
2025-11-01T06:00,32.2,23,0.0,3.2,1011.6,62.6,80.8,1707.0,14.8,38.1,135.0,160
2025-11-01T07:00,32.8,23,0.0,7.1,1010.8,59.4,78.5,1496.0,8.9,35.1,156.0,160
2025-11-01T08:00,32.8,25,0.0,9.2,1009.8,55.8,72.6,1228.0,6.7,28.5,169.0,160
2025-11-01T09:00,33.0,25,0.0,9.6,1009.0,52.0,66.6,1023.0,7.2,23.5,175.0,160
2025-11-01T10:00,32.9,23,0.0,10.1,1008.3,49.5,62.6,913.0,8.4,22.1,176.0,160
2025-11-01T11:00,32.6,23,0.0,9.2,1008.1,47.7,59.8,864.0,12.3,22.1,169.0,161
2025-11-01T12:00,31.9,25,0.0,8.0,1008.5,53.4,65.0,896.0,20.3,23.9,153.0,161
2025-11-01T13:00,30.0,39,0.0,7.5,1008.9,71.5,79.2,1068.0,43.2,23.7,116.0,161
2025-11-01T14:00,28.2,51,0.0,7.1,1009.4,73.3,80.3,1321.0,74.6,23.6,66.0,160
2025-11-01T15:00,27.2,58,0.0,8.0,1010.0,73.1,80.1,1495.0,97.4,24.6,27.0,160
2025-11-01T16:00,26.5,63,0.0,6.9,1010.7,77.8,85.4,1534.0,103.9,28.2,13.0,160
2025-11-01T17:00,25.5,70,0.0,8.7,1010.7,86.1,94.3,1494.0,101.9,32.8,10.0,159
2025-11-01T18:00,25.0,71,0.0,7.8,1010.5,89.9,97.8,1382.0,97.2,34.8,10.0,159
2025-11-01T19:00,24.3,72,0.0,8.7,1010.3,88.0,95.0,1151.0,90.6,31.5,9.0,159
2025-11-01T20:00,23.7,72,0.0,10.6,1010.1,84.5,91.0,849.0,81.4,25.6,10.0,159
2025-11-01T21:00,23.6,74,0.0,11.5,1010.1,81.0,87.1,620.0,73.3,21.0,11.0,158
2025-11-01T22:00,23.5,73,0.0,9.7,1009.7,75.0,80.3,489.0,67.5,19.1,12.0,158
2025-11-01T23:00,23.4,71,0.0,8.7,1009.6,65.2,70.5,432.0,62.9,18.5,14.0,158
2025-11-02T00:00,23.1,69,0.0,7.2,1009.9,61.7,66.8,523.0,59.7,17.7,12.0,158
2025-11-02T01:00,22.7,65,0.0,6.7,1010.1,58.2,63.1,912.0,61.0,19.1,10.0,158
2025-11-02T02:00,22.5,60,0.0,6.7,1010.7,62.4,67.1,1449.0,62.1,21.3,9.0,157
2025-11-02T03:00,23.7,49,0.0,5.6,1011.3,67.8,72.2,1761.0,58.4,25.6,20.0,157
2025-11-02T04:00,26.9,39,0.0,4.5,1011.8,66.8,71.7,1634.0,45.4,34.7,54.0,157
2025-11-02T05:00,30.5,28,0.0,4.0,1011.8,53.9,62.2,1282.0,27.6,45.8,101.0,157
2025-11-02T06:00,32.7,22,0.0,4.1,1011.9,39.1,46.4,973.0,14.0,51.9,139.0,156
2025-11-02T07:00,33.6,19,0.0,6.2,1011.1,34.1,40.0,792.0,8.0,48.4,161.0,156
2025-11-02T08:00,33.8,21,0.0,8.9,1010.2,34.8,40.5,653.0,6.1,39.8,174.0,155
2025-11-02T09:00,33.8,22,0.0,10.6,1009.4,36.6,42.4,567.0,7.0,32.6,178.0,155
2025-11-02T10:00,33.5,22,0.0,11.1,1008.8,38.1,44.0,527.0,10.9,29.5,171.0,154
2025-11-02T11:00,32.7,23,0.0,11.0,1008.6,39.2,45.3,541.0,17.6,27.8,156.0,154
2025-11-02T12:00,31.5,29,0.0,10.3,1009.3,43.3,49.4,641.0,24.4,27.0,133.0,154
2025-11-02T13:00,29.6,42,0.0,8.2,1009.4,49.2,55.1,916.0,31.5,24.4,107.0,154
2025-11-02T14:00,27.9,52,0.0,8.0,1009.7,49.7,56.7,1278.0,41.3,20.8,70.0,153
2025-11-02T15:00,26.6,63,0.0,7.2,1010.2,48.2,56.5,1490.0,47.9,17.9,43.0,153
2025-11-02T16:00,25.9,71,0.0,7.4,1010.8,47.3,56.3,1429.0,48.9,16.4,33.0,152
2025-11-02T17:00,25.2,76,0.0,7.5,1010.9,46.9,56.7,1219.0,46.7,15.6,32.0,151
2025-11-02T18:00,24.4,80,0.0,7.4,1010.9,46.6,56.8,996.0,43.0,14.7,34.0,151
2025-11-02T19:00,24.1,79,0.0,7.0,1010.6,45.1,55.3,776.0,37.8,13.3,37.0,148
2025-11-02T20:00,23.5,81,0.0,9.8,1010.3,41.9,52.4,544.0,31.1,11.7,42.0,144
2025-11-02T21:00,23.4,87,0.0,10.2,1009.8,38.3,48.9,385.0,25.0,10.5,46.0,140
2025-11-02T22:00,23.4,92,0.0,9.6,1009.3,34.3,45.9,304.0,19.2,9.6,50.0,135
2025-11-02T23:00,23.0,95,0.0,7.1,1009.1,31.4,44.4,297.0,14.0,9.1,53.0,131
2025-11-03T00:00,22.5,88,0.0,5.2,1009.3,28.8,42.0,436.0,11.9,8.5,53.0,127
2025-11-03T01:00,22.0,87,0.0,5.0,1009.2,29.2,44.6,891.0,20.9,10.2,43.0,124
2025-11-03T02:00,21.5,88,0.0,6.0,1009.7,34.6,51.3,1492.0,33.0,12.5,29.0,121
2025-11-03T03:00,22.1,84,0.0,5.4,1010.6,40.0,56.5,1797.0,39.2,14.9,26.0,118
2025-11-03T04:00,24.5,78,0.0,4.2,1010.9,36.0,63.3,1517.0,34.0,17.5,43.0,115
2025-11-03T05:00,26.7,75,0.0,5.9,1010.9,34.5,67.1,941.0,22.9,20.2,71.0,112
2025-11-03T06:00,28.9,66,0.0,8.7,1011.0,33.1,68.2,495.0,13.8,21.5,93.0,110
2025-11-03T07:00,30.0,57,0.0,10.7,1009.7,31.3,67.8,354.0,9.4,20.6,104.0,109
2025-11-03T08:00,30.4,54,0.0,13.2,1009.0,30.5,67.3,342.0,7.0,18.3,110.0,109
2025-11-03T09:00,30.0,56,0.0,13.6,1008.0,30.6,68.0,356.0,6.2,16.5,110.0,109
2025-11-03T10:00,29.5,57,0.0,13.8,1007.3,30.6,68.2,359.0,6.9,15.8,104.0,108
2025-11-03T11:00,28.9,58,0.0,13.1,1007.1,30.4,66.6,387.0,9.2,15.6,93.0,107
2025-11-03T12:00,27.6,72,0.0,11.5,1007.2,28.1,58.8,447.0,13.5,15.3,77.0,106
2025-11-03T13:00,26.8,80,0.0,10.9,1007.3,29.6,54.0,562.0,21.5,14.7,65.0,105
2025-11-03T14:00,26.4,83,0.0,11.8,1007.7,31.7,54.6,709.0,32.4,13.9,48.0,103
2025-11-03T15:00,26.0,86,0.0,11.2,1008.2,32.1,54.1,828.0,39.8,13.1,37.0,101
2025-11-03T16:00,26.0,87,0.0,10.5,1009.0,31.7,52.9,915.0,40.9,12.5,35.0,99
2025-11-03T17:00,25.7,88,0.0,6.9,1009.5,31.1,51.9,973.0,38.4,11.9,38.0,98
2025-11-03T18:00,25.5,90,0.0,8.0,1009.2,31.2,51.7,952.0,34.5,11.1,42.0,96
2025-11-03T19:00,25.5,91,0.0,10.4,1008.8,30.6,52.2,788.0,28.6,9.8,48.0,95
2025-11-03T20:00,25.5,91,0.0,10.2,1008.2,28.2,49.1,545.0,21.3,8.3,56.0,94
2025-11-03T21:00,25.4,92,0.0,7.6,1007.8,26.7,46.2,363.0,16.0,7.3,60.0,93
2025-11-03T22:00,24.5,94,0.0,7.2,1007.6,26.8,45.9,292.0,14.0,7.1,57.0,92
2025-11-03T23:00,23.5,94,0.0,8.4,1007.5,28.6,46.9,282.0,13.9,7.5,49.0,91
2025-11-04T00:00,22.1,95,0.0,9.4,1007.7,25.3,39.7,326.0,13.5,8.2,46.0,91
2025-11-04T01:00,21.6,85,0.0,12.3,1008.1,26.4,41.1,471.0,19.9,9.7,37.0,90
2025-11-04T02:00,22.4,68,0.0,13.8,1009.1,30.6,44.4,670.0,28.6,11.9,26.0,90
2025-11-04T03:00,23.6,54,0.0,11.1,1009.9,34.8,46.6,769.0,33.3,13.8,25.0,90
2025-11-04T04:00,26.5,37,0.0,11.6,1010.4,33.1,46.9,670.0,30.7,15.3,45.0,89
2025-11-04T05:00,30.5,21,0.0,13.5,1010.7,29.6,49.4,471.0,24.1,16.6,75.0,89
2025-11-04T06:00,33.0,16,0.0,15.4,1010.6,25.3,49.4,318.0,17.8,17.0,100.0,89
2025-11-04T07:00,33.8,12,0.0,16.4,1009.8,23.3,50.8,265.0,12.4,16.0,114.0,88
2025-11-04T08:00,34.6,13,0.0,15.7,1008.5,23.9,48.3,257.0,7.2,14.3,123.0,87
2025-11-04T09:00,34.8,13,0.0,16.1,1007.9,23.7,45.1,273.0,4.9,13.0,126.0,87
2025-11-04T10:00,34.9,11,0.0,16.3,1007.4,23.2,42.7,317.0,7.0,12.9,123.0,86
2025-11-04T11:00,34.4,10,0.0,16.5,1007.4,22.9,41.4,385.0,12.0,13.3,114.0,85
2025-11-04T12:00,32.7,17,0.0,12.2,1007.7,21.0,29.6,449.0,19.9,13.5,99.0,85
2025-11-04T13:00,30.2,29,0.0,12.7,1007.9,29.5,38.2,510.0,27.3,13.7,83.0,84
2025-11-04T14:00,29.1,31,0.0,11.9,1008.0,32.7,43.2,567.0,37.2,14.0,62.0,84
2025-11-04T15:00,28.2,33,0.0,12.6,1008.7,33.6,47.1,582.0,42.9,14.3,47.0,84
2025-11-04T16:00,27.0,40,0.0,13.1,1009.2,33.2,48.2,526.0,40.2,14.8,46.0,84
2025-11-04T17:00,26.9,29,0.0,14.5,1009.6,30.9,44.0,428.0,33.2,15.3,51.0,84
2025-11-04T18:00,26.5,18,0.0,15.2,1009.6,29.0,44.6,345.0,27.3,15.3,54.0,84
2025-11-04T19:00,25.8,16,0.0,15.6,1009.5,29.9,50.3,296.0,24.6,14.3,51.0,84
2025-11-04T20:00,24.8,16,0.0,16.0,1009.2,30.2,49.2,261.0,23.1,12.8,46.0,84
2025-11-04T21:00,23.8,17,0.0,14.3,1009.0,28.3,41.2,237.0,21.8,11.5,42.0,84
2025-11-04T22:00,22.5,19,0.0,12.9,1008.8,25.2,31.4,193.0,19.9,10.6,41.0,84
2025-11-04T23:00,21.7,22,0.0,13.1,1009.0,21.9,24.6,160.0,18.3,9.9,42.0,84
2025-11-05T00:00,21.8,25,0.0,12.6,1009.5,21.1,28.0,221.0,18.5,9.9,39.0,84
2025-11-05T01:00,22.1,24,0.0,13.5,1009.8,19.6,24.0,470.0,25.1,11.0,37.0,83
2025-11-05T02:00,22.0,24,0.0,12.5,1010.5,22.7,26.2,813.0,33.7,12.4,36.0,83
2025-11-05T03:00,23.2,23,0.0,9.9,1011.3,26.9,30.0,1058.0,37.5,13.4,43.0,82
2025-11-05T04:00,25.9,19,0.0,5.5,1012.1,28.6,32.2,1129.0,31.8,13.6,66.0,81
2025-11-05T05:00,29.0,16,0.0,4.8,1012.4,26.0,33.9,1101.0,21.1,13.2,97.0,81
2025-11-05T06:00,31.5,13,0.0,3.8,1012.4,19.7,34.9,1006.0,12.4,12.6,121.0,81
2025-11-05T07:00,33.3,11,0.0,4.0,1011.7,20.8,43.0,788.0,7.9,11.2,130.0,80
2025-11-05T08:00,34.2,7,0.0,1.7,1010.7,20.5,42.6,502.0,5.2,9.6,131.0,80
2025-11-05T09:00,34.2,8,0.0,3.5,1010.0,20.4,42.1,346.0,4.8,8.9,130.0,80
2025-11-05T10:00,32.8,24,0.0,8.6,1009.4,20.6,42.3,412.0,5.6,10.1,129.0,79
2025-11-05T11:00,32.0,28,0.0,10.2,1009.1,21.0,42.0,609.0,8.5,12.2,124.0,79
2025-11-05T12:00,31.0,29,0.0,9.8,1009.4,22.3,41.2,856.0,13.6,11.1,109.0,79
2025-11-05T13:00,29.5,28,0.0,10.8,1009.8,44.2,57.5,1126.0,38.8,13.0,81.0,79
2025-11-05T14:00,28.3,27,0.0,9.6,1010.4,54.2,64.3,1448.0,73.5,15.7,43.0,80
2025-11-05T15:00,27.2,37,0.0,7.8,1011.2,54.4,65.2,1826.0,99.1,18.4,15.0,82
2025-11-05T16:00,26.1,44,0.0,5.6,1011.7,56.3,68.7,2412.0,107.2,21.4,6.0,84
2025-11-05T17:00,25.4,45,0.0,5.2,1011.9,61.9,76.6,3054.0,106.2,24.3,6.0,86
2025-11-05T18:00,23.9,43,0.0,4.5,1012.3,67.3,83.4,3308.0,102.4,25.7,7.0,89
2025-11-05T19:00,23.2,37,0.0,6.3,1012.0,69.2,84.3,2855.0,97.3,24.5,6.0,92
2025-11-05T20:00,22.2,32,0.0,6.8,1011.8,65.7,78.2,2014.0,89.6,21.7,5.0,96
2025-11-05T21:00,21.5,30,0.0,8.6,1011.6,60.1,69.8,1292.0,81.1,18.8,5.0,99
2025-11-05T22:00,21.4,32,0.0,7.9,1011.4,55.3,63.1,818.0,71.8,15.7,4.0,102
2025-11-05T23:00,21.1,37,0.0,6.3,1011.2,50.8,57.3,463.0,61.9,12.6,4.0,105
2025-11-06T00:00,20.5,40,0.0,5.3,1011.5,53.7,63.6,351.0,68.3,17.0,5.0,108
2025-11-06T01:00,20.5,38,0.0,5.9,1011.9,49.9,57.7,665.0,64.7,17.6,2.0,111
2025-11-06T02:00,20.2,35,0.0,5.3,1012.6,56.5,63.8,1222.0,59.5,18.8,0.0,115
2025-11-06T03:00,21.1,30,0.0,4.0,1013.3,69.2,74.5,1600.0,53.6,22.6,10.0,118
2025-11-06T04:00,24.2,24,0.0,4.1,1013.9,62.2,72.2,1604.0,47.1,32.1,48.0,123
2025-11-06T05:00,27.5,21,0.0,1.8,1014.2,50.6,71.0,1429.0,39.9,44.1,100.0,126
2025-11-06T06:00,29.5,21,0.0,1.4,1014.3,46.4,70.1,1236.0,32.4,50.9,141.0,129
2025-11-06T07:00,31.0,16,0.0,4.5,1013.6,40.7,65.0,1059.0,23.4,47.6,163.0,131
2025-11-06T08:00,31.5,16,0.0,6.8,1012.7,36.3,57.5,864.0,14.2,39.1,174.0,133
2025-11-06T09:00,31.5,18,0.0,9.9,1012.0,35.9,55.1,709.0,8.9,32.0,178.0,135
2025-11-06T10:00,30.9,23,0.0,12.1,1011.4,36.1,54.5,603.0,9.5,29.0,176.0,137
2025-11-06T11:00,29.9,26,0.0,12.1,1011.2,36.1,54.1,537.0,13.9,27.3,166.0,138
2025-11-06T12:00,28.2,36,0.0,10.3,1011.5,44.6,61.5,547.0,20.0,32.4,167.0,140
2025-11-06T13:00,26.5,55,0.0,8.7,1011.9,52.4,67.3,681.0,28.4,28.8,139.0,142
2025-11-06T14:00,25.4,63,0.0,7.9,1012.5,54.0,70.1,891.0,40.1,24.0,99.0,144
2025-11-06T15:00,24.6,67,0.0,7.8,1013.1,53.9,72.4,1070.0,50.7,20.6,66.0,143
2025-11-06T16:00,24.0,72,0.0,8.1,1013.5,53.9,74.3,1206.0,59.2,20.5,45.0,143
2025-11-06T17:00,23.2,76,0.0,7.7,1013.7,56.6,78.5,1311.0,66.5,21.8,31.0,143
2025-11-06T18:00,22.1,81,0.0,5.4,1013.9,61.5,85.7,1308.0,70.4,22.5,21.0,142
2025-11-06T19:00,21.5,83,0.0,6.3,1013.6,63.3,86.6,1117.0,69.7,21.4,16.0,142
2025-11-06T20:00,21.0,84,0.0,6.6,1013.1,60.5,81.7,819.0,65.6,19.6,15.0,141
2025-11-06T21:00,20.7,84,0.0,7.1,1013.2,55.3,77.1,575.0,59.3,17.9,17.0,140
2025-11-06T22:00,20.4,85,0.0,7.1,1013.2,50.5,73.3,408.0,48.6,16.2,23.0,140
2025-11-06T23:00,19.9,85,0.0,7.7,1012.9,46.3,70.3,295.0,35.7,14.6,32.0,139
2025-11-07T00:00,19.4,85,0.0,7.6,1013.4,41.2,63.8,336.0,23.1,12.2,45.0,139
2025-11-07T01:00,19.4,82,0.0,8.2,1013.7,40.5,62.4,685.0,31.9,13.3,35.0,138
2025-11-07T02:00,19.1,80,0.0,8.4,1014.3,45.2,65.9,1188.0,43.5,14.9,22.0,137
2025-11-07T03:00,20.2,72,0.0,7.2,1014.8,51.8,70.5,1477.0,48.8,17.4,23.0,136
2025-11-07T04:00,23.0,57,0.0,4.8,1015.5,51.5,75.2,1344.0,41.9,21.8,52.0,134
2025-11-07T05:00,26.2,39,0.0,4.2,1015.8,49.2,81.0,998.0,28.7,27.0,95.0,133
2025-11-07T06:00,29.6,22,0.0,5.3,1015.8,41.1,65.2,696.0,17.6,30.1,130.0,132
2025-11-07T07:00,31.2,13,0.0,6.8,1015.2,31.2,46.1,520.0,11.4,29.0,148.0,132
2025-11-07T08:00,31.6,13,0.0,8.4,1014.5,31.2,45.3,390.0,7.3,25.7,158.0,131
2025-11-07T09:00,31.5,14,0.0,10.7,1013.5,32.7,46.9,320.0,6.0,23.1,161.0,130
2025-11-07T10:00,31.1,14,0.0,12.0,1013.3,34.0,48.1,314.0,7.9,22.5,156.0,130
2025-11-07T11:00,30.5,15,0.0,12.1,1013.3,34.8,48.7,369.0,12.6,22.5,145.0,130
2025-11-07T12:00,29.5,16,0.0,11.1,1013.5,34.2,45.1,491.0,18.8,22.5,127.0,130
2025-11-07T13:00,27.4,26,0.0,8.5,1013.9,40.5,51.5,741.0,27.6,20.6,104.0,129
2025-11-07T14:00,25.6,37,0.0,7.3,1014.6,41.9,53.8,1058.0,39.6,18.0,72.0,127
2025-11-07T15:00,24.5,48,0.0,7.3,1015.1,42.3,54.1,1272.0,47.2,15.9,49.0,126
2025-11-07T16:00,23.6,56,0.0,7.3,1015.4,42.5,54.1,1317.0,46.7,14.8,45.0,125
2025-11-07T17:00,23.3,63,0.0,7.0,1015.3,42.8,54.4,1260.0,41.8,14.3,51.0,124
2025-11-07T18:00,22.7,64,0.0,4.8,1015.3,43.5,55.1,1125.0,36.4,13.6,57.0,122
2025-11-07T19:00,22.4,66,0.0,7.0,1015.1,43.5,55.1,865.0,31.4,12.5,60.0,120
2025-11-07T20:00,21.5,70,0.0,8.5,1014.8,42.4,54.1,527.0,25.8,11.3,63.0,118
2025-11-07T21:00,20.9,74,0.0,8.3,1014.8,41.0,52.6,284.0,21.1,10.4,66.0,116
2025-11-07T22:00,20.8,79,0.0,7.8,1014.6,39.2,49.8,141.0,16.1,9.7,69.0,115
2025-11-07T23:00,20.6,83,0.0,6.7,1014.4,37.7,47.7,91.0,11.9,9.3,71.0,114
2025-11-08T00:00,19.7,86,0.0,5.0,1014.6,39.0,49.8,292.0,16.3,10.4,61.0,113
2025-11-08T01:00,19.0,89,0.0,4.8,1014.9,41.0,52.5,1043.0,29.1,13.0,48.0,113
2025-11-08T02:00,18.4,92,0.0,4.1,1015.5,50.4,63.1,2044.0,46.1,16.8,32.0,113
2025-11-08T03:00,19.7,87,0.0,4.8,1016.1,56.3,67.3,2548.0,54.4,20.1,30.0,113
2025-11-08T04:00,23.2,73,0.0,3.6,1016.6,51.9,62.9,2060.0,45.5,22.9,55.0,114
2025-11-08T05:00,26.0,61,0.0,7.0,1016.9,44.8,58.6,1074.0,27.9,25.4,93.0,114
2025-11-08T06:00,27.9,44,0.0,10.4,1016.7,39.2,51.7,329.0,13.9,26.5,123.0,113
2025-11-08T07:00,28.5,43,0.0,11.8,1016.1,35.0,46.4,141.0,8.1,25.5,137.0,113
2025-11-08T08:00,28.5,45,0.0,12.8,1015.5,34.1,45.4,194.0,5.9,23.2,143.0,114
2025-11-08T09:00,28.6,41,0.0,12.8,1014.8,33.6,45.3,269.0,5.5,21.2,143.0,114
2025-11-08T10:00,28.3,40,0.0,12.3,1014.2,32.7,45.5,277.0,5.6,20.2,135.0,114
2025-11-08T11:00,27.6,45,0.0,11.2,1013.8,31.9,46.7,307.0,7.5,19.6,121.0,114
2025-11-08T12:00,26.7,52,0.0,9.7,1013.9,36.6,52.3,414.0,13.0,20.6,109.0,113
2025-11-08T13:00,25.5,64,0.0,8.2,1014.0,41.6,54.7,618.0,26.8,19.6,85.0,114
2025-11-08T14:00,25.0,68,0.0,7.4,1014.5,45.5,59.5,898.0,46.0,18.2,52.0,114
2025-11-08T15:00,24.5,70,0.0,5.8,1014.9,47.5,63.1,1246.0,61.0,17.5,26.0,114
2025-11-08T16:00,24.1,72,0.0,3.8,1015.3,48.4,65.4,1767.0,68.2,18.1,15.0,115
2025-11-08T17:00,23.2,76,0.0,3.3,1015.4,50.8,70.3,2355.0,71.4,19.3,11.0,115
2025-11-08T18:00,22.4,82,0.0,3.1,1015.3,54.6,78.2,2682.0,71.7,19.8,10.0,116
2025-11-08T19:00,21.7,84,0.0,5.5,1014.9,56.0,83.8,2549.0,69.2,18.9,10.0,117
2025-11-08T20:00,21.0,86,0.0,5.9,1014.6,53.8,83.8,2155.0,64.0,17.3,13.0,119
2025-11-08T21:00,20.6,88,0.0,4.4,1014.3,49.1,78.2,1773.0,57.6,15.9,17.0,120
2025-11-08T22:00,20.8,87,0.0,2.4,1013.8,44.6,72.6,1419.0,48.6,14.7,22.0,121
2025-11-08T23:00,20.6,87,0.0,1.7,1013.6,42.3,71.9,1077.0,38.4,13.7,27.0,121
2025-11-09T00:00,19.5,90,0.0,1.7,1013.7,48.5,84.1,969.0,37.7,14.7,24.0,122
2025-11-09T01:00,19.6,88,0.0,3.7,1014.0,53.4,89.6,1341.0,41.6,16.8,16.0,123
2025-11-09T02:00,19.3,88,0.0,5.7,1014.7,66.4,103.1,1947.0,46.4,19.8,7.0,124
2025-11-09T03:00,20.0,86,0.0,5.6,1015.3,82.9,112.9,2276.0,46.9,23.3,9.0,126
2025-11-09T04:00,22.5,76,0.0,5.0,1015.6,55.3,91.5,2050.0,38.9,27.9,34.0,128
2025-11-09T05:00,24.8,69,0.0,1.5,1015.8,41.6,82.2,1547.0,26.6,32.9,70.0,129
2025-11-09T06:00,26.3,61,0.0,4.6,1015.3,37.7,75.0,1089.0,16.5,35.7,100.0,128
2025-11-09T07:00,27.4,54,0.0,7.5,1014.6,35.6,68.5,766.0,11.1,34.6,118.0,128
2025-11-09T08:00,27.8,51,0.0,9.6,1013.7,33.4,62.2,489.0,8.1,31.4,129.0,128
2025-11-09T09:00,27.8,48,0.0,10.2,1012.8,31.8,58.4,312.0,6.8,28.4,133.0,128
2025-11-09T10:00,27.7,45,0.0,10.3,1012.2,30.3,55.5,228.0,6.3,26.5,127.0,128
2025-11-09T11:00,27.3,45,0.0,10.2,1011.9,28.4,52.5,244.0,7.6,24.9,114.0,128
2025-11-09T12:00,26.5,49,0.0,8.8,1012.0,28.2,50.4,435.0,13.1,25.7,107.0,128
2025-11-09T13:00,25.6,53,0.0,6.9,1012.3,30.9,48.9,928.0,27.5,23.8,80.0,127
2025-11-09T14:00,25.0,57,0.0,5.6,1012.5,34.3,49.8,1596.0,47.4,21.1,43.0,126
2025-11-09T15:00,24.6,60,0.0,4.7,1012.8,35.7,50.4,2131.0,62.5,19.5,15.0,124
2025-11-09T16:00,24.2,63,0.0,4.3,1013.1,37.4,51.6,2452.0,68.1,20.0,6.0,123
2025-11-09T17:00,23.9,66,0.0,4.6,1013.2,41.2,57.0,2639.0,68.8,21.5,5.0,122
2025-11-09T18:00,22.5,72,0.0,2.6,1013.4,46.2,64.0,2629.0,68.8,22.5,6.0,121
2025-11-09T19:00,22.4,72,0.0,4.6,1013.2,48.7,67.8,2304.0,69.8,22.3,5.0,120
2025-11-09T20:00,21.4,75,0.0,5.5,1012.8,48.1,68.2,1782.0,70.0,21.7,4.0,119
2025-11-09T21:00,20.7,75,0.0,5.4,1012.9,44.6,64.3,1345.0,67.7,20.6,5.0,119
2025-11-09T22:00,20.2,76,0.0,3.8,1012.5,38.9,56.2,1004.0,60.3,18.7,9.0,118
2025-11-09T23:00,19.8,79,0.0,1.4,1012.3,32.8,47.3,749.0,50.4,16.4,15.0,118
2025-11-10T00:00,19.0,83,0.0,2.4,1012.2,30.4,46.3,831.0,37.6,13.8,26.0,117
2025-11-10T01:00,19.0,83,0.0,2.9,1012.3,33.9,51.1,1649.0,41.7,15.9,19.0,115
2025-11-10T02:00,18.7,84,0.0,1.8,1013.1,44.7,62.4,2806.0,47.0,18.9,11.0,113
2025-11-10T03:00,20.2,76,0.0,1.8,1013.8,57.3,70.8,3355.0,47.3,22.2,14.0,111
2025-11-10T04:00,22.9,67,0.0,1.4,1014.2,37.0,51.5,2678.0,38.1,26.2,40.0,108
2025-11-10T05:00,25.0,62,0.0,4.4,1014.4,27.1,43.9,1394.0,24.0,30.4,77.0,106
2025-11-10T06:00,26.8,52,0.0,7.1,1014.2,26.4,41.9,420.0,12.9,32.8,108.0,104
2025-11-10T07:00,27.4,51,0.0,9.2,1013.4,25.6,38.9,157.0,8.0,31.9,127.0,103
2025-11-10T08:00,27.5,54,0.0,11.3,1012.5,24.9,36.4,204.0,6.2,29.2,140.0,102
2025-11-10T09:00,27.3,56,0.0,12.0,1011.7,24.7,35.9,278.0,5.9,26.7,144.0,101
2025-11-10T10:00,27.0,56,0.0,11.2,1011.3,23.8,34.5,264.0,5.5,25.1,139.0,101
2025-11-10T11:00,26.6,57,0.0,10.3,1011.1,22.5,32.8,277.0,6.6,23.7,126.0,100
2025-11-10T12:00,25.9,57,0.0,9.7,1011.5,21.9,30.9,381.0,12.5,23.0,108.0,99
2025-11-10T13:00,25.4,58,0.0,7.9,1011.8,26.0,33.1,628.0,28.9,21.8,81.0,99
2025-11-10T14:00,25.0,59,0.0,5.7,1012.2,31.0,37.3,965.0,51.6,20.2,45.0,98
2025-11-10T15:00,24.7,61,0.0,5.2,1012.6,34.7,41.0,1300.0,68.8,19.7,17.0,98
2025-11-10T16:00,24.3,63,0.0,5.1,1013.3,39.6,46.7,1651.0,75.1,21.5,7.0,98
2025-11-10T17:00,24.0,65,0.0,3.1,1013.3,45.4,53.8,2000.0,75.9,24.5,7.0,98
2025-11-10T18:00,22.7,72,0.0,1.2,1013.4,50.3,59.6,2202.0,75.9,26.7,7.0,99
2025-11-10T19:00,22.5,72,0.0,3.3,1013.5,52.2,62.2,2172.0,76.8,27.3,6.0,99
2025-11-10T20:00,21.5,76,0.0,3.5,1013.2,51.9,62.6,1995.0,76.9,27.1,6.0,99
2025-11-10T21:00,20.9,77,0.0,3.7,1012.9,50.9,61.9,1774.0,75.8,26.5,6.0,100
2025-11-10T22:00,20.5,78,0.0,2.8,1012.8,51.1,61.5,1446.0,73.1,25.3,6.0,100
2025-11-10T23:00,20.1,79,0.0,2.8,1012.7,50.6,60.8,1075.0,69.1,23.8,5.0,101
2025-11-11T00:00,19.4,85,0.0,3.2,1013.1,50.5,60.8,958.0,65.6,22.7,5.0,103
2025-11-11T01:00,19.4,85,0.0,3.5,1013.7,56.3,64.5,1394.0,62.2,21.5,2.0,105
2025-11-11T02:00,19.3,85,0.0,4.0,1014.4,68.0,74.5,2085.0,57.0,20.3,0.0,108
2025-11-11T03:00,20.1,81,0.0,3.3,1015.0,82.7,86.6,2434.0,49.9,22.7,7.0,110
2025-11-11T04:00,22.6,69,0.0,2.5,1015.5,48.9,57.9,2077.0,39.5,32.9,37.0,113
2025-11-11T05:00,24.4,64,0.0,2.4,1015.9,29.3,41.8,1378.0,27.1,46.8,78.0,114
2025-11-11T06:00,26.0,55,0.0,4.3,1015.8,25.6,34.0,829.0,17.4,55.2,112.0,114
2025-11-11T07:00,26.9,53,0.0,5.7,1015.0,26.4,33.4,638.0,12.0,53.1,134.0,114
2025-11-11T08:00,27.3,54,0.0,7.8,1014.2,27.1,33.4,596.0,9.1,45.6,150.0,114
2025-11-11T09:00,27.4,55,0.0,9.7,1013.2,27.5,33.4,571.0,8.0,38.9,157.0,115
2025-11-11T10:00,26.9,57,0.0,10.9,1012.8,27.3,33.1,496.0,7.4,35.5,156.0,115
2025-11-11T11:00,26.4,58,0.0,10.2,1012.7,26.5,32.0,438.0,8.6,33.0,146.0,115
2025-11-11T12:00,25.6,59,0.0,9.3,1013.0,22.8,27.8,458.0,13.5,28.9,128.0,116
2025-11-11T13:00,24.9,64,0.0,9.0,1013.4,26.8,31.0,609.0,30.6,26.5,97.0,116
2025-11-11T14:00,24.5,66,0.0,7.3,1014.0,31.1,34.8,839.0,54.2,23.2,54.0,116
2025-11-11T15:00,24.1,69,0.0,5.9,1014.5,32.8,36.6,1054.0,72.0,21.3,21.0,116
2025-11-11T16:00,23.8,71,0.0,6.1,1015.0,36.1,40.7,1269.0,78.2,22.2,10.0,116
2025-11-11T17:00,23.5,72,0.0,5.0,1015.1,40.9,46.4,1469.0,78.6,24.5,10.0,115
2025-11-11T18:00,22.5,79,0.0,2.3,1015.4,46.1,52.3,1520.0,77.7,26.0,10.0,115
2025-11-11T19:00,22.6,78,0.0,3.5,1015.1,48.7,55.4,1303.0,77.5,25.7,8.0,114
2025-11-11T20:00,21.6,82,0.0,7.0,1015.1,46.6,53.6,937.0,76.0,24.6,6.0,114
2025-11-11T21:00,20.9,83,0.0,7.0,1014.9,42.0,48.8,645.0,71.7,23.1,7.0,113
2025-11-11T22:00,20.5,85,0.0,6.5,1014.7,35.4,41.1,476.0,61.5,20.7,13.0,112
2025-11-11T23:00,20.3,85,0.0,6.5,1014.7,29.6,35.0,381.0,48.5,17.8,21.0,111
2025-11-12T00:00,20.0,85,0.0,5.8,1015.0,31.8,39.0,437.0,43.3,15.8,22.0,109
2025-11-12T01:00,19.6,86,0.0,5.9,1015.5,33.5,39.8,796.0,46.4,16.6,16.0,107
2025-11-12T02:00,19.2,87,0.0,5.6,1016.0,42.5,49.1,1305.0,50.3,17.8,10.0,104
2025-11-12T03:00,19.9,84,0.0,4.4,1016.6,49.2,55.1,1582.0,49.5,20.4,16.0,102
2025-11-12T04:00,22.3,73,0.0,3.1,1017.1,33.1,42.0,1394.0,39.7,25.8,45.0,98
2025-11-12T05:00,24.8,62,0.0,3.4,1017.4,22.7,32.9,973.0,25.4,32.4,87.0,97
2025-11-12T06:00,26.7,49,0.0,2.2,1017.2,21.9,29.3,631.0,14.1,36.8,122.0,96
2025-11-12T07:00,28.1,41,0.0,4.1,1016.4,23.3,29.5,490.0,9.0,36.9,143.0,96
2025-11-12T08:00,28.5,43,0.0,8.0,1015.7,24.2,30.4,428.0,7.0,34.7,157.0,96
2025-11-12T09:00,28.0,52,0.0,11.6,1014.9,25.1,31.9,397.0,6.7,32.6,163.0,96
2025-11-12T10:00,27.4,56,0.0,12.4,1014.6,25.5,32.6,369.0,7.4,31.7,160.0,95
2025-11-12T11:00,27.0,54,0.0,10.7,1014.4,25.0,32.2,373.0,9.9,30.8,148.0,95
2025-11-12T12:00,26.6,54,0.0,9.9,1014.1,24.2,30.2,441.0,15.0,32.7,137.0,95
2025-11-12T13:00,25.7,59,0.0,8.4,1014.6,26.7,32.1,624.0,25.2,29.1,109.0,104
2025-11-12T14:00,24.9,67,0.0,7.1,1015.2,26.5,32.2,871.0,39.3,24.1,69.0,109
2025-11-12T15:00,24.3,74,0.0,6.7,1015.8,26.3,32.1,1070.0,50.4,20.3,39.0,98
2025-11-12T16:00,23.9,78,0.0,5.8,1016.3,26.8,32.9,1200.0,56.0,18.8,27.0,94
2025-11-12T17:00,23.5,80,0.0,6.0,1016.4,28.0,34.5,1281.0,58.5,18.5,23.0,93
2025-11-12T18:00,22.9,83,0.0,4.8,1016.5,30.7,37.8,1258.0,58.1,18.0,23.0,92
2025-11-12T19:00,22.2,84,0.0,8.0,1016.7,33.2,41.3,1056.0,54.1,16.7,24.0,91
2025-11-12T20:00,21.5,86,0.0,7.4,1016.2,31.8,40.0,751.0,47.2,15.1,28.0,90
2025-11-12T21:00,21.1,87,0.0,6.6,1016.1,27.6,36.0,509.0,40.0,14.0,33.0,88
2025-11-12T22:00,20.9,88,0.0,6.1,1015.6,24.0,33.4,358.0,31.8,13.3,39.0,87
2025-11-12T23:00,20.4,90,0.0,6.5,1015.6,21.7,32.2,272.0,23.3,13.1,45.0,86
2025-11-13T00:00,19.9,92,0.0,6.6,1016.1,23.9,35.9,336.0,24.3,13.5,39.0,85
2025-11-13T01:00,19.7,90,0.0,6.3,1016.6,26.1,39.1,707.0,31.9,14.7,30.0,85
2025-11-13T02:00,19.2,89,0.0,6.3,1017.4,33.9,46.7,1230.0,41.9,16.6,18.0,84
2025-11-13T03:00,19.9,81,0.0,4.8,1018.1,38.4,50.2,1524.0,46.1,20.5,21.0,83
2025-11-13T04:00,22.4,68,0.0,3.6,1018.6,32.4,46.3,1356.0,38.8,28.5,49.0,82
2025-11-13T05:00,25.1,57,0.0,4.0,1018.8,22.9,42.7,960.0,25.6,38.4,92.0,82
2025-11-13T06:00,27.1,48,0.0,1.8,1018.6,22.2,37.4,656.0,15.0,44.7,127.0,82
2025-11-13T07:00,28.6,37,0.0,4.1,1017.7,24.0,36.4,586.0,10.1,44.3,148.0,82
2025-11-13T08:00,29.1,36,0.0,7.4,1016.9,24.3,37.1,609.0,7.7,40.3,163.0,82
2025-11-13T09:00,29.0,38,0.0,9.7,1015.9,24.8,37.8,620.0,7.1,36.7,170.0,82
2025-11-13T10:00,28.6,38,0.0,11.2,1015.4,25.1,38.1,557.0,7.8,35.3,170.0,82
2025-11-13T11:00,27.9,39,0.0,10.9,1015.2,25.6,38.0,483.0,10.3,34.4,163.0,82
2025-11-13T12:00,27.3,44,0.0,9.1,1015.1,24.2,32.6,483.0,14.8,35.0,152.0,97
2025-11-13T13:00,26.0,56,0.0,8.1,1015.1,30.9,37.6,629.0,23.4,31.1,124.0,119
2025-11-13T14:00,25.1,67,0.0,7.7,1015.7,30.3,37.0,849.0,35.2,25.6,85.0,125
2025-11-13T15:00,24.5,71,0.0,7.7,1016.2,27.9,34.8,1011.0,43.8,21.3,55.0,116
2025-11-13T16:00,23.8,75,0.0,7.2,1016.5,26.7,33.8,1070.0,45.9,19.5,44.0,97
2025-11-13T17:00,23.1,78,0.0,7.6,1016.4,27.6,34.8,1071.0,44.8,18.8,41.0,83
2025-11-13T18:00,22.4,78,0.0,7.2,1016.6,29.8,37.0,1011.0,43.8,18.2,39.0,83
2025-11-13T19:00,22.0,79,0.0,7.3,1016.3,31.7,38.4,856.0,44.2,17.3,33.0,83
2025-11-13T20:00,21.5,80,0.0,7.2,1015.8,32.1,38.5,641.0,44.7,16.5,27.0,83
2025-11-13T21:00,21.0,83,0.0,7.3,1015.8,31.8,38.1,471.0,44.3,15.8,23.0,83
2025-11-13T22:00,20.5,85,0.0,7.4,1015.5,30.7,37.1,334.0,41.8,14.9,21.0,83
2025-11-13T23:00,20.1,86,0.0,7.5,1015.3,29.3,35.6,241.0,38.3,14.0,20.0,84
2025-11-14T00:00,19.7,86,0.0,6.2,1015.7,30.6,37.4,332.0,41.6,14.3,15.0,84
2025-11-14T01:00,19.4,86,0.0,6.3,1016.1,31.4,37.4,808.0,44.4,15.6,10.0,85
2025-11-14T02:00,18.9,85,0.0,6.2,1016.8,39.2,44.7,1468.0,47.8,17.9,4.0,86
2025-11-14T03:00,19.7,75,0.0,5.9,1017.2,50.5,55.3,1841.0,47.2,22.0,11.0,86
2025-11-14T04:00,22.5,59,0.0,4.7,1017.6,39.2,47.0,1652.0,39.0,30.8,42.0,87
2025-11-14T05:00,25.5,44,0.0,3.4,1017.8,25.3,37.4,1178.0,26.7,41.5,86.0,88
2025-11-14T06:00,28.2,33,0.0,3.8,1017.5,20.8,31.9,775.0,16.7,47.2,122.0,88
2025-11-14T07:00,29.5,24,0.0,4.5,1016.6,18.3,27.5,569.0,11.1,43.3,141.0,88
2025-11-14T08:00,29.8,28,0.0,7.9,1015.6,17.7,25.6,434.0,7.7,34.5,151.0,87
2025-11-14T09:00,29.5,35,0.0,10.9,1014.6,18.1,25.6,357.0,6.5,27.6,156.0,87
2025-11-14T10:00,29.1,35,0.0,12.6,1014.2,18.5,26.0,341.0,7.0,25.9,157.0,86
2025-11-14T11:00,28.3,35,0.0,13.6,1014.1,18.7,26.4,382.0,9.6,26.3,151.0,85
2025-11-14T12:00,26.9,39,0.0,12.1,1014.3,17.0,22.6,455.0,14.5,26.7,140.0,85
2025-11-14T13:00,25.6,48,0.0,9.3,1014.7,27.0,31.9,549.0,24.6,24.6,114.0,101
2025-11-14T14:00,24.5,59,0.0,9.1,1015.2,27.0,32.6,676.0,38.7,21.7,78.0,107
2025-11-14T15:00,23.8,64,0.0,7.8,1015.7,25.1,31.7,844.0,49.3,19.5,50.0,98
2025-11-14T16:00,23.3,65,0.0,7.5,1015.9,25.0,32.2,1131.0,53.2,19.0,38.0,83
2025-11-14T17:00,22.8,65,0.0,6.4,1016.0,27.1,34.6,1459.0,53.7,19.2,34.0,83
2025-11-14T18:00,22.0,68,0.0,5.7,1016.2,31.4,38.8,1601.0,53.8,19.0,30.0,83
2025-11-14T19:00,21.4,69,0.0,7.8,1016.0,34.9,40.7,1401.0,54.8,17.8,24.0,83
2025-11-14T20:00,20.8,69,0.0,8.1,1015.8,34.1,38.6,1016.0,55.4,16.3,18.0,84
2025-11-14T21:00,20.3,70,0.0,8.1,1015.6,31.5,35.4,691.0,54.1,15.0,15.0,84
2025-11-14T22:00,19.8,72,0.0,8.6,1015.4,28.9,32.2,467.0,48.9,14.0,16.0,84
2025-11-14T23:00,19.8,71,0.0,9.0,1015.3,26.4,29.3,303.0,41.9,13.3,19.0,84
2025-11-15T00:00,19.5,74,0.0,9.2,1015.6,29.7,34.0,326.0,48.7,13.2,9.0,83
2025-11-15T01:00,19.2,71,0.0,8.5,1016.1,30.0,34.0,723.0,49.7,14.8,6.0,83
2025-11-15T02:00,19.0,68,0.0,7.2,1016.9,38.3,42.3,1307.0,50.7,17.2,3.0,83
2025-11-15T03:00,19.5,63,0.0,6.5,1017.5,51.1,54.5,1641.0,48.1,21.1,11.0,83
2025-11-15T04:00,21.9,50,0.0,4.7,1018.1,42.0,48.1,1467.0,38.8,28.2,41.0,83
2025-11-15T05:00,25.5,36,0.0,5.0,1018.6,25.0,37.5,1044.0,25.9,36.7,82.0,83
2025-11-15T06:00,28.0,28,0.0,3.1,1018.3,19.4,29.3,705.0,15.7,41.9,116.0,83
2025-11-15T07:00,29.3,20,0.0,1.4,1017.4,18.1,25.3,577.0,10.3,41.1,137.0,83
2025-11-15T08:00,29.9,20,0.0,5.1,1016.4,18.9,25.1,533.0,7.6,37.1,151.0,83
2025-11-15T09:00,30.0,23,0.0,8.0,1015.3,20.4,26.4,532.0,6.8,33.5,158.0,83
2025-11-15T10:00,29.6,28,0.0,10.5,1014.7,21.3,27.2,567.0,6.5,31.6,161.0,83
2025-11-15T11:00,28.6,34,0.0,12.9,1014.6,21.4,27.2,643.0,8.2,30.1,157.0,84
2025-11-15T12:00,27.8,30,0.0,13.7,1015.0,19.1,22.3,737.0,15.8,31.8,145.0,84
2025-11-15T13:00,26.5,32,0.0,11.1,1015.7,31.1,33.3,860.0,30.3,29.2,115.0,102
2025-11-15T14:00,25.3,36,0.0,8.5,1016.3,30.4,32.4,999.0,50.4,25.7,74.0,109
2025-11-15T15:00,24.5,43,0.0,7.0,1016.9,29.9,31.8,1097.0,66.0,23.3,41.0,100
2025-11-15T16:00,23.7,50,0.0,7.2,1017.3,31.1,32.8,1142.0,73.6,23.4,25.0,85
2025-11-15T17:00,23.0,52,0.0,7.7,1017.5,34.9,36.7,1145.0,76.7,24.5,18.0,86
2025-11-15T18:00,22.4,54,0.0,8.0,1017.8,41.9,43.4,1079.0,76.4,24.6,14.0,86
2025-11-15T19:00,22.0,54,0.0,8.1,1017.4,42.8,44.0,890.0,72.0,22.3,13.0,87
2025-11-15T20:00,21.4,56,0.0,8.5,1017.4,36.7,37.6,633.0,64.1,18.9,17.0,88
2025-11-15T21:00,20.8,55,0.0,8.1,1017.3,31.5,32.4,436.0,55.6,16.1,21.0,88
2025-11-15T22:00,20.5,50,0.0,8.0,1017.5,27.8,28.6,325.0,45.5,14.5,27.0,88
2025-11-15T23:00,20.5,42,0.0,9.4,1017.5,24.7,25.5,276.0,34.9,13.5,35.0,88
2025-11-16T00:00,19.9,41,0.0,8.9,1017.9,24.9,25.5,346.0,36.9,13.6,30.0,88
2025-11-16T01:00,19.3,43,0.0,9.0,1018.2,23.9,24.4,647.0,42.1,14.6,25.0,88
2025-11-16T02:00,19.1,44,0.0,9.0,1019.0,28.9,29.5,1068.0,48.7,16.2,19.0,87
2025-11-16T03:00,20.0,42,0.0,8.9,1019.5,34.3,34.8,1332.0,50.0,19.1,26.0,86
2025-11-16T04:00,22.3,36,0.0,8.5,1020.3,35.9,36.3,1297.0,40.8,24.9,58.0,85
2025-11-16T05:00,25.9,28,0.0,6.2,1020.6,25.2,26.1,1105.0,26.2,31.8,102.0,84
2025-11-16T06:00,28.4,22,0.0,5.5,1020.1,18.1,18.9,907.0,14.6,35.6,137.0,84
2025-11-16T07:00,29.8,18,0.0,5.2,1019.2,15.8,16.5,716.0,9.3,33.2,154.0,84
2025-11-16T08:00,30.4,17,0.0,3.2,1018.2,16.8,17.4,518.0,7.0,27.6,161.0,84
2025-11-16T09:00,30.6,17,0.0,2.5,1017.3,17.7,18.3,423.0,6.7,23.3,164.0,84
2025-11-16T10:00,30.5,18,0.0,2.1,1016.9,18.2,18.9,412.0,4.9,21.4,166.0,84
2025-11-16T11:00,30.1,19,0.0,3.1,1016.7,18.4,19.0,502.0,5.1,20.8,164.0,83
2025-11-16T12:00,28.6,33,0.0,6.5,1016.9,15.5,15.8,859.0,16.4,22.5,147.0,102
2025-11-16T13:00,27.0,44,0.0,9.4,1017.5,32.9,33.2,1789.0,43.9,25.2,110.0,121
2025-11-16T14:00,25.9,46,0.0,9.4,1018.0,44.4,44.6,2984.0,81.5,29.1,60.0,122
2025-11-16T15:00,25.4,44,0.0,8.2,1018.6,48.3,48.4,3687.0,107.2,32.3,23.0,106
2025-11-16T16:00,24.6,47,0.0,6.6,1019.0,51.6,51.7,3479.0,109.9,34.9,13.0,86
2025-11-16T17:00,23.5,48,0.0,7.6,1018.9,53.9,54.1,2778.0,100.6,37.0,16.0,88
2025-11-16T18:00,22.5,43,0.0,7.6,1019.3,54.1,54.4,2077.0,91.0,36.6,19.0,89
2025-11-16T19:00,22.2,37,0.0,7.3,1018.7,50.8,51.1,1483.0,84.4,32.0,18.0,90
2025-11-16T20:00,21.5,38,0.0,8.1,1018.2,45.2,45.4,888.0,77.4,25.1,18.0,91
2025-11-16T21:00,20.7,40,0.0,8.3,1018.1,40.2,40.5,464.0,71.0,19.5,17.0,92
2025-11-16T22:00,20.2,43,0.0,8.3,1017.6,35.5,35.9,270.0,65.3,16.4,16.0,93
2025-11-16T23:00,19.8,44,0.0,7.7,1017.5,30.3,30.5,245.0,60.3,14.7,16.0,93
2025-11-17T00:00,18.5,48,0.0,6.0,1017.8,29.7,30.0,382.0,58.6,14.1,12.0,94
2025-11-17T01:00,18.1,49,0.0,5.4,1018.1,27.4,27.6,795.0,59.7,15.6,9.0,94
2025-11-17T02:00,18.0,49,0.0,5.0,1018.6,32.9,33.3,1370.0,60.7,18.0,7.0,94
2025-11-17T03:00,18.7,47,0.0,4.8,1019.1,42.4,42.6,1748.0,57.4,22.7,17.0,95
2025-11-17T04:00,21.5,40,0.0,3.5,1019.3,40.0,40.4,1756.0,46.0,32.1,52.0,95
2025-11-17T05:00,25.1,28,0.0,1.9,1019.6,28.8,29.4,1568.0,30.3,43.7,99.0,96
2025-11-17T06:00,27.5,22,0.0,1.6,1019.4,19.0,19.5,1348.0,18.2,51.5,138.0,96
2025-11-17T07:00,28.8,20,0.0,3.7,1018.5,18.6,19.0,1120.0,12.7,51.9,161.0,96
2025-11-17T08:00,29.2,21,0.0,6.2,1017.4,20.5,20.8,860.0,10.7,48.5,175.0,97
2025-11-17T09:00,29.3,23,0.0,8.7,1016.5,22.5,22.9,659.0,10.6,45.7,183.0,97
2025-11-17T10:00,28.9,27,0.0,9.9,1015.8,24.6,25.1,521.0,11.0,45.9,189.0,97
2025-11-17T11:00,28.1,33,0.0,10.0,1015.5,26.3,26.7,441.0,13.2,46.8,190.0,98
2025-11-17T12:00,27.3,37,0.0,9.4,1015.5,27.0,27.4,501.0,19.1,49.2,185.0,119
2025-11-17T13:00,26.1,42,0.0,8.3,1015.9,44.9,45.4,829.0,36.8,44.6,147.0,147
2025-11-17T14:00,25.0,49,0.0,6.9,1016.4,44.9,45.5,1297.0,60.9,38.2,94.0,156
2025-11-17T15:00,24.4,52,0.0,6.8,1017.1,42.6,43.4,1593.0,77.1,32.8,54.0,148
2025-11-17T16:00,23.9,54,0.0,6.5,1017.4,41.1,42.3,1563.0,77.5,29.6,40.0,125
2025-11-17T17:00,23.1,57,0.0,6.9,1017.4,41.3,42.7,1362.0,70.0,27.6,39.0,99
2025-11-17T18:00,22.4,60,0.0,6.0,1017.5,43.5,45.3,1146.0,63.6,26.0,38.0,98
2025-11-17T19:00,21.5,63,0.0,7.3,1017.2,45.5,47.6,945.0,62.4,25.1,33.0,97
2025-11-17T20:00,20.9,66,0.0,7.6,1017.1,46.3,48.7,728.0,62.4,24.7,28.0,97
2025-11-17T21:00,20.4,69,0.0,7.6,1016.4,47.3,49.7,561.0,60.6,23.9,25.0,97
2025-11-17T22:00,19.9,72,0.0,7.0,1016.0,47.5,49.7,431.0,54.3,21.8,24.0,97
2025-11-17T23:00,19.4,75,0.0,6.1,1015.7,44.5,46.4,350.0,46.3,19.3,24.0,98
2025-11-18T00:00,18.4,73,0.0,3.5,1016.0,48.1,50.3,420.0,47.3,21.3,22.0,100
2025-11-18T01:00,18.1,73,0.0,5.8,1016.4,47.3,49.2,811.0,50.6,21.3,15.0,102
2025-11-18T02:00,17.5,74,0.0,6.9,1016.7,52.7,54.5,1353.0,54.6,21.5,7.0,104
2025-11-18T03:00,18.5,69,0.0,6.2,1017.2,59.3,60.8,1642.0,53.5,24.1,13.0,106
2025-11-18T04:00,21.4,57,0.0,5.5,1017.6,46.1,48.4,1425.0,42.5,31.4,47.0,108
2025-11-18T05:00,24.5,52,0.0,4.2,1017.7,32.0,36.1,956.0,26.5,41.1,95.0,108
2025-11-18T06:00,26.5,45,0.0,1.7,1017.5,29.5,32.4,589.0,14.2,47.6,136.0,108
2025-11-18T07:00,28.2,31,0.0,0.6,1016.4,28.9,31.0,470.0,9.1,48.1,161.0,110
2025-11-18T08:00,29.0,28,0.0,3.0,1015.5,29.4,31.2,453.0,7.7,45.5,178.0,111
2025-11-18T09:00,29.1,31,0.0,6.4,1014.5,30.4,32.2,463.0,8.0,43.2,188.0,112
2025-11-18T10:00,28.5,41,0.0,10.4,1013.8,31.3,33.2,470.0,8.3,42.8,192.0,112
2025-11-18T11:00,27.3,51,0.0,12.9,1013.6,31.9,33.9,504.0,10.2,42.7,187.0,113
2025-11-18T12:00,26.7,49,0.0,11.7,1013.5,31.7,33.4,569.0,16.2,44.6,177.0,118
2025-11-18T13:00,25.8,49,0.0,8.1,1013.9,45.5,47.3,692.0,32.8,40.4,139.0,146
2025-11-18T14:00,24.8,55,0.0,6.2,1014.4,45.4,47.4,847.0,55.6,34.6,85.0,154
2025-11-18T15:00,23.9,60,0.0,5.4,1014.8,44.6,46.9,964.0,72.3,30.0,44.0,145
2025-11-18T16:00,23.2,66,0.0,6.7,1015.2,45.5,48.1,1027.0,77.3,28.0,27.0,120
2025-11-18T17:00,22.5,72,0.0,8.2,1015.2,46.9,49.5,1052.0,76.3,27.2,21.0,115
2025-11-18T18:00,21.6,73,0.0,7.4,1015.1,48.3,51.0,1022.0,73.5,26.1,18.0,116
2025-11-18T19:00,21.0,74,0.0,6.7,1015.0,48.3,51.0,905.0,70.3,24.0,15.0,116
2025-11-18T20:00,20.4,74,0.0,5.4,1014.8,47.3,50.1,733.0,65.4,21.5,15.0,116
2025-11-18T21:00,19.8,76,0.0,4.9,1014.6,46.1,49.1,585.0,59.4,19.4,16.0,116
2025-11-18T22:00,19.2,78,0.0,5.6,1014.3,44.2,47.4,431.0,50.5,17.5,20.0,116
2025-11-18T23:00,18.9,80,0.0,6.8,1014.3,41.4,44.7,302.0,40.4,16.0,26.0,116
2025-11-19T00:00,18.8,81,0.0,7.5,1014.3,44.4,48.1,365.0,43.4,18.3,23.0,116
2025-11-19T01:00,18.5,81,0.0,7.3,1014.7,44.1,47.7,842.0,48.2,19.5,16.0,115
2025-11-19T02:00,18.2,80,0.0,6.5,1015.2,50.9,54.7,1512.0,54.4,21.3,9.0,115
2025-11-19T03:00,19.0,73,0.0,4.9,1016.0,59.6,62.9,1882.0,54.8,24.1,14.0,115
2025-11-19T04:00,21.8,61,0.0,3.2,1016.4,45.5,49.0,1651.0,44.2,28.6,44.0,115
2025-11-19T05:00,24.6,59,0.0,1.7,1016.8,35.0,39.5,1120.0,27.8,34.0,87.0,115
2025-11-19T06:00,26.5,51,0.0,2.9,1016.6,32.1,35.9,696.0,15.1,38.8,124.0,115
2025-11-19T07:00,27.6,43,0.0,5.6,1015.9,33.2,36.1,541.0,9.7,42.6,150.0,115
2025-11-19T08:00,28.0,42,0.0,7.9,1015.1,35.0,37.6,492.0,7.9,45.7,171.0,116
2025-11-19T09:00,28.0,41,0.0,9.5,1014.3,36.7,39.0,468.0,7.8,47.4,183.0,116
2025-11-19T10:00,27.8,43,0.0,9.8,1013.7,37.6,39.9,425.0,8.4,47.3,184.0,117
2025-11-19T11:00,27.1,47,0.0,8.9,1013.5,37.5,39.7,407.0,10.8,45.7,177.0,118
2025-11-19T12:00,26.4,48,0.0,7.7,1013.5,34.1,35.9,462.0,14.8,43.0,158.0,118
2025-11-19T13:00,25.5,53,0.0,7.6,1013.7,41.7,43.0,667.0,29.7,39.3,125.0,129
2025-11-19T14:00,24.8,57,0.0,7.3,1014.4,42.8,44.1,945.0,50.2,34.2,80.0,137
2025-11-19T15:00,23.9,61,0.0,6.8,1014.9,41.2,42.5,1119.0,64.9,29.9,45.0,128
2025-11-19T16:00,23.2,65,0.0,6.8,1015.3,39.7,41.0,1100.0,69.2,27.4,31.0,117
2025-11-19T17:00,22.6,68,0.0,8.0,1015.6,38.8,40.0,976.0,67.6,25.7,28.0,117
2025-11-19T18:00,21.8,71,0.0,8.4,1015.9,38.1,39.2,837.0,62.5,23.7,29.0,116
2025-11-19T19:00,21.2,75,0.0,8.9,1015.5,35.6,36.8,694.0,52.6,20.9,36.0,115
2025-11-19T20:00,20.7,79,0.0,8.1,1015.4,32.1,33.4,536.0,39.1,17.8,47.0,114
2025-11-19T21:00,20.2,83,0.0,7.9,1015.5,29.5,30.9,417.0,28.3,15.5,55.0,112
2025-11-19T22:00,19.8,85,0.0,7.1,1015.2,27.9,29.3,321.0,21.7,14.1,57.0,110
2025-11-19T23:00,19.4,85,0.0,6.8,1014.9,27.2,28.6,265.0,17.8,13.5,55.0,109
2025-11-20T00:00,18.6,85,0.0,6.7,1015.3,33.5,35.0,353.0,24.1,14.2,40.0,107
2025-11-20T01:00,18.1,85,0.0,6.6,1015.7,38.8,40.0,748.0,31.9,15.3,27.0,106
2025-11-20T02:00,17.8,84,0.0,6.8,1016.3,50.3,51.6,1287.0,42.1,17.2,11.0,105
2025-11-20T03:00,18.5,80,0.0,7.3,1017.0,60.3,61.2,1583.0,46.8,20.5,11.0,105
2025-11-20T04:00,21.4,67,0.0,6.7,1017.6,46.4,47.7,1389.0,40.6,26.5,39.0,105
2025-11-20T05:00,24.5,58,0.0,4.4,1017.9,32.4,34.2,952.0,28.8,34.0,83.0,106
2025-11-20T06:00,26.2,49,0.0,1.3,1017.8,29.0,30.6,631.0,19.0,40.3,122.0,105
2025-11-20T07:00,27.9,37,0.0,1.6,1017.0,30.2,31.7,587.0,13.6,44.5,150.0,105
2025-11-20T08:00,28.5,36,0.0,4.4,1016.1,33.1,34.6,658.0,10.1,47.4,173.0,105
2025-11-20T09:00,28.4,42,0.0,7.4,1015.1,35.0,36.4,716.0,8.8,48.8,186.0,104
2025-11-20T10:00,28.0,47,0.0,9.2,1014.5,36.3,37.7,694.0,9.2,48.5,189.0,104
2025-11-20T11:00,27.4,48,0.0,10.3,1014.2,36.7,38.1,658.0,11.7,46.7,182.0,104
2025-11-20T12:00,26.8,48,0.0,10.3,1014.2,31.7,32.2,677.0,16.4,48.8,173.0,106
2025-11-20T13:00,25.6,58,0.0,8.4,1014.6,36.1,36.7,814.0,27.7,43.7,139.0,134
2025-11-20T14:00,24.7,67,0.0,6.9,1015.3,36.8,37.5,1005.0,43.3,36.6,92.0,146
2025-11-20T15:00,23.8,74,0.0,6.8,1015.8,34.2,34.8,1126.0,54.8,30.8,55.0,140
2025-11-20T16:00,23.2,75,0.0,7.5,1016.4,33.1,33.6,1125.0,58.7,27.7,38.0,119
2025-11-20T17:00,22.6,76,0.0,8.7,1016.4,33.3,34.0,1054.0,58.6,25.8,32.0,101
2025-11-20T18:00,22.0,77,0.0,8.5,1016.3,34.1,34.8,944.0,56.6,24.0,28.0,101
2025-11-20T19:00,21.5,79,0.0,8.4,1016.0,33.4,34.0,773.0,52.6,21.8,26.0,100
2025-11-20T20:00,20.9,81,0.0,7.9,1016.0,31.1,31.8,561.0,46.8,19.6,26.0,100
2025-11-20T21:00,20.4,83,0.0,7.1,1015.8,29.7,30.5,406.0,42.1,17.8,25.0,100
2025-11-20T22:00,19.9,84,0.0,6.5,1015.8,30.4,31.1,306.0,39.6,16.4,21.0,100
2025-11-20T23:00,19.5,82,0.0,5.8,1015.9,33.1,33.6,262.0,38.2,15.3,17.0,100
2025-11-21T00:00,19.0,85,0.0,5.1,1016.2,38.0,38.4,368.0,46.0,16.7,9.0,101
2025-11-21T01:00,18.9,79,0.0,4.9,1016.4,38.5,38.9,772.0,46.1,17.5,5.0,101
2025-11-21T02:00,18.5,74,0.0,5.4,1017.4,46.8,47.1,1327.0,46.0,18.9,2.0,101
2025-11-21T03:00,19.0,67,0.0,5.2,1018.1,58.6,58.8,1687.0,44.1,22.8,10.0,101
2025-11-21T04:00,21.5,55,0.0,5.0,1018.8,40.3,40.6,1674.0,39.4,31.5,38.0,101
2025-11-21T05:00,24.7,39,0.0,3.2,1018.9,24.2,24.7,1466.0,33.0,42.6,77.0,100
2025-11-21T06:00,27.1,28,0.0,4.0,1018.9,24.4,24.8,1255.0,26.7,50.5,113.0,99
2025-11-21T07:00,28.5,23,0.0,4.1,1018.1,26.1,26.7,1081.0,20.4,52.4,144.0,99
2025-11-21T08:00,29.2,21,0.0,4.4,1017.2,27.9,28.6,903.0,14.2,51.0,171.0,98
2025-11-21T09:00,29.4,22,0.0,6.0,1016.2,29.5,30.5,792.0,10.9,49.3,188.0,98
2025-11-21T10:00,29.2,24,0.0,8.2,1015.6,31.1,32.1,795.0,10.5,48.4,192.0,98
2025-11-21T11:00,28.6,27,0.0,9.3,1015.5,32.1,33.2,865.0,12.9,47.1,186.0,97
2025-11-21T12:00,27.5,29,0.0,9.3,1015.7,48.9,50.9,934.0,19.5,49.9,174.0,102
2025-11-21T13:00,26.1,35,0.0,7.0,1016.0,56.9,58.4,979.0,36.2,45.2,135.0,131
2025-11-21T14:00,25.0,42,0.0,6.8,1016.5,56.8,58.2,1023.0,59.1,38.6,82.0,144
2025-11-21T15:00,23.8,53,0.0,7.6,1016.8,54.1,55.6,1071.0,76.1,33.5,40.0,137
2025-11-21T16:00,23.0,61,0.0,7.6,1017.0,53.8,55.4,1161.0,81.7,31.6,22.0,115
2025-11-21T17:00,22.5,64,0.0,8.1,1017.0,56.7,58.3,1256.0,81.3,31.1,15.0,106
2025-11-21T18:00,21.8,71,0.0,7.4,1017.4,59.8,61.5,1240.0,79.0,30.0,12.0,109
2025-11-21T19:00,21.2,73,0.0,9.1,1017.2,59.3,60.8,1011.0,76.2,27.4,9.0,111
2025-11-21T20:00,20.8,74,0.0,9.0,1017.0,56.1,58.0,672.0,71.5,24.2,10.0,114
2025-11-21T21:00,20.5,75,0.0,8.6,1016.6,50.9,52.7,423.0,64.9,21.4,13.0,117
2025-11-21T22:00,20.2,74,0.0,8.9,1016.1,46.3,48.2,311.0,54.1,19.2,20.0,119
2025-11-21T23:00,20.0,67,0.0,8.4,1015.8,42.6,44.6,290.0,41.4,17.5,29.0,121
2025-11-22T00:00,19.7,59,0.0,7.5,1016.0,41.2,43.0,420.0,38.7,17.4,32.0,122
2025-11-22T01:00,19.4,56,0.0,7.3,1016.1,40.5,42.1,847.0,44.1,17.9,26.0,122
2025-11-22T02:00,19.0,56,0.0,6.9,1016.8,45.3,46.8,1425.0,51.1,18.8,20.0,122
2025-11-22T03:00,19.4,54,0.0,6.7,1017.4,51.3,52.6,1783.0,52.9,20.5,27.0,122
2025-11-22T04:00,21.6,48,0.0,5.9,1017.8,52.9,54.1,1715.0,44.7,23.7,59.0,121
2025-11-22T05:00,24.8,39,0.0,4.4,1018.1,50.8,52.6,1427.0,31.3,27.8,103.0,123
2025-11-22T06:00,26.9,31,0.0,3.5,1018.0,52.4,56.5,1158.0,20.3,31.3,140.0,125
2025-11-22T07:00,28.0,28,0.0,2.8,1017.2,49.2,54.2,979.0,14.2,33.4,160.0,128
2025-11-22T08:00,28.6,28,0.0,4.7,1016.1,47.0,52.2,820.0,10.5,34.9,173.0,131
2025-11-22T09:00,28.7,30,0.0,8.3,1014.9,47.3,52.5,712.0,9.4,36.5,180.0,133
2025-11-22T10:00,28.1,36,0.0,11.4,1014.3,48.3,53.7,664.0,10.4,38.9,186.0,135
2025-11-22T11:00,27.4,39,0.0,11.1,1014.0,49.4,54.5,666.0,14.1,41.4,187.0,136
2025-11-22T12:00,26.5,41,0.0,8.4,1014.0,64.3,69.8,724.0,19.9,49.5,181.0,138
2025-11-22T13:00,25.4,44,0.0,6.7,1014.3,73.1,78.0,853.0,33.0,45.9,146.0,145
2025-11-22T14:00,24.6,46,0.0,6.8,1014.8,72.4,77.5,1038.0,51.2,41.0,98.0,153
2025-11-22T15:00,24.0,48,0.0,6.3,1015.4,69.6,75.7,1232.0,65.9,37.3,58.0,145
2025-11-22T16:00,23.6,51,0.0,4.2,1015.6,68.0,75.0,1484.0,74.2,36.4,35.0,145
2025-11-22T17:00,23.2,53,0.0,4.3,1015.8,69.8,78.0,1745.0,79.0,36.7,21.0,146
2025-11-22T18:00,22.2,67,0.0,2.7,1015.8,78.2,86.8,1830.0,80.2,35.6,12.0,147
2025-11-22T19:00,22.1,65,0.0,4.4,1015.6,81.5,87.5,1593.0,76.4,31.3,8.0,149
2025-11-22T20:00,21.0,69,0.0,6.4,1015.5,75.2,79.6,1179.0,69.0,25.5,9.0,150
2025-11-22T21:00,20.0,71,0.0,6.7,1015.1,70.3,73.6,838.0,61.9,20.9,11.0,151
2025-11-22T22:00,19.3,74,0.0,7.2,1014.6,66.1,69.4,614.0,56.0,18.4,12.0,151
2025-11-22T23:00,19.1,74,0.0,6.9,1014.6,62.6,65.9,463.0,50.4,17.2,14.0,152
2025-11-23T00:00,18.7,66,0.0,6.9,1015.0,72.2,75.4,496.0,49.8,15.7,8.0,152
2025-11-23T01:00,18.4,62,0.0,6.6,1015.3,68.2,72.4,882.0,52.4,17.5,5.0,153
2025-11-23T02:00,18.2,59,0.0,6.8,1016.0,72.4,76.6,1453.0,55.4,20.6,2.0,153
2025-11-23T03:00,18.9,55,0.0,6.3,1016.4,79.4,83.4,1813.0,53.9,26.3,13.0,154
2025-11-23T04:00,21.5,47,0.0,6.3,1016.9,70.8,76.4,1753.0,43.5,38.3,49.0,155
2025-11-23T05:00,24.1,39,0.0,4.6,1017.3,56.5,68.2,1483.0,28.5,53.1,99.0,155
2025-11-23T06:00,25.9,38,0.0,3.1,1017.3,51.0,65.0,1237.0,16.6,61.5,139.0,155
2025-11-23T07:00,27.0,34,0.0,4.2,1016.4,50.2,62.4,1083.0,10.7,57.9,161.0,155
2025-11-23T08:00,27.6,32,0.0,6.5,1015.3,48.8,62.2,953.0,7.9,48.0,172.0,155
2025-11-23T09:00,27.8,31,0.0,8.3,1014.3,47.3,63.1,874.0,7.1,39.8,177.0,155
2025-11-23T10:00,27.7,30,0.0,8.7,1013.7,46.4,63.1,860.0,7.1,36.5,176.0,155
2025-11-23T11:00,27.4,30,0.0,8.8,1013.4,46.7,61.7,897.0,9.1,34.9,167.0,155
2025-11-23T12:00,26.4,37,0.0,9.7,1013.7,50.8,58.9,973.0,17.4,36.7,156.0,155
2025-11-23T13:00,25.2,47,0.0,7.5,1014.0,68.9,74.5,1121.0,40.3,35.3,120.0,155
2025-11-23T14:00,24.4,55,0.0,6.9,1014.5,74.0,78.5,1308.0,71.8,33.4,70.0,155
2025-11-23T15:00,23.4,58,0.0,7.1,1015.1,76.4,80.3,1420.0,94.5,32.2,32.0,155
2025-11-23T16:00,22.8,61,0.0,7.2,1015.5,79.9,83.8,1409.0,100.5,33.0,17.0,155
2025-11-23T17:00,22.2,63,0.0,5.8,1015.6,84.3,88.0,1325.0,97.6,34.7,15.0,155
2025-11-23T18:00,21.5,67,0.0,5.2,1015.8,78.9,81.5,1200.0,92.1,34.6,14.0,155
2025-11-23T19:00,21.2,65,0.0,7.1,1015.8,69.6,71.9,1016.0,85.6,31.3,13.0,155
2025-11-23T20:00,21.0,63,0.0,6.3,1015.6,61.0,63.3,791.0,76.5,26.2,13.0,155
2025-11-23T21:00,20.0,67,0.0,8.0,1015.5,54.4,56.6,622.0,66.4,22.0,16.0,155
2025-11-23T22:00,19.3,68,0.0,9.2,1015.3,49.1,51.1,518.0,53.5,19.2,22.0,154
2025-11-23T23:00,19.0,63,0.0,9.4,1015.3,44.7,46.7,469.0,39.6,17.1,29.0,154
2025-11-24T00:00,18.2,55,0.0,8.2,1015.6,47.3,49.5,536.0,45.4,17.3,21.0,154
2025-11-24T01:00,18.0,51,0.0,8.7,1015.9,45.2,47.1,830.0,49.3,19.1,18.0,153
2025-11-24T02:00,17.8,51,0.0,8.7,1016.6,49.5,51.5,1240.0,54.1,21.8,15.0,153
2025-11-24T03:00,18.4,50,0.0,8.2,1017.2,56.0,58.0,1494.0,53.6,24.7,23.0,152
2025-11-24T04:00,20.8,43,0.0,7.8,1017.6,55.5,57.6,1454.0,42.6,28.6,52.0,152
2025-11-24T05:00,24.0,35,0.0,5.2,1017.9,49.8,53.3,1259.0,26.1,32.7,93.0,151
2025-11-24T06:00,26.4,27,0.0,5.5,1017.7,37.7,42.7,1054.0,13.4,34.1,124.0,151
2025-11-24T07:00,27.4,23,0.0,4.6,1016.8,31.3,36.8,843.0,7.6,30.4,138.0,151
2025-11-24T08:00,28.1,20,0.0,3.1,1015.8,28.9,34.1,622.0,5.5,24.0,143.0,150
2025-11-24T09:00,28.5,18,0.0,2.7,1014.7,27.1,31.7,521.0,6.3,19.1,142.0,150
2025-11-24T10:00,28.6,18,0.0,3.8,1014.4,25.7,29.8,577.0,9.3,17.3,137.0,148
2025-11-24T11:00,27.6,28,0.0,7.2,1014.4,25.0,28.6,752.0,15.2,17.1,127.0,146
2025-11-24T12:00,26.2,39,0.0,8.5,1014.6,31.1,34.2,1066.0,21.3,20.7,122.0,144
2025-11-24T13:00,24.8,46,0.0,10.3,1015.3,55.8,58.7,1710.0,46.3,27.1,91.0,142
2025-11-24T14:00,24.0,49,0.0,10.3,1016.1,73.1,76.4,2492.0,80.3,35.7,49.0,140
2025-11-24T15:00,23.5,50,0.0,8.3,1016.8,79.6,82.4,2858.0,102.3,40.2,19.0,140
2025-11-24T16:00,22.8,48,0.0,6.9,1017.3,71.2,72.9,2424.0,101.9,36.7,11.0,140
2025-11-24T17:00,22.1,40,0.0,7.2,1017.6,58.1,58.8,1574.0,89.4,29.2,15.0,140
2025-11-24T18:00,21.2,34,0.0,7.6,1017.8,47.4,48.0,904.0,74.8,22.5,23.0,137
2025-11-24T19:00,20.5,37,0.0,8.8,1017.7,41.8,42.6,665.0,59.6,18.4,33.0,134
2025-11-24T20:00,19.9,40,0.0,9.1,1017.5,39.1,40.4,607.0,42.3,15.3,46.0,131
2025-11-24T21:00,19.5,41,0.0,9.5,1017.3,38.2,39.8,576.0,28.0,13.1,58.0,128
2025-11-24T22:00,19.2,41,0.0,9.9,1016.8,37.7,39.8,507.0,18.0,11.9,69.0,127
2025-11-24T23:00,18.7,43,0.0,10.3,1016.8,37.3,39.6,466.0,11.1,11.7,80.0,125
2025-11-25T00:00,17.9,45,0.0,10.9,1016.8,37.0,39.5,495.0,11.6,12.3,74.0,125
2025-11-25T01:00,17.4,46,0.0,11.4,1017.1,36.9,39.2,667.0,19.3,13.0,68.0,124
2025-11-25T02:00,17.2,47,0.0,12.1,1017.9,39.1,41.4,910.0,29.5,14.2,62.0,123
2025-11-25T03:00,18.4,43,0.0,12.2,1018.3,42.5,44.7,1045.0,34.7,16.2,64.0,122
2025-11-25T04:00,20.6,36,0.0,10.8,1018.8,43.3,45.3,969.0,30.2,20.2,83.0,120
2025-11-25T05:00,23.6,29,0.0,9.8,1018.8,41.7,44.1,785.0,20.7,25.0,111.0,119
2025-11-25T06:00,26.0,24,0.0,11.2,1018.2,42.8,45.3,627.0,12.8,27.8,133.0,118
2025-11-25T07:00,27.4,20,0.0,11.6,1017.2,36.3,38.4,530.0,8.2,26.7,145.0,119
2025-11-25T08:00,28.1,19,0.0,9.7,1016.1,32.8,34.7,459.0,5.1,23.5,152.0,119
2025-11-25T09:00,28.5,19,0.0,9.8,1014.8,33.4,35.3,437.0,4.7,21.1,153.0,120
2025-11-25T10:00,28.6,19,0.0,9.2,1014.2,33.8,35.6,480.0,7.9,20.6,149.0,120
2025-11-25T11:00,28.4,20,0.0,9.3,1013.9,34.5,36.3,572.0,13.8,20.7,139.0,121
2025-11-25T12:00,27.7,21,0.0,9.6,1014.0,29.5,30.2,688.0,19.4,21.3,126.0,122
2025-11-25T13:00,26.6,23,0.0,9.7,1014.4,40.5,40.9,861.0,31.1,21.3,104.0,122
2025-11-25T14:00,25.8,25,0.0,10.2,1015.0,43.4,43.8,1059.0,46.7,21.3,75.0,120
2025-11-25T15:00,24.4,29,0.0,10.6,1015.6,41.9,42.4,1158.0,55.1,21.1,55.0,117
2025-11-25T16:00,23.0,34,0.0,10.2,1015.8,41.4,42.0,1081.0,49.7,20.7,55.0,113
2025-11-25T17:00,22.1,36,0.0,9.7,1015.7,42.4,43.2,905.0,37.1,20.3,66.0,110
2025-11-25T18:00,21.5,37,0.0,9.6,1015.7,43.7,44.6,742.0,26.1,19.8,75.0,109
2025-11-25T19:00,21.1,38,0.0,9.2,1015.5,44.0,45.1,621.0,19.9,19.4,80.0,108
2025-11-25T20:00,20.5,40,0.0,9.5,1015.0,43.9,45.1,512.0,15.3,19.1,83.0,108
2025-11-25T21:00,20.0,41,0.0,10.0,1014.7,43.9,45.2,436.0,11.9,18.8,86.0,109
2025-11-25T22:00,20.0,40,0.0,10.7,1014.4,44.1,45.4,381.0,8.7,18.5,89.0,110
2025-11-25T23:00,19.9,39,0.0,11.0,1014.6,44.5,45.9,358.0,6.6,18.3,92.0,110
2025-11-26T00:00,19.5,40,0.0,11.6,1014.6,44.9,46.2,421.0,7.9,18.5,91.0,111
2025-11-26T01:00,19.4,40,0.0,11.2,1015.0,45.9,47.1,665.0,16.9,19.4,81.0,112
2025-11-26T02:00,19.0,40,0.0,10.6,1015.9,49.4,50.6,995.0,28.9,20.7,68.0,113
2025-11-26T03:00,19.5,39,0.0,9.7,1016.5,53.6,54.7,1182.0,35.5,21.7,65.0,114
2025-11-26T04:00,21.5,34,0.0,7.3,1017.0,54.2,55.4,1089.0,31.7,22.2,80.0,115
2025-11-26T05:00,24.2,29,0.0,6.9,1017.2,49.6,50.9,853.0,22.4,22.4,104.0,116
2025-11-26T06:00,26.6,22,0.0,8.3,1016.6,36.7,37.8,652.0,14.5,21.9,125.0,117
2025-11-26T07:00,27.6,20,0.0,5.6,1015.6,25.1,26.1,541.0,9.5,19.9,138.0,116
2025-11-26T08:00,28.2,18,0.0,3.8,1014.9,21.7,22.9,466.0,5.8,17.2,147.0,115
2025-11-26T09:00,28.3,18,0.0,1.1,1014.1,21.1,22.4,445.0,5.1,15.4,150.0,114
2025-11-26T10:00,28.1,19,0.0,3.9,1013.8,20.8,22.0,457.0,8.5,15.4,146.0,113
2025-11-26T11:00,27.9,19,0.0,2.7,1013.8,20.7,21.9,523.0,14.9,16.3,135.0,111
2025-11-26T12:00,27.2,24,0.0,5.9,1014.1,31.4,32.7,724.0,26.1,18.7,120.0,110
2025-11-26T13:00,25.5,32,0.0,9.5,1014.7,46.1,47.0,1241.0,44.3,19.1,93.0,110
2025-11-26T14:00,24.5,33,0.0,8.2,1015.2,48.5,49.2,1892.0,68.7,19.6,55.0,111
2025-11-26T15:00,24.0,28,0.0,6.3,1015.7,40.2,40.6,2220.0,81.4,19.3,32.0,111
2025-11-26T16:00,23.3,24,0.0,6.3,1016.5,34.0,34.5,1923.0,71.7,17.5,35.0,111
2025-11-26T17:00,22.3,27,0.0,7.0,1016.8,31.0,31.4,1301.0,50.4,14.9,52.0,110
2025-11-26T18:00,21.1,29,0.0,8.4,1016.8,29.9,30.6,799.0,32.3,12.8,67.0,109
2025-11-26T19:00,20.8,31,0.0,9.5,1016.9,30.4,31.2,591.0,22.7,11.7,75.0,108
2025-11-26T20:00,20.4,33,0.0,9.7,1016.7,31.7,32.6,503.0,16.3,11.1,81.0,106
2025-11-26T21:00,20.0,34,0.0,10.0,1016.3,33.3,34.3,450.0,11.6,10.9,87.0,105
2025-11-26T22:00,19.5,36,0.0,10.1,1016.0,34.6,35.7,399.0,7.9,11.1,93.0,104
2025-11-26T23:00,18.9,38,0.0,10.1,1016.0,35.5,36.7,384.0,5.8,11.7,98.0,103
2025-11-27T00:00,18.5,39,0.0,10.8,1016.4,35.0,36.2,423.0,7.9,12.1,90.0,102
2025-11-27T01:00,18.3,40,0.0,11.8,1017.0,36.0,37.1,571.0,14.2,13.4,86.0,101
2025-11-27T02:00,18.4,39,0.0,13.2,1017.8,38.6,39.8,774.0,22.7,15.2,80.0,100
2025-11-27T03:00,19.4,36,0.0,13.0,1018.2,41.1,42.3,885.0,27.0,17.1,81.0,99
2025-11-27T04:00,21.5,30,0.0,12.2,1018.7,41.7,42.6,817.0,23.3,19.2,93.0,98
2025-11-27T05:00,24.0,25,0.0,12.9,1018.7,37.1,38.3,657.0,15.6,21.3,112.0,97
2025-11-27T06:00,26.0,20,0.0,15.9,1018.3,29.0,29.9,526.0,9.2,22.1,127.0,96
2025-11-27T07:00,27.0,19,0.0,15.8,1017.5,24.5,25.6,460.0,6.0,20.4,136.0,95
2025-11-27T08:00,27.5,19,0.0,13.9,1016.7,25.1,26.4,421.0,4.2,17.4,141.0,95
2025-11-27T09:00,28.0,18,0.0,12.6,1015.7,25.4,26.7,420.0,4.2,15.2,143.0,95
2025-11-27T10:00,28.0,18,0.0,12.3,1015.3,25.8,27.2,469.0,6.4,14.7,141.0,96
2025-11-27T11:00,27.5,18,0.0,12.6,1015.3,26.7,27.9,556.0,10.3,15.0,135.0,96
2025-11-27T12:00,27.1,19,0.0,12.5,1015.2,31.2,32.0,649.0,15.4,16.1,126.0,97
2025-11-27T13:00,25.8,21,0.0,10.9,1016.0,37.5,38.1,762.0,21.4,16.9,113.0,96
2025-11-27T14:00,24.5,24,0.0,11.6,1016.9,39.9,40.5,883.0,29.4,18.0,95.0,96
2025-11-27T15:00,23.3,27,0.0,11.8,1017.5,39.5,39.9,938.0,33.5,18.9,83.0,95
2025-11-27T16:00,22.4,29,0.0,11.3,1017.7,37.8,38.4,882.0,30.4,19.4,83.0,95
2025-11-27T17:00,21.8,30,0.0,11.8,1017.9,36.3,36.8,761.0,23.4,19.7,89.0,95
2025-11-27T18:00,21.2,30,0.0,12.0,1017.8,34.5,35.0,644.0,17.0,19.8,96.0,96
2025-11-27T19:00,20.9,29,0.0,12.7,1017.4,32.6,33.2,546.0,12.5,19.6,102.0,96
2025-11-27T20:00,20.5,29,0.0,13.0,1017.2,31.3,31.9,452.0,8.7,19.1,107.0,96
2025-11-27T21:00,20.2,30,0.0,13.2,1017.2,31.1,31.5,391.0,6.0,18.8,111.0,96
2025-11-27T22:00,19.9,31,0.0,13.3,1017.0,31.4,31.9,366.0,4.3,18.7,112.0,96
2025-11-27T23:00,19.4,32,0.0,13.4,1016.9,31.9,32.5,374.0,3.7,18.7,111.0,96
2025-11-28T00:00,18.7,33,0.0,12.8,1017.3,31.5,32.2,438.0,5.8,19.0,104.0,95
2025-11-28T01:00,18.2,35,0.0,12.8,1017.6,32.2,32.9,617.0,12.2,19.7,97.0,95
2025-11-28T02:00,18.0,36,0.0,12.8,1018.3,34.6,35.4,853.0,20.7,20.6,88.0,95
2025-11-28T03:00,18.5,35,0.0,12.8,1018.7,37.5,38.3,994.0,25.4,21.6,86.0,94
2025-11-28T04:00,20.1,32,0.0,11.0,1019.0,38.6,39.6,955.0,22.7,22.9,99.0,94
2025-11-28T05:00,22.5,28,0.0,11.0,1019.0,39.1,40.5,822.0,16.1,24.2,118.0,94
2025-11-28T06:00,24.7,26,0.0,12.6,1018.9,41.2,43.0,699.0,10.6,24.5,135.0,94
2025-11-28T07:00,26.1,24,0.0,13.1,1017.7,41.1,42.8,608.0,7.3,22.7,145.0,95
2025-11-28T08:00,27.0,21,0.0,11.5,1016.7,39.0,40.7,528.0,4.9,19.9,151.0,97
2025-11-28T09:00,27.5,20,0.0,11.1,1015.6,37.7,39.6,496.0,4.8,17.9,153.0,98
2025-11-28T10:00,27.5,20,0.0,11.4,1014.9,37.4,39.2,537.0,7.9,17.8,149.0,99
2025-11-28T11:00,27.0,21,0.0,11.9,1014.9,38.0,39.7,626.0,13.2,18.5,140.0,100
2025-11-28T12:00,26.5,22,0.0,11.9,1014.6,34.0,34.9,730.0,19.0,19.8,128.0,101
2025-11-28T13:00,25.4,24,0.0,10.3,1015.4,41.6,42.3,864.0,25.9,20.0,112.0,105
2025-11-28T14:00,24.1,27,0.0,10.0,1016.0,43.8,44.4,1012.0,35.2,20.2,91.0,103
2025-11-28T15:00,22.9,31,0.0,11.0,1016.5,43.5,44.1,1094.0,40.1,20.6,77.0,102
2025-11-28T16:00,22.0,35,0.0,10.5,1016.8,43.7,44.2,1066.0,36.7,21.2,77.0,103
2025-11-28T17:00,21.2,38,0.0,10.0,1016.7,44.0,44.8,972.0,29.0,21.9,85.0,103
2025-11-28T18:00,20.4,39,0.0,10.2,1016.6,44.2,45.1,868.0,21.9,22.2,93.0,104
2025-11-28T19:00,20.2,39,0.0,10.1,1016.2,43.3,44.1,760.0,16.8,21.9,98.0,105
2025-11-28T20:00,20.0,39,0.0,10.4,1016.0,41.9,42.7,643.0,12.3,21.2,103.0,106
2025-11-28T21:00,19.5,40,0.0,10.8,1015.9,40.7,41.6,556.0,9.0,20.8,107.0,107
2025-11-28T22:00,19.0,40,0.0,11.0,1015.7,39.7,40.5,500.0,6.4,20.7,109.0,108
2025-11-28T23:00,18.5,41,0.0,11.5,1015.5,39.0,39.8,474.0,5.0,20.7,109.0,109
2025-11-29T00:00,17.9,43,0.0,12.0,1015.9,39.2,40.0,514.0,6.8,20.9,104.0,110
2025-11-29T01:00,17.5,43,0.0,12.0,1016.2,39.7,40.5,686.0,14.7,22.0,95.0,111
2025-11-29T02:00,17.4,42,0.0,12.0,1016.7,42.5,43.4,924.0,25.3,23.5,83.0,112
2025-11-29T03:00,18.0,40,0.0,11.8,1017.2,46.3,47.1,1061.0,31.1,25.2,81.0,112
2025-11-29T04:00,19.8,36,0.0,9.7,1017.7,47.3,48.1,1002.0,27.5,27.5,97.0,113
2025-11-29T05:00,22.5,30,0.0,8.9,1017.8,45.8,46.9,843.0,19.2,30.0,122.0,114
2025-11-29T06:00,24.9,27,0.0,9.8,1017.6,45.5,47.0,701.0,12.2,31.1,142.0,115
2025-11-29T07:00,26.2,22,0.0,9.3,1016.5,44.6,46.4,603.0,8.3,29.4,154.0,115
2025-11-29T08:00,27.1,20,0.0,7.9,1015.4,42.3,44.1,523.0,5.7,26.2,161.0,116
2025-11-29T09:00,27.5,19,0.0,8.1,1014.2,40.9,42.7,499.0,5.7,23.9,163.0,116
2025-11-29T10:00,27.6,19,0.0,7.8,1013.9,40.3,42.0,553.0,8.8,23.7,159.0,116
2025-11-29T11:00,27.2,19,0.0,7.9,1013.8,40.7,42.4,663.0,14.4,24.4,150.0,117
2025-11-29T12:00,26.5,20,0.0,8.8,1013.6,25.4,25.8,799.0,19.2,24.6,139.0,117
2025-11-29T13:00,25.5,23,0.0,8.8,1013.8,37.8,38.2,996.0,29.3,23.9,118.0,120
2025-11-29T14:00,24.6,25,0.0,9.9,1014.4,40.3,40.5,1220.0,42.9,22.9,90.0,119
2025-11-29T15:00,23.5,28,0.0,10.3,1014.8,38.8,39.0,1338.0,49.9,22.0,72.0,115
2025-11-29T16:00,22.1,32,0.0,10.5,1015.0,38.4,38.9,1266.0,44.3,21.4,73.0,115
2025-11-29T17:00,21.0,36,0.0,10.5,1015.2,39.1,39.6,1088.0,32.2,20.8,83.0,114
2025-11-29T18:00,20.0,40,0.0,10.3,1015.5,39.2,39.8,923.0,22.0,20.4,91.0,114
2025-11-29T19:00,19.4,43,0.0,9.7,1015.2,38.4,38.9,808.0,17.0,20.1,93.0,113
2025-11-29T20:00,18.5,45,0.0,9.9,1015.1,36.8,37.4,707.0,14.1,19.8,93.0,113
2025-11-29T21:00,18.0,47,0.0,10.4,1014.8,35.5,36.1,626.0,11.9,19.7,92.0,112
2025-11-29T22:00,17.5,48,0.0,10.5,1014.5,34.6,35.2,546.0,9.4,19.5,92.0,112
2025-11-29T23:00,17.2,48,0.0,10.9,1014.6,34.0,34.6,486.0,7.8,19.5,92.0,111
2025-11-30T00:00,16.6,47,0.0,11.2,1014.5,34.1,34.7,514.0,10.0,19.3,86.0,111
2025-11-30T01:00,16.1,47,0.0,11.2,1014.9,34.7,35.3,714.0,19.9,20.4,76.0,110
2025-11-30T02:00,16.0,47,0.0,10.8,1015.7,38.4,39.0,1001.0,33.1,22.1,62.0,110
2025-11-30T03:00,16.7,44,0.0,10.2,1016.3,43.9,44.5,1186.0,40.0,24.1,61.0,109
2025-11-30T04:00,18.6,39,0.0,8.5,1017.0,49.1,49.6,1182.0,34.7,26.9,82.0,109
2025-11-30T05:00,21.9,32,0.0,6.6,1017.2,46.3,47.1,1077.0,23.0,30.0,115.0,109
2025-11-30T06:00,24.9,25,0.0,6.1,1016.9,36.9,38.1,946.0,13.7,32.5,141.0,109
2025-11-30T07:00,26.4,19,0.0,6.0,1015.7,30.7,31.7,770.0,9.3,33.7,153.0,108
2025-11-30T08:00,27.5,16,0.0,6.0,1014.4,27.9,28.8,568.0,7.1,34.3,158.0,107
2025-11-30T09:00,28.0,15,0.0,4.0,1013.4,26.6,27.5,469.0,7.7,34.8,157.0,105
2025-11-30T10:00,28.1,15,0.0,1.0,1012.7,26.1,27.0,564.0,10.4,35.5,152.0,104
2025-11-30T11:00,27.8,17,0.0,4.6,1012.5,25.7,26.5,762.0,15.9,36.0,142.0,102
2025-11-30T12:00,26.9,21,0.0,6.5,1012.5,22.4,22.4,925.0,25.1,36.5,127.0,101
2025-11-30T13:00,24.9,28,0.0,9.3,1012.8,38.0,38.1,965.0,44.1,35.3,99.0,110
2025-11-30T14:00,23.4,35,0.0,8.1,1013.6,39.5,39.6,969.0,70.0,33.5,60.0,107
2025-11-30T15:00,22.4,41,0.0,7.3,1014.1,38.1,38.1,1059.0,88.1,31.9,30.0,100
2025-11-30T16:00,21.8,46,0.0,7.5,1014.5,38.3,38.4,1379.0,91.0,30.9,19.0,100
2025-11-30T17:00,21.5,50,0.0,6.7,1014.7,39.9,40.2,1783.0,86.1,30.1,18.0,100
2025-11-30T18:00,20.5,55,0.0,5.4,1014.9,41.6,41.8,1961.0,80.2,28.7,17.0,100
2025-11-30T19:00,19.5,58,0.0,7.0,1014.7,42.6,42.7,1704.0,75.9,25.9,13.0,101
2025-11-30T20:00,19.0,59,0.0,7.6,1014.5,42.3,42.5,1220.0,70.7,22.4,11.0,101
2025-11-30T21:00,18.4,63,0.0,7.9,1014.4,41.6,41.8,817.0,63.7,19.9,12.0,102
2025-11-30T22:00,17.9,66,0.0,7.2,1013.9,38.9,39.2,545.0,51.8,19.0,21.0,102
2025-11-30T23:00,17.7,69,0.0,6.5,1013.9,33.5,33.9,354.0,38.2,18.9,35.0,103
2025-12-01T00:00,17.5,64,0.0,6.7,1013.8,28.6,29.3,404.0,30.9,19.3,44.0,103
2025-12-01T01:00,16.6,69,0.0,6.7,1014.0,27.2,28.2,945.0,40.2,20.3,34.0,102
2025-12-01T02:00,16.0,72,0.0,6.0,1014.6,32.8,34.0,1727.0,52.4,21.7,21.0,101
2025-12-01T03:00,16.2,72,0.0,6.3,1015.2,44.4,45.5,2159.0,57.1,23.2,20.0,101
2025-12-01T04:00,18.9,63,0.0,4.4,1015.5,37.6,39.5,1893.0,47.0,24.9,43.0,101
2025-12-01T05:00,22.3,50,0.0,4.3,1015.7,28.3,33.1,1278.0,29.5,26.7,79.0,100
2025-12-01T06:00,25.1,35,0.0,7.2,1015.2,22.5,31.1,764.0,15.5,27.8,106.0,98
2025-12-01T07:00,26.4,28,0.0,8.8,1014.5,20.0,29.6,507.0,9.4,27.7,118.0,97
2025-12-01T08:00,27.0,24,0.0,10.3,1013.5,18.9,28.5,351.0,7.0,26.9,121.0,96
2025-12-01T09:00,27.1,20,0.0,10.6,1012.4,18.0,27.8,286.0,6.6,26.2,121.0,95
2025-12-01T10:00,27.1,17,0.0,10.1,1011.9,17.6,27.9,311.0,6.6,26.1,120.0,94
2025-12-01T11:00,26.6,17,0.0,9.9,1011.8,17.4,27.9,426.0,8.7,26.1,114.0,93
2025-12-01T12:00,25.5,17,0.0,9.5,1011.6,16.0,24.6,618.0,15.7,24.9,102.0,93
2025-12-01T13:00,23.7,29,0.0,8.8,1012.2,25.8,32.1,929.0,32.5,24.0,78.0,92
2025-12-01T14:00,22.5,41,0.0,6.9,1012.8,30.3,36.1,1317.0,55.7,22.9,45.0,91
2025-12-01T15:00,21.6,48,0.0,5.8,1013.3,31.7,37.4,1646.0,73.0,22.0,21.0,90
2025-12-01T16:00,21.2,50,0.0,3.3,1013.8,32.9,38.9,1900.0,79.6,22.0,12.0,90
2025-12-01T17:00,20.5,58,0.0,1.2,1013.9,35.0,41.9,2096.0,80.4,22.4,12.0,89
2025-12-01T18:00,19.5,53,0.0,5.7,1014.4,37.5,45.9,2146.0,77.0,22.1,15.0,89
2025-12-01T19:00,18.5,56,0.0,3.4,1014.1,35.4,44.5,1977.0,67.7,20.6,23.0,88
2025-12-01T20:00,18.2,56,0.0,2.8,1013.7,32.7,41.6,1662.0,54.4,18.5,34.0,88
2025-12-01T21:00,18.0,55,0.0,7.2,1013.6,31.9,41.1,1338.0,44.4,16.6,39.0,87
2025-12-01T22:00,17.4,52,0.0,7.4,1013.2,32.4,41.2,982.0,41.0,14.7,33.0,86
2025-12-01T23:00,17.1,44,0.0,8.1,1013.1,31.2,37.6,615.0,41.0,13.0,21.0,85
2025-12-02T00:00,16.2,49,0.0,8.0,1013.3,33.4,39.2,441.0,45.6,15.5,13.0,85
2025-12-02T01:00,15.6,47,0.0,8.0,1013.8,31.9,36.1,629.0,46.8,16.3,9.0,86
2025-12-02T02:00,15.1,47,0.0,8.1,1014.7,36.7,40.5,1009.0,48.3,17.7,5.0,86
2025-12-02T03:00,15.6,45,0.0,8.6,1015.4,44.9,47.6,1274.0,47.2,21.3,12.0,86
2025-12-02T04:00,17.9,40,0.0,8.1,1016.0,40.6,43.9,1289.0,41.6,29.1,38.0,87
2025-12-02T05:00,21.1,32,0.0,4.6,1016.3,33.9,40.0,1189.0,33.6,39.2,74.0,87
2025-12-02T06:00,23.5,29,0.0,3.1,1016.0,30.9,42.7,1067.0,26.3,46.9,105.0,87
2025-12-02T07:00,24.8,32,0.0,3.6,1014.9,29.8,48.3,918.0,20.5,50.3,125.0,88
2025-12-02T08:00,25.5,32,0.0,4.1,1013.6,30.3,51.2,747.0,15.6,51.4,139.0,89
2025-12-02T09:00,26.1,31,0.0,4.9,1012.5,30.5,49.6,661.0,12.8,51.6,148.0,90
2025-12-02T10:00,26.1,32,0.0,6.6,1012.0,31.0,48.1,666.0,10.3,51.1,156.0,91
2025-12-02T11:00,25.5,37,0.0,8.1,1011.7,31.5,47.1,756.0,10.0,49.7,159.0,92
2025-12-02T12:00,24.1,43,0.0,7.6,1012.2,29.5,44.1,1022.0,18.0,52.6,151.0,93
2025-12-02T13:00,23.4,46,0.0,4.3,1012.6,49.2,61.7,1707.0,48.1,52.5,111.0,95
2025-12-02T14:00,22.9,49,0.0,3.3,1013.4,60.5,70.8,2568.0,89.0,52.1,56.0,99
2025-12-02T15:00,22.2,51,0.0,5.1,1014.2,64.5,72.6,2966.0,116.3,50.6,17.0,99
2025-12-02T16:00,21.2,53,0.0,8.0,1015.0,68.0,74.7,2460.0,118.2,47.6,7.0,103
2025-12-02T17:00,20.6,43,0.0,8.5,1015.4,65.7,70.5,1491.0,106.4,43.4,12.0,106
2025-12-02T18:00,19.9,34,0.0,7.6,1015.8,54.4,56.9,739.0,91.3,38.2,20.0,110
2025-12-02T19:00,19.4,34,0.0,8.2,1015.4,44.4,45.9,494.0,74.2,31.0,30.0,111
2025-12-02T20:00,18.6,37,0.0,9.1,1015.1,37.0,38.1,465.0,53.8,22.7,43.0,112
2025-12-02T21:00,17.6,41,0.0,10.0,1015.0,32.0,32.9,461.0,36.6,16.3,55.0,113
2025-12-02T22:00,17.0,43,0.0,10.0,1014.9,27.9,29.0,394.0,24.0,13.2,64.0,113
2025-12-02T23:00,16.8,43,0.0,9.6,1015.3,24.3,25.5,351.0,14.6,12.0,71.0,112
2025-12-03T00:00,16.6,41,0.0,9.7,1015.5,23.6,24.7,406.0,12.8,11.8,64.0,112
2025-12-03T01:00,16.1,42,0.0,10.0,1016.0,22.2,23.4,657.0,21.5,12.7,56.0,111
2025-12-03T02:00,15.9,42,0.0,9.5,1017.0,24.3,25.6,1006.0,33.2,14.0,46.0,110
2025-12-03T03:00,16.1,40,0.0,9.8,1017.8,28.3,29.5,1226.0,39.1,15.2,46.0,108
2025-12-03T04:00,18.0,36,0.0,8.7,1018.4,31.2,32.0,1207.0,33.8,16.2,67.0,106
2025-12-03T05:00,21.0,29,0.0,6.5,1018.9,26.1,27.6,1059.0,22.8,17.1,98.0,106
2025-12-03T06:00,24.1,22,0.0,6.9,1018.7,21.8,24.0,887.0,13.7,17.5,123.0,105
2025-12-03T07:00,26.1,16,0.0,9.4,1017.7,19.2,21.6,688.0,9.3,17.0,135.0,104
2025-12-03T08:00,27.1,13,0.0,9.6,1016.6,18.0,20.4,464.0,6.8,16.0,140.0,103
2025-12-03T09:00,27.5,12,0.0,10.1,1015.8,17.5,19.6,335.0,6.0,15.2,142.0,101
2025-12-03T10:00,27.5,12,0.0,10.3,1015.3,17.0,19.0,373.0,6.9,14.8,140.0,100
2025-12-03T11:00,27.0,12,0.0,11.0,1015.4,16.9,18.7,505.0,9.5,14.7,135.0,99
2025-12-03T12:00,26.2,13,0.0,10.8,1015.4,18.6,20.2,627.0,12.9,14.7,124.0,97
2025-12-03T13:00,25.1,14,0.0,11.0,1016.0,25.6,26.7,719.0,18.6,14.6,109.0,97
2025-12-03T14:00,24.0,16,0.0,11.8,1016.7,27.6,28.6,800.0,26.2,14.5,89.0,94
2025-12-03T15:00,22.5,20,0.0,11.8,1017.4,27.5,28.6,829.0,30.9,14.4,74.0,91
2025-12-03T16:00,21.1,23,0.0,12.0,1017.8,28.3,29.6,770.0,30.0,14.4,68.0,88
2025-12-03T17:00,20.4,27,0.0,12.0,1018.0,29.4,30.9,658.0,26.0,14.5,68.0,85
2025-12-03T18:00,19.7,30,0.0,12.3,1018.3,29.8,31.3,555.0,21.7,14.4,69.0,81
2025-12-03T19:00,19.3,31,0.0,11.9,1017.9,29.4,31.1,475.0,17.5,13.9,73.0,79
2025-12-03T20:00,19.0,32,0.0,11.6,1017.7,28.8,30.5,404.0,13.0,13.3,78.0,78
2025-12-03T21:00,18.6,32,0.0,11.1,1017.6,28.5,30.2,356.0,9.5,13.0,83.0,77
2025-12-03T22:00,18.2,33,0.0,10.9,1017.1,28.2,29.9,321.0,7.0,13.3,86.0,77
2025-12-03T23:00,17.9,33,0.0,11.0,1017.4,28.0,29.6,310.0,5.5,13.9,87.0,77
2025-12-04T00:00,17.9,33,0.0,10.6,1017.5,28.1,29.6,370.0,6.9,14.5,84.0,77
2025-12-04T01:00,17.6,33,0.0,10.6,1017.8,28.4,29.8,578.0,12.8,15.9,78.0,78
2025-12-04T02:00,17.5,33,0.0,10.7,1018.6,30.4,31.5,857.0,20.8,17.8,70.0,78
2025-12-04T03:00,18.0,33,0.0,11.3,1019.1,32.6,33.6,1023.0,25.1,19.4,69.0,79
2025-12-04T04:00,20.0,29,0.0,10.3,1019.7,33.1,33.9,974.0,22.2,20.6,80.0,79
2025-12-04T05:00,22.8,25,0.0,9.0,1019.9,30.0,30.9,812.0,15.6,21.4,97.0,79
2025-12-04T06:00,25.2,22,0.0,9.6,1019.6,24.8,25.4,665.0,10.2,21.7,113.0,80
2025-12-04T07:00,26.8,19,0.0,10.8,1018.7,21.5,21.9,554.0,7.4,20.9,125.0,80
2025-12-04T08:00,27.5,19,0.0,9.0,1017.9,20.4,20.8,457.0,5.7,19.4,135.0,80
2025-12-04T09:00,27.9,18,0.0,6.6,1017.0,20.3,20.7,436.0,5.4,18.4,140.0,80
2025-12-04T10:00,27.9,18,0.0,5.3,1016.2,20.4,20.8,529.0,5.9,18.4,140.0,81
2025-12-04T11:00,27.6,18,0.0,5.8,1015.9,20.3,20.7,697.0,7.9,18.9,135.0,81
2025-12-04T12:00,27.0,19,0.0,6.1,1016.0,15.6,15.7,883.0,13.8,21.4,124.0,81
2025-12-04T13:00,25.9,22,0.0,6.1,1016.5,27.5,27.6,1120.0,29.0,20.7,99.0,81
2025-12-04T14:00,24.9,23,0.0,5.7,1017.0,30.5,30.5,1376.0,49.4,19.6,64.0,82
2025-12-04T15:00,23.6,25,0.0,4.6,1017.7,27.4,27.4,1495.0,61.1,18.3,41.0,81
2025-12-04T16:00,22.5,27,0.0,4.9,1018.0,24.3,24.3,1371.0,55.6,16.6,42.0,81
2025-12-04T17:00,21.5,29,0.0,6.2,1018.2,22.3,22.3,1110.0,41.3,14.8,54.0,81
2025-12-04T18:00,20.5,31,0.0,7.3,1018.4,21.4,21.5,881.0,29.2,13.3,64.0,80
2025-12-04T19:00,19.4,33,0.0,8.0,1018.2,20.9,21.0,741.0,23.2,12.5,66.0,80
2025-12-04T20:00,18.6,35,0.0,8.0,1018.2,20.0,20.1,632.0,19.3,12.1,66.0,79
2025-12-04T21:00,18.0,36,0.0,8.1,1017.9,19.0,19.2,547.0,16.5,11.9,65.0,78
2025-12-04T22:00,17.2,38,0.0,8.5,1017.5,18.2,18.3,447.0,13.7,11.7,64.0,77
2025-12-04T23:00,16.6,40,0.0,8.0,1017.7,17.4,17.6,372.0,12.0,11.7,61.0,76
2025-12-05T00:00,16.1,43,0.0,7.1,1017.6,17.6,17.7,432.0,14.5,11.5,53.0,75
2025-12-05T01:00,15.5,46,0.0,7.3,1018.2,18.4,18.5,762.0,24.6,12.8,40.0,74
2025-12-05T02:00,15.1,47,0.0,8.1,1018.9,23.4,23.6,1227.0,38.1,14.7,24.0,74
2025-12-05T03:00,15.6,45,0.0,8.0,1019.3,31.3,31.4,1540.0,45.2,17.4,21.0,73
2025-12-05T04:00,18.1,38,0.0,6.9,1019.8,30.3,30.4,1570.0,39.9,21.6,45.0,73
2025-12-05T05:00,21.6,29,0.0,6.1,1020.4,26.3,26.5,1447.0,28.2,26.5,82.0,73
2025-12-05T06:00,25.0,22,0.0,4.3,1020.1,17.8,18.0,1275.0,18.3,29.7,113.0,72
2025-12-05T07:00,26.6,19,0.0,4.4,1019.4,18.5,18.7,1019.0,12.9,29.9,131.0,72
2025-12-05T08:00,27.6,17,0.0,4.2,1018.4,18.7,19.0,713.0,9.4,28.3,143.0,71
2025-12-05T09:00,28.1,16,0.0,3.1,1017.4,18.0,18.4,562.0,7.9,26.4,149.0,71
2025-12-05T10:00,28.2,16,0.0,2.8,1016.6,17.0,17.4,659.0,6.9,24.3,150.0,71
2025-12-05T11:00,28.1,17,0.0,3.1,1016.4,16.0,16.4,911.0,7.9,21.9,144.0,71
2025-12-05T12:00,26.9,26,0.0,5.0,1016.6,15.9,16.2,1241.0,15.8,21.1,126.0,70
2025-12-05T13:00,24.8,40,0.0,8.1,1017.3,30.4,30.6,1769.0,33.9,19.9,98.0,87
2025-12-05T14:00,23.7,42,0.0,7.9,1017.8,36.4,36.6,2375.0,58.3,18.3,59.0,91
2025-12-05T15:00,23.2,42,0.0,5.0,1018.5,28.4,28.5,2623.0,71.9,16.6,34.0,79
2025-12-05T16:00,22.5,38,0.0,6.4,1018.9,23.9,23.9,2190.0,64.6,14.9,35.0,71
2025-12-05T17:00,22.2,30,0.0,9.2,1019.1,22.7,22.8,1398.0,46.6,13.1,50.0,71
2025-12-05T18:00,21.2,32,0.0,9.8,1019.2,22.6,22.7,780.0,31.2,11.8,62.0,71
2025-12-05T19:00,20.6,33,0.0,10.9,1018.6,22.3,22.4,563.0,23.5,11.1,65.0,71
2025-12-05T20:00,20.2,35,0.0,10.4,1018.4,21.1,21.2,519.0,18.4,10.8,66.0,71
2025-12-05T21:00,20.0,36,0.0,10.3,1018.1,19.4,19.6,495.0,14.6,10.7,67.0,72
2025-12-05T22:00,19.9,37,0.0,9.7,1017.7,17.6,17.8,412.0,11.0,10.5,69.0,72
2025-12-05T23:00,19.4,38,0.0,9.3,1017.8,16.2,16.4,348.0,8.7,10.4,72.0,72
2025-12-06T00:00,19.0,39,0.0,9.3,1018.3,16.4,16.5,391.0,10.2,10.6,68.0,71
2025-12-06T01:00,18.3,39,0.0,9.4,1018.7,16.4,16.5,648.0,17.2,11.5,62.0,71
2025-12-06T02:00,17.9,40,0.0,9.7,1019.4,19.0,19.2,1011.0,26.7,12.9,54.0,71
2025-12-06T03:00,18.1,37,0.0,10.4,1020.0,22.8,23.1,1239.0,32.3,14.0,52.0,71
2025-12-06T04:00,20.0,32,0.0,10.7,1020.4,26.2,26.4,1210.0,30.5,14.7,60.0,70
2025-12-06T05:00,23.0,26,0.0,9.5,1020.3,24.7,24.9,1046.0,24.7,15.1,74.0,70
2025-12-06T06:00,25.4,22,0.0,8.6,1020.2,21.4,21.7,873.0,19.1,15.8,89.0,70
2025-12-06T07:00,26.5,19,0.0,10.5,1019.4,16.9,17.1,704.0,14.1,17.1,105.0,70
2025-12-06T08:00,27.6,18,0.0,11.9,1018.4,17.4,17.5,527.0,9.2,18.5,120.0,70
2025-12-06T09:00,28.0,18,0.0,11.4,1017.7,18.6,18.7,428.0,7.0,19.4,130.0,70
2025-12-06T10:00,28.0,19,0.0,10.3,1017.1,19.2,19.4,460.0,9.4,19.2,129.0,70
2025-12-06T11:00,27.8,19,0.0,9.7,1016.8,19.6,19.8,571.0,14.5,18.4,122.0,70
2025-12-06T12:00,27.5,19,0.0,9.2,1016.7,30.5,30.7,690.0,22.3,19.9,109.0,70
2025-12-06T13:00,26.2,20,0.0,9.4,1016.9,38.4,38.6,822.0,28.4,18.8,95.0,71
2025-12-06T14:00,25.3,21,0.0,10.4,1017.5,39.8,40.0,962.0,36.5,17.4,76.0,72
2025-12-06T15:00,23.9,23,0.0,11.1,1017.7,38.3,38.5,1022.0,40.6,16.1,63.0,72
2025-12-06T16:00,22.5,26,0.0,10.5,1018.0,37.7,38.0,939.0,37.0,15.4,61.0,73
2025-12-06T17:00,21.6,28,0.0,10.2,1018.3,38.9,39.1,775.0,29.4,14.9,64.0,75
2025-12-06T18:00,20.8,29,0.0,10.0,1018.4,41.2,41.6,632.0,22.8,14.4,66.0,76
2025-12-06T19:00,20.3,29,0.0,9.8,1018.2,43.3,43.8,544.0,19.2,13.8,65.0,78
2025-12-06T20:00,19.9,29,0.0,9.7,1018.0,45.1,45.4,476.0,16.7,13.1,64.0,80
2025-12-06T21:00,19.5,30,0.0,9.1,1017.9,46.2,46.7,429.0,14.6,12.7,63.0,82
2025-12-06T22:00,19.0,32,0.0,9.1,1018.0,46.9,47.5,378.0,12.0,12.5,63.0,84
2025-12-06T23:00,18.7,33,0.0,9.2,1018.1,47.3,47.8,347.0,9.9,12.6,64.0,87
2025-12-07T00:00,18.4,33,0.0,9.2,1018.1,47.3,47.8,410.0,11.6,12.9,59.0,89
2025-12-07T01:00,17.7,34,0.0,9.1,1018.3,47.8,48.4,656.0,19.4,14.0,51.0,92
2025-12-07T02:00,17.0,37,0.0,9.4,1018.8,51.0,51.6,996.0,30.0,15.5,41.0,95
2025-12-07T03:00,17.2,37,0.0,9.3,1019.6,56.0,56.6,1229.0,35.9,17.0,40.0,98
2025-12-07T04:00,19.0,33,0.0,7.8,1019.9,59.4,59.8,1269.0,33.0,18.2,55.0,101
2025-12-07T05:00,22.0,28,0.0,6.0,1020.0,57.4,58.0,1203.0,25.4,19.4,78.0,104
2025-12-07T06:00,25.0,22,0.0,5.5,1019.9,52.6,53.2,1091.0,18.6,20.5,99.0,108
2025-12-07T07:00,27.0,17,0.0,4.4,1019.1,39.5,39.8,901.0,13.4,21.5,114.0,111
2025-12-07T08:00,28.0,17,0.0,2.9,1017.7,31.4,31.7,666.0,8.9,22.4,126.0,113
2025-12-07T09:00,28.5,17,0.0,1.3,1016.8,28.6,28.9,538.0,7.6,23.5,133.0,115
2025-12-07T10:00,28.6,17,0.0,2.4,1016.2,27.9,28.1,603.0,9.1,24.8,134.0,116
2025-12-07T11:00,28.4,17,0.0,3.6,1016.0,28.1,28.2,776.0,13.8,26.2,130.0,117
2025-12-07T12:00,27.1,26,0.0,6.7,1015.9,20.7,20.7,958.0,22.7,27.7,120.0,118
2025-12-07T13:00,25.3,27,0.0,9.0,1016.4,44.1,44.1,1132.0,46.1,31.9,90.0,117
2025-12-07T14:00,24.1,29,0.0,8.8,1017.0,57.9,58.0,1315.0,77.9,37.4,48.0,117
2025-12-07T15:00,23.4,31,0.0,7.5,1017.4,64.3,64.3,1462.0,98.8,39.8,18.0,119
2025-12-07T16:00,22.9,31,0.0,7.0,1017.7,59.5,59.5,1584.0,99.1,36.5,10.0,122
2025-12-07T17:00,22.0,32,0.0,7.6,1017.8,49.9,49.9,1670.0,88.4,30.1,14.0,124
2025-12-07T18:00,20.8,33,0.0,7.1,1018.0,42.4,42.4,1641.0,76.6,24.3,19.0,125
2025-12-07T19:00,19.9,34,0.0,7.0,1017.7,39.2,39.2,1413.0,66.2,20.3,23.0,125
2025-12-07T20:00,19.0,36,0.0,7.9,1017.8,38.1,38.1,1071.0,54.6,16.9,29.0,125
2025-12-07T21:00,18.2,38,0.0,8.1,1017.4,37.5,37.6,788.0,43.6,14.4,35.0,124
2025-12-07T22:00,17.6,40,0.0,8.3,1017.5,36.6,36.7,599.0,32.2,13.1,42.0,123
2025-12-07T23:00,17.4,41,0.0,8.0,1017.5,35.5,35.7,469.0,21.5,12.8,49.0,122
2025-12-08T00:00,17.0,42,0.0,8.7,1017.6,34.2,34.3,469.0,14.6,12.6,53.0,121
2025-12-08T01:00,16.6,42,0.0,9.7,1018.0,34.3,34.6,702.0,22.3,13.8,44.0,120
2025-12-08T02:00,16.4,43,0.0,9.4,1018.9,37.7,38.1,1066.0,32.6,15.6,32.0,118
2025-12-08T03:00,16.6,42,0.0,8.9,1019.5,43.4,43.7,1322.0,38.5,17.1,31.0,117
2025-12-08T04:00,18.4,37,0.0,7.9,1020.5,43.9,44.4,1377.0,36.2,18.3,49.0,115
2025-12-08T05:00,21.4,30,0.0,5.7,1020.8,43.3,43.9,1324.0,29.6,19.4,77.0,114
2025-12-08T06:00,24.9,23,0.0,5.2,1020.2,33.6,34.6,1208.0,22.9,19.9,102.0,112
2025-12-08T07:00,27.4,20,0.0,4.8,1019.2,21.7,22.3,980.0,16.5,19.6,120.0,110
2025-12-08T08:00,28.9,17,0.0,3.8,1018.1,17.7,18.2,689.0,10.0,18.9,135.0,109
2025-12-08T09:00,29.5,15,0.0,3.2,1017.2,16.3,16.8,518.0,6.8,18.1,142.0,107
2025-12-08T10:00,29.8,14,0.0,4.4,1016.9,15.5,15.9,574.0,8.4,17.4,139.0,106
2025-12-08T11:00,29.5,13,0.0,3.1,1016.9,15.5,16.0,750.0,13.4,16.7,127.0,105
2025-12-08T12:00,28.4,16,0.0,2.0,1017.3,16.6,16.7,916.0,21.6,18.5,114.0,103
2025-12-08T13:00,26.9,22,0.0,2.1,1017.6,26.8,26.9,1053.0,35.0,18.2,92.0,103
2025-12-08T14:00,26.5,19,0.0,6.6,1018.1,29.5,29.5,1179.0,53.0,17.8,63.0,101
2025-12-08T15:00,25.6,20,0.0,9.9,1018.4,25.4,25.5,1215.0,62.5,17.2,44.0,98
2025-12-08T16:00,23.7,27,0.0,10.1,1018.6,24.4,24.6,1095.0,55.6,16.3,45.0,95
2025-12-08T17:00,22.5,30,0.0,10.1,1018.5,25.1,25.4,885.0,40.3,15.2,57.0,92
2025-12-08T18:00,21.5,33,0.0,9.8,1018.5,26.4,27.0,699.0,27.5,14.2,66.0,90
2025-12-08T19:00,20.8,34,0.0,10.4,1018.1,27.3,28.1,577.0,21.5,13.1,67.0,88
2025-12-08T20:00,20.4,35,0.0,10.3,1017.5,27.1,28.2,479.0,18.0,12.1,66.0,87
2025-12-08T21:00,20.0,35,0.0,9.6,1017.4,26.3,27.6,405.0,15.4,11.4,65.0,86
2025-12-08T22:00,19.6,36,0.0,9.1,1017.2,25.2,26.9,322.0,12.4,11.1,66.0,85
2025-12-08T23:00,18.6,38,0.0,8.8,1017.3,24.2,26.1,263.0,10.3,11.1,67.0,84
2025-12-09T00:00,17.8,38,0.0,9.2,1017.5,23.3,25.1,322.0,12.3,11.3,60.0,83
2025-12-09T01:00,17.5,38,0.0,9.0,1017.8,23.3,25.3,599.0,20.1,12.6,50.0,82
2025-12-09T02:00,17.1,39,0.0,8.1,1018.4,25.9,28.2,994.0,30.8,14.4,37.0,81
2025-12-09T03:00,17.1,39,0.0,7.6,1018.8,31.5,34.0,1309.0,37.7,16.5,35.0,80
2025-12-09T04:00,19.0,36,0.0,5.7,1019.4,36.8,38.9,1497.0,37.9,18.5,51.0,79
2025-12-09T05:00,21.9,30,0.0,3.1,1020.0,38.4,41.1,1603.0,34.3,20.8,78.0,78
2025-12-09T06:00,25.5,24,0.0,1.4,1019.7,31.1,35.4,1567.0,29.4,23.4,102.0,78
2025-12-09T07:00,27.8,19,0.0,1.3,1019.0,23.5,26.7,1253.0,22.2,27.0,122.0,78
2025-12-09T08:00,29.0,16,0.0,0.7,1018.0,18.6,20.4,797.0,13.6,31.0,140.0,78
2025-12-09T09:00,29.5,15,0.0,3.1,1017.0,16.8,18.3,536.0,9.0,33.7,150.0,78
2025-12-09T10:00,29.5,18,0.0,6.5,1016.3,16.2,17.6,633.0,9.6,34.3,150.0,78
2025-12-09T11:00,28.5,29,0.0,8.6,1016.2,16.5,17.8,926.0,14.2,33.5,142.0,78
2025-12-09T12:00,27.0,36,0.0,7.7,1016.2,12.8,12.8,1269.0,18.7,36.2,138.0,78
2025-12-09T13:00,25.8,38,0.0,6.0,1016.6,27.5,27.5,1661.0,39.9,34.3,103.0,84
2025-12-09T14:00,24.9,35,0.0,6.2,1017.3,32.0,32.0,2102.0,68.8,31.7,55.0,89
2025-12-09T15:00,23.5,36,0.0,6.0,1017.7,34.0,34.1,2449.0,88.7,30.4,19.0,79
2025-12-09T16:00,22.6,36,0.0,3.8,1017.6,37.8,38.0,2685.0,90.9,32.4,8.0,79
2025-12-09T17:00,22.0,37,0.0,3.8,1017.5,43.3,43.5,2828.0,84.1,35.6,10.0,80
2025-12-09T18:00,20.5,43,0.0,3.3,1017.7,47.6,47.8,2784.0,76.8,36.2,13.0,82
2025-12-09T19:00,20.8,38,0.0,3.9,1017.6,46.4,46.7,2450.0,71.7,31.5,12.0,84
2025-12-09T20:00,20.0,36,0.0,4.6,1017.4,44.7,45.2,1930.0,66.1,24.2,12.0,85
2025-12-09T21:00,18.5,36,0.0,6.4,1017.4,40.4,40.9,1440.0,61.3,18.2,12.0,87
2025-12-09T22:00,17.5,37,0.0,6.4,1017.0,35.3,35.5,971.0,57.7,14.9,11.0,88
2025-12-09T23:00,16.9,38,0.0,6.3,1017.0,30.6,30.7,534.0,54.9,13.0,11.0,89
2025-12-10T00:00,16.2,42,0.0,4.9,1017.1,23.6,23.7,373.0,53.9,14.6,11.0,90
2025-12-10T01:00,15.1,46,0.0,5.9,1017.5,23.3,23.4,726.0,51.4,14.5,6.0,90
2025-12-10T02:00,14.2,48,0.0,6.7,1018.1,28.9,29.0,1355.0,47.9,14.8,2.0,90
2025-12-10T03:00,14.9,46,0.0,7.0,1018.8,41.7,41.9,1801.0,44.5,18.7,8.0,90
2025-12-10T04:00,18.2,35,0.0,5.0,1019.1,39.9,40.0,1876.0,42.3,29.5,35.0,91
2025-12-10T05:00,22.2,28,0.0,4.2,1019.1,28.8,28.8,1766.0,40.1,43.9,74.0,91
2025-12-10T06:00,25.4,25,0.0,1.0,1018.9,21.8,21.9,1572.0,36.1,54.5,107.0,90
2025-12-10T07:00,27.4,22,0.0,2.3,1018.1,20.9,21.0,1262.0,27.4,58.2,131.0,89
2025-12-10T08:00,28.2,21,0.0,6.2,1017.4,18.6,18.7,868.0,16.9,58.2,150.0,89
2025-12-10T09:00,28.2,25,0.0,9.1,1016.6,17.9,18.0,584.0,10.5,56.2,160.0,89
2025-12-10T10:00,27.9,27,0.0,9.8,1016.2,17.9,18.0,475.0,10.0,52.1,158.0,89
2025-12-10T11:00,27.5,26,0.0,9.7,1016.4,17.3,17.4,476.0,13.8,46.0,147.0,89
2025-12-10T12:00,26.0,38,0.0,7.8,1016.2,14.6,14.8,586.0,19.4,34.5,128.0,89
2025-12-10T13:00,24.2,54,0.0,7.2,1016.4,22.8,22.9,882.0,38.4,32.5,95.0,91
2025-12-10T14:00,23.1,63,0.0,6.0,1017.1,29.5,29.7,1288.0,64.6,29.7,50.0,95
2025-12-10T15:00,22.4,67,0.0,5.6,1017.3,34.0,34.6,1573.0,83.9,27.8,16.0,89
2025-12-10T16:00,21.8,71,0.0,5.6,1017.7,37.5,38.6,1645.0,90.6,28.0,4.0,89
2025-12-10T17:00,21.3,75,0.0,4.7,1017.7,39.0,40.4,1597.0,90.5,29.1,4.0,89
2025-12-10T18:00,19.6,82,0.0,2.7,1017.8,39.1,40.9,1476.0,86.4,28.9,8.0,89
2025-12-10T19:00,19.0,81,0.0,4.7,1017.4,36.6,38.8,1252.0,77.9,26.2,14.0,88
2025-12-10T20:00,17.8,86,0.0,5.4,1017.2,31.8,34.2,954.0,65.5,22.2,24.0,87
2025-12-10T21:00,17.2,86,0.0,4.7,1016.8,26.4,29.0,718.0,53.6,18.9,33.0,86
2025-12-10T22:00,16.9,85,0.0,4.5,1016.1,21.9,24.7,511.0,41.6,16.6,41.0,85
2025-12-10T23:00,16.5,86,0.0,4.5,1016.0,18.9,21.8,364.0,30.0,15.0,48.0,83
2025-12-11T00:00,15.4,86,0.0,2.7,1015.9,22.4,25.9,510.0,31.8,17.4,44.0,82
2025-12-11T01:00,15.3,85,0.0,2.7,1016.2,22.6,26.3,1291.0,40.5,19.7,32.0,82
2025-12-11T02:00,15.0,85,0.0,3.1,1016.7,28.3,32.1,2363.0,51.9,23.0,18.0,82
2025-12-11T03:00,15.6,82,0.0,2.9,1017.3,41.6,45.3,2932.0,56.7,26.2,17.0,82
2025-12-11T04:00,18.4,76,0.0,1.8,1017.9,49.9,52.5,2500.0,48.8,29.0,43.0,82
2025-12-11T05:00,21.6,70,0.0,1.3,1018.4,25.4,30.6,1564.0,34.2,31.7,83.0,83
2025-12-11T06:00,23.8,69,0.0,3.8,1017.9,21.7,27.7,818.0,22.0,33.8,116.0,83
2025-12-11T07:00,25.2,62,0.0,5.4,1016.9,17.9,23.9,540.0,15.1,35.1,134.0,83
2025-12-11T08:00,26.0,57,0.0,7.3,1016.0,16.5,22.3,452.0,10.6,35.7,145.0,82
2025-12-11T09:00,26.1,56,0.0,9.2,1015.0,16.4,22.1,413.0,8.5,35.5,149.0,82
2025-12-11T10:00,26.0,56,0.0,10.2,1014.8,15.5,20.8,352.0,7.9,34.2,144.0,82
2025-12-11T11:00,25.5,56,0.0,9.3,1014.9,14.6,19.7,339.0,9.7,32.2,132.0,82
2025-12-11T12:00,24.8,62,0.0,8.2,1014.7,10.9,12.1,443.0,15.4,28.8,111.0,82
2025-12-11T13:00,23.7,69,0.0,7.6,1015.2,18.9,20.1,762.0,31.9,27.1,84.0,82
2025-12-11T14:00,22.9,74,0.0,7.1,1015.7,24.4,26.0,1198.0,54.7,24.9,46.0,82
2025-12-11T15:00,22.2,80,0.0,6.0,1015.9,26.7,28.3,1530.0,71.7,23.6,18.0,81
2025-12-11T16:00,21.7,84,0.0,5.2,1016.2,29.9,31.8,1687.0,77.4,24.6,8.0,80
2025-12-11T17:00,21.2,87,0.0,4.7,1016.1,35.0,37.3,1740.0,77.4,26.6,6.0,79
2025-12-11T18:00,19.6,90,0.0,3.3,1016.3,39.7,42.3,1683.0,75.7,27.3,7.0,79
2025-12-11T19:00,19.4,90,0.0,4.0,1016.1,40.9,43.9,1464.0,74.5,25.6,7.0,79
2025-12-11T20:00,18.6,92,0.0,3.8,1015.6,37.8,41.0,1134.0,71.6,22.6,9.0,79
2025-12-11T21:00,18.0,93,0.0,4.2,1015.3,32.2,35.7,845.0,65.4,19.7,13.0,80
2025-12-11T22:00,17.2,94,0.0,4.9,1014.9,28.5,32.6,607.0,51.9,16.8,23.0,80
2025-12-11T23:00,16.6,95,0.0,5.8,1014.6,27.1,32.2,410.0,34.9,14.0,35.0,81
2025-12-12T00:00,15.1,99,0.0,5.8,1014.9,34.1,36.9,367.0,32.5,13.4,33.0,82
2025-12-12T01:00,15.3,99,0.0,5.6,1015.0,30.7,33.3,616.0,35.3,13.7,28.0,83
2025-12-12T02:00,15.4,99,0.0,4.5,1015.6,35.5,38.3,1019.0,39.0,14.2,23.0,83
2025-12-12T03:00,15.8,97,0.0,3.8,1015.8,37.1,40.4,1284.0,39.8,15.7,26.0,84
2025-12-12T04:00,16.3,99,0.0,3.2,1016.5,38.1,41.0,1277.0,35.4,19.1,45.0,84
2025-12-12T05:00,18.0,92,0.0,2.3,1016.9,26.8,30.4,1130.0,28.1,23.5,72.0,83
2025-12-12T06:00,21.2,82,0.0,3.3,1016.6,23.5,27.9,950.0,21.4,26.9,96.0,83
2025-12-12T07:00,23.6,71,0.0,5.8,1015.8,21.9,26.7,732.0,16.0,28.7,114.0,83
2025-12-12T08:00,24.8,63,0.0,8.5,1014.8,19.2,24.1,480.0,11.2,29.6,128.0,83
2025-12-12T09:00,25.2,59,0.0,9.5,1014.0,16.9,21.1,309.0,8.5,29.6,134.0,83
2025-12-12T10:00,25.4,57,0.0,10.4,1013.5,14.8,18.2,251.0,7.1,28.6,130.0,84
2025-12-12T11:00,25.1,54,0.0,11.1,1013.4,12.6,15.5,274.0,7.8,26.8,119.0,83
2025-12-12T12:00,24.4,57,0.0,10.5,1013.3,9.7,11.3,398.0,13.2,24.8,101.0,83
2025-12-12T13:00,23.2,65,0.0,8.6,1013.8,15.4,16.8,716.0,28.9,23.5,77.0,83
2025-12-12T14:00,22.5,70,0.0,7.2,1014.5,21.4,22.8,1134.0,50.4,21.8,45.0,83
2025-12-12T15:00,22.1,73,0.0,7.0,1015.0,24.7,26.4,1391.0,66.6,20.5,20.0,83
2025-12-12T16:00,21.6,77,0.0,6.9,1015.1,27.4,29.2,1349.0,73.1,20.5,11.0,82
2025-12-12T17:00,21.2,78,0.0,6.7,1015.1,29.9,32.1,1147.0,74.3,21.0,10.0,82
2025-12-12T18:00,20.4,77,0.0,4.4,1015.0,30.9,33.4,939.0,71.1,20.6,13.0,82
2025-12-12T19:00,20.2,77,0.0,4.6,1014.5,28.8,31.7,764.0,62.1,18.5,21.0,81
2025-12-12T20:00,19.9,79,0.0,4.7,1014.1,25.6,28.7,583.0,48.7,15.7,33.0,80
2025-12-12T21:00,19.5,81,0.0,5.2,1013.8,22.2,25.5,438.0,37.1,13.3,43.0,79
2025-12-12T22:00,19.4,84,0.0,5.7,1013.5,19.5,23.0,270.0,28.0,11.8,50.0,78
2025-12-12T23:00,19.2,86,0.0,5.6,1013.3,17.8,21.4,138.0,20.6,10.9,55.0,77
2025-12-13T00:00,19.0,83,0.0,5.6,1013.4,23.6,28.6,262.0,21.9,11.1,48.0,76
2025-12-13T01:00,18.3,85,0.0,4.4,1013.7,26.6,31.7,949.0,29.6,13.0,36.0,75
2025-12-13T02:00,17.1,87,0.0,5.9,1014.5,34.7,39.3,1893.0,39.7,15.7,20.0,75
2025-12-13T03:00,16.6,89,0.0,6.7,1015.3,48.4,51.1,2395.0,44.3,18.4,17.0,75
2025-12-13T04:00,18.8,80,0.0,4.2,1015.7,43.7,45.1,2017.0,38.2,20.9,39.0,76
2025-12-13T05:00,22.0,67,0.0,2.7,1016.4,32.1,33.8,1196.0,26.5,23.4,73.0,76
2025-12-13T06:00,24.0,65,0.0,4.1,1016.4,17.0,20.1,550.0,16.8,25.4,102.0,77
2025-12-13T07:00,25.5,56,0.0,6.4,1015.7,13.6,15.6,326.0,11.7,26.8,118.0,76
2025-12-13T08:00,26.3,50,0.0,8.1,1014.8,13.3,14.6,276.0,8.5,27.7,129.0,76
2025-12-13T09:00,26.5,48,0.0,9.5,1014.0,13.4,14.5,270.0,7.2,28.4,133.0,75
2025-12-13T10:00,26.3,47,0.0,10.1,1013.5,13.3,14.3,240.0,6.5,28.9,132.0,75
2025-12-13T11:00,25.5,51,0.0,10.1,1013.4,13.0,14.0,254.0,7.6,29.2,125.0,75
2025-12-13T12:00,24.6,55,0.0,9.5,1013.4,8.1,8.1,392.0,13.2,28.3,109.0,75
2025-12-13T13:00,23.5,66,0.0,8.1,1013.9,14.6,14.7,758.0,28.8,26.7,83.0,75
2025-12-13T14:00,22.5,74,0.0,6.8,1014.8,20.9,21.6,1248.0,50.3,24.5,48.0,74
2025-12-13T15:00,21.9,78,0.0,4.8,1015.2,23.2,24.0,1629.0,66.5,23.0,21.0,74
2025-12-13T16:00,21.3,81,0.0,3.7,1015.4,25.1,26.0,1830.0,72.6,23.1,11.0,74
2025-12-13T17:00,20.8,83,0.0,3.4,1015.3,28.1,29.2,1921.0,73.4,23.9,9.0,74
2025-12-13T18:00,19.6,88,0.0,2.5,1015.4,31.0,32.4,1880.0,72.5,24.1,8.0,74
2025-12-13T19:00,19.6,87,0.0,4.8,1015.2,32.9,34.3,1645.0,70.7,23.0,7.0,74
2025-12-13T20:00,19.0,89,0.0,5.4,1015.0,32.5,34.0,1278.0,67.2,21.2,6.0,74
2025-12-13T21:00,18.4,91,0.0,5.6,1014.7,30.0,31.7,946.0,62.6,19.4,7.0,75
2025-12-13T22:00,17.6,94,0.0,6.2,1014.5,28.2,29.9,662.0,56.0,17.3,9.0,76
2025-12-13T23:00,17.0,94,0.0,6.0,1014.5,28.3,30.2,413.0,48.4,15.2,11.0,76
2025-12-14T00:00,16.5,92,0.0,6.5,1014.9,32.2,33.6,321.0,47.4,16.2,6.0,77
2025-12-14T01:00,16.3,89,0.0,7.1,1015.4,31.8,32.5,526.0,47.0,16.6,4.0,78
2025-12-14T02:00,16.1,89,0.0,7.3,1016.4,36.3,37.1,889.0,46.2,17.4,3.0,78
2025-12-14T03:00,16.5,84,0.0,7.8,1017.1,45.2,45.9,1116.0,43.0,19.1,11.0,79
2025-12-14T04:00,18.4,72,0.0,7.2,1017.8,34.1,34.9,1053.0,35.3,22.2,37.0,78
2025-12-14T05:00,21.4,57,0.0,5.9,1018.3,20.4,22.5,853.0,25.3,26.3,72.0,78
2025-12-14T06:00,23.2,51,0.0,6.4,1018.0,15.4,17.9,687.0,17.3,30.6,102.0,76
2025-12-14T07:00,24.6,39,0.0,4.5,1017.5,14.6,16.9,596.0,12.8,35.2,121.0,76
2025-12-14T08:00,25.6,33,0.0,3.5,1016.3,15.9,17.9,537.0,10.4,40.0,134.0,76
2025-12-14T09:00,26.4,29,0.0,2.9,1015.4,17.5,19.4,556.0,9.6,43.9,143.0,77
2025-12-14T10:00,26.5,28,0.0,3.4,1014.8,19.0,20.9,654.0,8.3,47.1,151.0,77
2025-12-14T11:00,26.2,32,0.0,5.0,1014.8,20.4,22.2,829.0,8.8,49.4,155.0,78
2025-12-14T12:00,25.4,43,0.0,7.3,1014.9,44.5,55.1,1118.0,18.5,51.7,144.0,78
2025-12-14T13:00,24.0,55,0.0,8.1,1015.3,52.0,61.9,1703.0,43.3,49.7,108.0,84
2025-12-14T14:00,23.0,59,0.0,6.4,1016.1,59.5,68.5,2401.0,77.0,46.9,58.0,92
2025-12-14T15:00,22.5,59,0.0,2.8,1016.3,62.4,70.8,2705.0,99.8,43.7,22.0,88
2025-12-14T16:00,22.0,53,0.0,8.3,1016.9,69.4,77.1,2248.0,102.6,40.5,10.0,92
2025-12-14T17:00,21.0,47,0.0,9.6,1017.0,75.4,81.5,1396.0,94.4,37.0,12.0,96
2025-12-14T18:00,19.9,51,0.0,9.9,1017.1,73.1,77.8,737.0,81.9,32.8,18.0,100
2025-12-14T19:00,19.1,53,0.0,10.3,1016.8,73.3,78.0,519.0,64.5,26.8,29.0,104
2025-12-14T20:00,18.5,56,0.0,10.7,1016.5,74.0,78.9,494.0,42.9,20.1,45.0,108
2025-12-14T21:00,18.0,58,0.0,10.4,1016.6,73.6,78.7,500.0,25.7,15.1,58.0,113
2025-12-14T22:00,17.6,60,0.0,10.7,1016.4,71.9,76.8,469.0,16.0,12.9,65.0,117
2025-12-14T23:00,17.3,61,0.0,11.1,1016.1,68.9,73.6,470.0,10.6,12.4,70.0,122
2025-12-15T00:00,17.0,61,0.0,11.1,1016.3,66.4,71.0,545.0,8.8,12.2,69.0,126
2025-12-15T01:00,16.8,62,0.0,10.5,1016.9,64.0,68.7,763.0,15.1,13.2,63.0,129
2025-12-15T02:00,16.5,63,0.0,10.4,1017.7,64.0,68.7,1056.0,23.6,14.6,55.0,133
2025-12-15T03:00,16.5,62,0.0,10.0,1018.2,65.4,70.1,1265.0,28.7,16.2,55.0,136
2025-12-15T04:00,18.1,56,0.0,8.0,1018.9,65.7,69.6,1328.0,27.3,17.8,69.0,138
2025-12-15T05:00,20.8,47,0.0,6.7,1019.5,63.1,67.8,1308.0,22.4,19.5,91.0,141
2025-12-15T06:00,23.5,39,0.0,6.4,1019.2,57.9,64.3,1228.0,17.6,21.2,112.0,146
2025-12-15T07:00,25.5,31,0.0,6.5,1018.1,49.9,56.0,1046.0,13.4,23.3,130.0,150
2025-12-15T08:00,26.6,28,0.0,5.2,1017.0,42.3,46.9,805.0,9.2,25.4,147.0,151
2025-12-15T09:00,27.3,26,0.0,4.4,1015.8,38.0,41.8,660.0,7.1,26.8,157.0,151
2025-12-15T10:00,27.5,25,0.0,3.6,1015.1,35.6,39.1,690.0,6.6,26.9,161.0,152
2025-12-15T11:00,27.4,25,0.0,3.1,1015.0,34.8,38.0,816.0,8.2,26.1,158.0,152
2025-12-15T12:00,27.0,27,0.0,4.1,1015.0,33.3,35.2,953.0,15.0,27.8,144.0,152
2025-12-15T13:00,25.7,31,0.0,2.0,1015.6,50.3,51.9,1101.0,37.3,26.9,111.0,152
2025-12-15T14:00,24.8,33,0.0,5.2,1016.2,61.5,63.1,1259.0,67.2,25.5,65.0,152
2025-12-15T15:00,23.7,35,0.0,10.0,1016.8,56.3,57.5,1345.0,82.9,23.7,36.0,152
2025-12-15T16:00,22.1,42,0.0,11.0,1017.1,54.6,56.0,1301.0,70.9,21.1,39.0,152
2025-12-15T17:00,21.0,47,0.0,11.0,1017.2,56.1,58.1,1184.0,44.7,18.0,59.0,152
2025-12-15T18:00,20.1,51,0.0,11.0,1017.4,57.5,60.1,1078.0,23.7,15.7,75.0,151
2025-12-15T19:00,19.5,54,0.0,11.1,1017.0,57.6,60.5,1014.0,15.5,14.7,79.0,151
2025-12-15T20:00,19.1,56,0.0,11.2,1016.4,56.6,59.6,962.0,12.5,14.5,80.0,151
2025-12-15T21:00,18.7,58,0.0,11.1,1016.1,54.7,57.9,915.0,10.5,14.6,81.0,150
2025-12-15T22:00,18.3,58,0.0,11.6,1015.3,52.7,55.9,852.0,7.9,14.7,84.0,149
2025-12-15T23:00,18.0,58,0.0,11.9,1015.3,51.0,54.1,795.0,6.4,15.0,88.0,147
2025-12-16T00:00,17.8,58,0.0,11.9,1015.2,50.1,53.2,804.0,7.1,15.1,87.0,146
2025-12-16T01:00,17.6,57,0.0,11.7,1015.5,49.7,52.7,953.0,11.6,16.7,84.0,144
2025-12-16T02:00,17.5,57,0.0,11.8,1016.2,51.7,54.5,1169.0,17.7,18.9,82.0,142
2025-12-16T03:00,17.8,55,0.0,11.9,1016.9,54.8,57.6,1293.0,21.1,21.2,85.0,141
2025-12-16T04:00,19.5,49,0.0,11.1,1017.6,57.5,59.8,1240.0,19.3,23.9,100.0,140
2025-12-16T05:00,22.1,42,0.0,10.7,1018.1,58.3,61.2,1096.0,14.9,26.6,121.0,139
2025-12-16T06:00,24.6,36,0.0,11.6,1017.6,53.9,57.4,957.0,11.0,28.0,138.0,139
2025-12-16T07:00,26.3,30,0.0,14.1,1016.6,44.0,47.0,840.0,8.4,26.8,148.0,138
2025-12-16T08:00,27.3,28,0.0,14.1,1015.6,35.7,38.0,729.0,6.4,24.2,153.0,138
2025-12-16T09:00,27.9,26,0.0,13.5,1014.6,31.5,33.3,672.0,5.6,22.1,155.0,137
2025-12-16T10:00,28.1,25,0.0,12.2,1014.2,29.3,30.7,701.0,6.4,21.3,154.0,136
2025-12-16T11:00,27.9,26,0.0,11.7,1014.0,28.2,29.5,785.0,8.5,21.0,148.0,136
2025-12-16T12:00,27.0,28,0.0,11.4,1014.3,45.8,48.2,878.0,12.3,21.8,139.0,135
2025-12-16T13:00,25.6,31,0.0,11.1,1014.6,52.7,54.5,987.0,17.0,20.9,125.0,136
2025-12-16T14:00,24.4,35,0.0,12.2,1015.2,55.5,57.2,1106.0,23.4,19.7,105.0,136
2025-12-16T15:00,23.0,38,0.0,12.1,1015.8,56.2,58.1,1165.0,27.0,19.0,90.0,136
2025-12-16T16:00,21.9,43,0.0,12.5,1016.0,58.0,60.1,1122.0,25.4,19.3,84.0,136
2025-12-16T17:00,21.0,46,0.0,12.7,1016.4,60.1,62.4,1019.0,21.1,20.2,83.0,136
2025-12-16T18:00,20.4,49,0.0,12.7,1016.7,61.7,64.3,918.0,17.0,21.1,84.0,137
2025-12-16T19:00,20.1,49,0.0,12.4,1016.3,62.4,65.0,833.0,14.0,22.0,86.0,137
2025-12-16T20:00,19.9,49,0.0,11.5,1016.0,62.2,64.7,749.0,11.2,22.9,90.0,138
2025-12-16T21:00,19.5,49,0.0,10.9,1016.0,61.5,64.0,682.0,9.1,23.9,93.0,138
2025-12-16T22:00,19.1,49,0.0,10.4,1015.8,60.5,62.9,609.0,7.3,24.7,94.0,139
2025-12-16T23:00,18.7,50,0.0,10.2,1015.6,59.8,62.2,553.0,6.2,25.4,95.0,140
2025-12-17T00:00,18.1,50,0.0,8.6,1015.9,58.6,60.8,595.0,7.1,24.9,92.0,141
2025-12-17T01:00,17.5,51,0.0,9.2,1016.4,58.8,61.0,841.0,11.7,26.8,90.0,141
2025-12-17T02:00,17.0,53,0.0,9.8,1017.3,60.5,62.6,1186.0,17.8,29.3,88.0,142
2025-12-17T03:00,17.4,52,0.0,10.7,1017.8,63.1,65.0,1398.0,21.2,31.1,91.0,143
2025-12-17T04:00,19.2,47,0.0,10.5,1018.2,64.3,65.7,1356.0,19.4,31.7,103.0,144
2025-12-17T05:00,22.0,41,0.0,9.7,1018.6,61.9,63.6,1182.0,14.9,31.5,120.0,145
2025-12-17T06:00,24.6,35,0.0,10.8,1018.6,47.7,49.5,1007.0,11.0,30.5,135.0,145
2025-12-17T07:00,26.2,30,0.0,12.8,1017.7,33.4,35.0,851.0,8.4,28.1,145.0,145
2025-12-17T08:00,27.2,28,0.0,10.8,1016.9,30.2,32.5,694.0,6.4,24.8,152.0,143
2025-12-17T09:00,27.8,26,0.0,10.0,1016.0,29.9,32.7,615.0,5.8,22.7,155.0,143
2025-12-17T10:00,28.0,25,0.0,9.3,1015.4,29.9,32.7,632.0,4.9,22.6,158.0,143
2025-12-17T11:00,27.6,25,0.0,9.4,1014.8,30.0,32.9,725.0,5.4,23.5,157.0,143
2025-12-17T12:00,26.9,28,0.0,8.0,1015.0,34.9,38.3,920.0,13.3,22.9,136.0,143
2025-12-17T13:00,25.6,33,0.0,7.0,1015.6,48.5,51.1,1340.0,35.7,24.5,102.0,142
2025-12-17T14:00,25.0,34,0.0,7.5,1016.4,60.8,63.1,1860.0,65.8,26.6,55.0,141
2025-12-17T15:00,24.1,35,0.0,8.9,1016.9,61.0,62.9,2130.0,83.7,27.0,24.0,142
2025-12-17T16:00,22.9,39,0.0,10.6,1017.1,49.5,50.8,1923.0,77.9,24.1,24.0,142
2025-12-17T17:00,22.0,42,0.0,10.1,1017.0,39.8,40.9,1467.0,59.7,19.5,39.0,142
2025-12-17T18:00,21.0,44,0.0,9.2,1017.3,33.5,34.5,1092.0,43.1,15.8,53.0,139
2025-12-17T19:00,20.1,47,0.0,9.0,1017.2,29.7,30.6,932.0,32.4,14.0,60.0,137
2025-12-17T20:00,19.4,50,0.0,8.6,1017.0,27.8,28.6,855.0,23.3,13.2,65.0,133
2025-12-17T21:00,18.6,53,0.0,8.4,1017.1,27.1,28.0,793.0,16.6,13.0,68.0,130
2025-12-17T22:00,18.0,54,0.0,8.4,1017.0,27.2,28.2,699.0,12.3,13.4,69.0,126
2025-12-17T23:00,17.5,56,0.0,8.5,1017.0,27.8,28.9,621.0,10.5,14.3,68.0,122
2025-12-18T00:00,17.1,55,0.0,8.4,1017.3,27.1,28.2,634.0,13.3,13.9,59.0,119
2025-12-18T01:00,16.8,56,0.0,8.5,1017.6,28.6,29.8,812.0,22.0,15.3,49.0,116
2025-12-18T02:00,16.2,57,0.0,8.5,1018.2,32.5,34.0,1082.0,33.8,17.3,36.0,113
2025-12-18T03:00,16.4,55,0.0,8.3,1019.0,39.5,41.1,1300.0,40.9,20.0,34.0,110
2025-12-18T04:00,18.2,49,0.0,7.7,1019.5,43.1,44.8,1440.0,39.2,23.5,52.0,107
2025-12-18T05:00,21.0,42,0.0,7.0,1019.6,43.9,45.9,1529.0,32.9,27.7,82.0,105
2025-12-18T06:00,24.4,33,0.0,3.9,1019.4,35.6,39.2,1506.0,26.4,32.1,109.0,103
2025-12-18T07:00,26.1,29,0.0,2.3,1018.4,35.7,40.3,1260.0,20.4,37.0,132.0,102
2025-12-18T08:00,27.0,26,0.0,0.8,1017.1,37.3,42.6,901.0,14.3,42.2,152.0,102
2025-12-18T09:00,27.5,25,0.0,2.7,1016.1,38.4,44.2,700.0,11.0,46.5,167.0,103
2025-12-18T10:00,27.5,26,0.0,6.2,1015.5,39.3,45.1,811.0,9.1,49.9,177.0,104
2025-12-18T11:00,26.5,37,0.0,9.5,1015.2,40.7,46.1,1079.0,9.9,52.4,181.0,105
2025-12-18T12:00,25.3,45,0.0,9.7,1015.3,45.6,50.1,1316.0,20.7,59.9,171.0,106
2025-12-18T13:00,24.0,50,0.0,7.9,1015.4,65.0,68.2,1452.0,49.7,56.4,129.0,116
2025-12-18T14:00,23.1,50,0.0,7.3,1016.0,71.7,74.3,1556.0,89.2,51.3,70.0,126
2025-12-18T15:00,22.4,51,0.0,7.8,1016.6,70.8,73.1,1642.0,115.7,46.4,26.0,117
2025-12-18T16:00,21.8,51,0.0,7.9,1017.0,70.1,71.9,1753.0,117.7,42.4,11.0,111
2025-12-18T17:00,21.4,48,0.0,7.6,1017.2,70.3,71.9,1845.0,106.8,38.6,10.0,113
2025-12-18T18:00,20.9,44,0.0,6.9,1017.3,66.6,67.8,1805.0,94.0,34.2,13.0,116
2025-12-18T19:00,20.4,44,0.0,7.5,1016.8,58.1,59.4,1522.0,82.4,28.4,16.0,120
2025-12-18T20:00,19.9,45,0.0,7.4,1016.5,49.7,51.2,1106.0,68.9,22.0,23.0,123
2025-12-18T21:00,19.4,47,0.0,6.8,1016.1,43.5,45.3,776.0,55.8,17.2,30.0,125
2025-12-18T22:00,19.0,49,0.0,6.6,1015.8,40.0,41.8,592.0,42.1,14.7,39.0,127
2025-12-18T23:00,18.5,50,0.0,6.9,1015.5,38.2,40.0,495.0,28.7,13.7,49.0,128
2025-12-19T00:00,18.1,51,0.0,6.9,1015.8,36.6,38.4,522.0,22.0,13.2,52.0,129
2025-12-19T01:00,17.9,51,0.0,7.7,1015.8,37.0,38.9,748.0,26.1,14.5,48.0,130
2025-12-19T02:00,17.7,51,0.0,7.3,1016.3,39.8,41.8,1099.0,31.6,16.3,44.0,131
2025-12-19T03:00,17.9,50,0.0,7.3,1016.9,44.8,46.8,1390.0,34.3,18.3,48.0,132
2025-12-19T04:00,19.5,45,0.0,5.5,1017.5,49.2,50.9,1581.0,31.6,20.0,68.0,132
2025-12-19T05:00,22.0,39,0.0,4.4,1017.8,48.4,50.6,1712.0,26.1,21.9,97.0,133
2025-12-19T06:00,24.4,34,0.0,3.8,1017.2,43.4,46.7,1724.0,20.9,25.0,123.0,133
2025-12-19T07:00,26.0,29,0.0,3.7,1016.3,39.2,43.1,1508.0,16.4,30.7,142.0,134
2025-12-19T08:00,27.1,27,0.0,3.1,1015.1,38.8,42.7,1173.0,12.2,37.6,157.0,135
2025-12-19T09:00,27.9,26,0.0,2.4,1014.0,38.3,41.9,984.0,10.5,42.6,166.0,135
2025-12-19T10:00,28.5,24,0.0,2.9,1013.4,37.5,40.7,989.0,11.4,44.3,170.0,135
2025-12-19T11:00,28.4,26,0.0,4.6,1012.9,38.2,41.1,1140.0,14.7,44.0,169.0,135
2025-12-19T12:00,27.4,33,0.0,6.9,1012.6,41.3,43.9,1556.0,19.9,47.8,168.0,134
2025-12-19T13:00,25.5,46,0.0,7.7,1012.9,59.0,61.0,2539.0,42.2,44.2,135.0,134
2025-12-19T14:00,24.4,52,0.0,6.5,1013.5,65.4,67.1,3787.0,73.1,39.3,88.0,133
2025-12-19T15:00,23.6,53,0.0,6.6,1013.9,67.5,69.4,4515.0,98.3,36.8,51.0,133
2025-12-19T16:00,23.1,55,0.0,4.6,1014.2,71.2,72.9,4283.0,113.3,39.7,32.0,132
2025-12-19T17:00,22.7,56,0.0,5.6,1014.0,77.1,79.2,3530.0,122.6,44.9,21.0,132
2025-12-19T18:00,22.3,57,0.0,4.5,1014.3,84.8,86.8,2787.0,124.7,47.0,15.0,133
2025-12-19T19:00,22.1,54,0.0,4.7,1013.7,85.7,87.5,2189.0,116.6,42.8,12.0,135
2025-12-19T20:00,22.0,49,0.0,4.5,1013.3,79.4,81.0,1600.0,101.3,35.5,13.0,138
2025-12-19T21:00,21.8,47,0.0,2.8,1013.4,71.9,73.6,1143.0,87.3,29.0,14.0,141
2025-12-19T22:00,21.1,48,0.0,3.3,1013.1,66.1,67.5,812.0,76.7,24.2,15.0,144
2025-12-19T23:00,20.9,48,0.0,2.6,1012.7,60.3,61.9,613.0,67.4,20.3,16.0,147
2025-12-20T00:00,20.5,48,0.0,2.1,1012.7,61.5,63.1,684.0,65.3,18.6,13.0,149
2025-12-20T01:00,19.4,53,0.0,1.9,1012.8,58.6,60.5,1277.0,64.1,18.9,10.0,150
2025-12-20T02:00,19.1,51,0.0,2.4,1013.3,61.0,63.1,2140.0,62.2,19.8,7.0,151
2025-12-20T03:00,19.0,51,0.0,4.1,1013.7,71.9,73.8,2653.0,58.4,23.8,17.0,151
2025-12-20T04:00,20.9,45,0.0,2.7,1014.4,75.0,76.4,2462.0,51.8,34.7,52.0,152
2025-12-20T05:00,23.7,36,0.0,1.9,1015.1,58.3,61.0,1921.0,43.4,48.8,99.0,152
2025-12-20T06:00,25.9,32,0.0,1.2,1014.7,54.9,58.0,1477.0,34.9,57.5,136.0,153
2025-12-20T07:00,26.9,30,0.0,3.8,1013.9,45.8,48.2,1309.0,25.6,56.0,154.0,153
2025-12-20T08:00,27.5,29,0.0,6.0,1012.9,39.0,41.1,1237.0,16.2,49.1,162.0,153
2025-12-20T09:00,27.6,30,0.0,7.7,1012.1,36.4,38.2,1167.0,10.8,42.7,164.0,153
2025-12-20T10:00,27.5,31,0.0,8.3,1011.7,35.2,36.8,1038.0,10.7,38.8,161.0,153
2025-12-20T11:00,26.7,36,0.0,8.5,1011.4,35.6,37.4,912.0,14.5,35.5,152.0,153
2025-12-20T12:00,26.1,49,0.0,8.5,1011.3,48.9,51.3,876.0,21.3,43.6,162.0,153
2025-12-20T13:00,25.1,55,0.0,8.4,1011.7,57.3,59.1,966.0,35.0,40.5,133.0,153
2025-12-20T14:00,24.2,60,0.0,7.0,1012.5,61.9,63.8,1146.0,53.9,36.2,94.0,153
2025-12-20T15:00,23.5,65,0.0,5.3,1013.0,63.1,65.2,1398.0,68.6,32.6,61.0,153
2025-12-20T16:00,22.9,69,0.0,4.7,1013.4,63.8,65.9,1854.0,76.1,31.0,42.0,153
2025-12-20T17:00,22.2,72,0.0,5.4,1013.3,65.0,67.1,2382.0,79.4,30.2,31.0,153
2025-12-20T18:00,21.5,75,0.0,5.4,1013.5,66.6,68.9,2567.0,77.5,28.6,26.0,152
2025-12-20T19:00,21.0,78,0.0,5.4,1013.3,64.0,66.4,2088.0,67.7,25.1,30.0,152
2025-12-20T20:00,20.5,80,0.0,5.1,1013.3,57.2,59.5,1265.0,52.7,20.8,41.0,152
2025-12-20T21:00,20.3,82,0.0,5.2,1013.4,50.1,52.5,646.0,39.5,17.2,50.0,151
2025-12-20T22:00,20.2,83,0.0,4.7,1013.0,45.9,48.8,402.0,29.0,14.8,57.0,151
2025-12-20T23:00,20.0,87,0.0,4.2,1012.9,41.9,44.7,361.0,20.3,13.2,63.0,150
2025-12-21T00:00,19.0,91,0.0,2.1,1013.1,37.5,40.3,556.0,17.1,11.5,63.0,149
2025-12-21T01:00,19.0,92,0.0,1.4,1013.3,38.1,40.9,1225.0,28.9,13.0,47.0,146
2025-12-21T02:00,18.9,94,0.0,1.9,1013.8,45.5,48.4,2130.0,44.6,15.1,26.0,144
2025-12-21T03:00,19.1,93,0.0,3.2,1014.6,58.3,61.2,2593.0,52.3,17.4,18.0,142
2025-12-21T04:00,21.1,85,0.0,2.2,1015.2,54.5,56.9,2181.0,44.3,20.0,36.0,141
2025-12-21T05:00,23.5,75,0.0,1.1,1015.7,39.3,44.0,1326.0,28.3,22.6,68.0,139
2025-12-21T06:00,25.1,68,0.0,5.2,1015.8,25.1,38.0,654.0,15.5,24.3,92.0,137
2025-12-21T07:00,26.3,57,0.0,6.9,1015.1,20.4,40.9,417.0,10.2,24.1,101.0,134
2025-12-21T08:00,26.6,54,0.0,9.2,1014.2,19.4,45.5,362.0,8.1,22.9,102.0,131
2025-12-21T09:00,26.6,52,0.0,10.5,1013.5,18.5,45.6,351.0,7.7,22.0,101.0,129
2025-12-21T10:00,26.6,50,0.0,10.8,1013.1,17.3,43.8,330.0,7.7,22.0,98.0,127
2025-12-21T11:00,26.1,49,0.0,10.8,1012.9,16.5,40.9,354.0,9.5,22.4,93.0,125
2025-12-21T12:00,25.5,46,0.0,8.7,1013.2,18.3,41.1,445.0,14.5,23.8,88.0,123
2025-12-21T13:00,24.2,55,0.0,7.7,1013.5,22.8,36.3,683.0,28.6,22.9,69.0,120
2025-12-21T14:00,23.3,65,0.0,7.1,1014.0,25.9,35.6,989.0,47.7,21.6,43.0,117
2025-12-21T15:00,22.6,72,0.0,6.8,1014.6,26.7,34.3,1150.0,60.0,20.2,26.0,113
2025-12-21T16:00,22.0,77,0.0,7.0,1015.1,25.7,32.5,1035.0,59.6,18.6,25.0,109
2025-12-21T17:00,21.5,79,0.0,7.6,1015.2,24.4,30.5,774.0,52.5,16.9,32.0,105
2025-12-21T18:00,21.4,67,0.0,8.1,1015.4,22.4,28.3,548.0,44.5,15.1,40.0,101
2025-12-21T19:00,21.4,62,0.0,7.7,1015.2,19.6,25.6,415.0,36.6,13.0,46.0,97
2025-12-21T20:00,21.0,61,0.0,8.1,1015.3,17.3,23.2,316.0,27.7,10.8,53.0,93
2025-12-21T21:00,20.7,60,0.0,8.6,1015.1,16.1,21.8,252.0,21.0,9.3,57.0,89
2025-12-21T22:00,20.4,56,0.0,8.5,1015.0,15.3,20.7,204.0,16.9,8.7,57.0,86
2025-12-21T23:00,19.9,55,0.0,7.8,1014.9,14.5,19.2,191.0,14.8,8.8,54.0,84
2025-12-22T00:00,18.8,70,0.0,8.5,1015.0,16.0,18.7,268.0,19.4,9.8,42.0,81
2025-12-22T01:00,18.5,69,0.0,8.7,1015.0,15.7,18.7,513.0,27.6,11.2,33.0,79
2025-12-22T02:00,18.0,68,0.0,8.7,1015.5,19.6,23.1,849.0,38.4,13.3,21.0,77
2025-12-22T03:00,17.9,64,0.0,7.5,1016.0,27.2,31.4,1099.0,43.6,15.4,20.0,75
2025-12-22T04:00,19.4,56,0.0,6.0,1016.9,27.9,33.3,1196.0,37.7,17.7,40.0,72
2025-12-22T05:00,22.0,46,0.0,3.4,1017.4,25.8,34.6,1208.0,26.1,20.2,71.0,70
2025-12-22T06:00,24.8,33,0.0,2.7,1017.4,28.2,43.3,1159.0,16.4,21.9,97.0,69
2025-12-22T07:00,25.9,30,0.0,1.5,1016.5,27.7,50.4,1019.0,11.1,22.2,111.0,69
2025-12-22T08:00,26.5,30,0.0,4.1,1015.4,27.8,51.5,818.0,7.7,21.9,119.0,70
2025-12-22T09:00,26.8,31,0.0,6.7,1014.7,28.0,49.4,672.0,6.3,22.1,124.0,70
2025-12-22T10:00,26.7,33,0.0,8.5,1014.0,28.5,48.0,613.0,5.3,23.5,131.0,71
2025-12-22T11:00,26.0,36,0.0,9.3,1013.6,29.8,47.5,609.0,6.3,25.5,135.0,72
2025-12-22T12:00,25.0,43,0.0,9.7,1013.7,42.3,66.4,675.0,14.8,32.3,130.0,73
2025-12-22T13:00,23.6,48,0.0,8.5,1014.1,57.5,75.2,876.0,40.6,32.4,95.0,75
2025-12-22T14:00,22.6,50,0.0,6.8,1014.8,63.1,75.9,1148.0,75.9,32.5,48.0,79
2025-12-22T15:00,22.0,50,0.0,7.0,1015.4,66.1,77.1,1317.0,99.2,32.2,15.0,82
2025-12-22T16:00,21.9,48,0.0,8.3,1016.1,72.9,82.2,1291.0,101.1,31.6,9.0,85
2025-12-22T17:00,22.0,51,0.0,8.5,1016.2,79.4,85.2,1161.0,91.0,30.6,17.0,90
2025-12-22T18:00,21.1,58,0.0,9.5,1016.4,81.0,84.8,1031.0,76.5,29.1,30.0,94
2025-12-22T19:00,20.4,61,0.0,9.9,1016.2,84.1,86.8,923.0,56.3,26.5,49.0,100
2025-12-22T20:00,20.0,63,0.0,9.9,1015.9,83.6,86.6,815.0,31.6,23.3,74.0,106
2025-12-22T21:00,19.5,65,0.0,10.4,1015.9,79.9,83.4,742.0,13.2,21.3,92.0,113
2025-12-22T22:00,19.1,66,0.0,10.7,1015.9,75.4,78.9,710.0,5.7,21.4,100.0,120
2025-12-22T23:00,18.8,67,0.0,11.0,1015.7,71.5,74.7,714.0,4.5,22.6,101.0,126
2025-12-23T00:00,18.5,66,0.0,11.4,1015.6,69.4,72.6,773.0,6.4,23.7,98.0,132
2025-12-23T01:00,18.1,67,0.0,11.7,1015.8,66.8,69.8,952.0,12.8,25.1,90.0,138
2025-12-23T02:00,17.7,68,0.0,11.5,1016.5,65.9,69.2,1186.0,21.4,27.0,80.0,143
2025-12-23T03:00,17.7,68,0.0,11.6,1017.2,66.4,69.6,1300.0,26.4,28.7,77.0,148
2025-12-23T04:00,19.2,62,0.0,9.8,1018.2,65.0,68.2,1186.0,24.5,30.5,89.0,150
2025-12-23T05:00,21.6,51,0.0,8.9,1018.8,60.5,65.0,951.0,19.0,32.0,108.0,151
2025-12-23T06:00,24.0,41,0.0,10.7,1018.4,52.0,58.4,748.0,13.9,31.9,123.0,152
2025-12-23T07:00,25.5,34,0.0,10.3,1017.5,39.7,48.1,620.0,10.2,28.4,129.0,152
2025-12-23T08:00,26.2,30,0.0,9.4,1016.4,32.7,41.1,523.0,6.9,23.2,131.0,153
2025-12-23T09:00,26.7,27,0.0,8.5,1015.4,30.4,38.2,476.0,5.4,19.6,131.0,153
2025-12-23T10:00,26.9,26,0.0,8.0,1014.8,29.9,37.5,499.0,4.7,19.1,132.0,153
2025-12-23T11:00,26.7,26,0.0,8.2,1014.6,30.2,37.4,571.0,5.9,20.2,131.0,153
2025-12-23T12:00,26.1,26,0.0,8.6,1014.8,25.4,29.7,653.0,12.4,20.8,119.0,153
2025-12-23T13:00,25.1,29,0.0,8.9,1015.1,39.1,43.0,751.0,28.4,20.6,94.0,153
2025-12-23T14:00,24.3,32,0.0,11.0,1016.0,46.2,49.5,859.0,49.8,20.3,60.0,152
2025-12-23T15:00,23.3,36,0.0,11.4,1016.3,43.8,47.6,913.0,61.7,19.4,38.0,152
2025-12-23T16:00,21.9,43,0.0,10.9,1016.7,41.4,46.2,877.0,54.8,17.5,38.0,151
2025-12-23T17:00,20.9,48,0.0,10.0,1016.9,39.3,45.3,788.0,38.4,15.1,50.0,151
2025-12-23T18:00,20.0,54,0.0,9.4,1017.2,37.8,44.9,693.0,24.9,12.9,59.0,149
2025-12-23T19:00,19.4,57,0.0,9.1,1016.9,36.4,44.1,598.0,19.2,11.2,61.0,144
2025-12-23T20:00,18.8,58,0.0,9.5,1016.7,34.5,42.4,496.0,16.4,9.8,62.0,139
2025-12-23T21:00,18.3,58,0.0,9.6,1016.3,32.2,40.4,417.0,14.3,8.8,62.0,134
2025-12-23T22:00,17.8,57,0.0,10.0,1015.8,30.4,38.6,347.0,11.2,8.2,64.0,129
2025-12-23T23:00,17.4,56,0.0,10.2,1015.4,29.0,37.1,300.0,8.7,8.0,67.0,124
2025-12-24T00:00,16.9,56,0.0,10.1,1015.6,28.0,35.6,347.0,9.8,8.0,65.0,120
2025-12-24T01:00,16.7,56,0.0,9.8,1015.9,28.0,35.3,573.0,18.5,9.1,54.0,116
2025-12-24T02:00,16.4,56,0.0,9.5,1016.5,30.9,38.1,892.0,30.2,10.8,40.0,112
2025-12-24T03:00,16.4,55,0.0,9.3,1017.1,36.1,43.1,1119.0,36.8,12.8,36.0,108
2025-12-24T04:00,17.6,50,0.0,7.3,1017.6,40.0,45.3,1179.0,33.5,15.3,51.0,105
2025-12-24T05:00,20.2,40,0.0,6.1,1018.3,36.0,43.8,1148.0,25.1,18.2,77.0,102
2025-12-24T06:00,22.8,34,0.0,5.6,1018.3,33.3,42.1,1061.0,17.7,20.6,99.0,100
2025-12-24T07:00,24.4,28,0.0,5.2,1017.2,29.2,36.9,879.0,13.1,22.2,114.0,98
2025-12-24T08:00,25.4,24,0.0,3.6,1015.8,27.4,34.9,642.0,9.6,23.5,125.0,97
2025-12-24T09:00,26.1,22,0.0,1.2,1015.1,27.1,34.3,508.0,8.0,24.8,133.0,97
2025-12-24T10:00,26.4,21,0.0,2.1,1014.5,27.0,34.0,566.0,6.1,26.3,140.0,96
2025-12-24T11:00,26.0,23,0.0,5.5,1014.1,27.4,34.3,727.0,6.2,27.9,142.0,96
2025-12-24T12:00,24.5,39,0.0,10.5,1014.1,27.3,33.2,879.0,16.2,35.5,138.0,96
2025-12-24T13:00,23.0,45,0.0,10.4,1014.3,48.4,53.6,973.0,43.4,35.2,102.0,96
2025-12-24T14:00,21.9,49,0.0,9.1,1014.8,57.6,62.2,1058.0,80.5,35.0,52.0,97
2025-12-24T15:00,21.0,54,0.0,7.8,1015.1,58.1,62.6,1174.0,105.8,35.1,16.0,98
2025-12-24T16:00,20.2,57,0.0,6.4,1015.2,59.8,64.7,1402.0,108.3,36.8,6.0,99
2025-12-24T17:00,19.5,59,0.0,6.9,1015.3,63.8,68.9,1660.0,98.9,39.0,10.0,101
2025-12-24T18:00,18.6,61,0.0,7.1,1015.3,64.3,68.7,1740.0,89.1,38.7,14.0,104
2025-12-24T19:00,18.4,57,0.0,7.0,1015.1,61.2,64.5,1487.0,82.3,33.6,13.0,106
2025-12-24T20:00,17.8,54,0.0,7.2,1014.7,54.8,58.0,1056.0,75.0,26.0,13.0,109
2025-12-24T21:00,17.0,54,0.0,7.4,1014.7,49.1,52.2,710.0,68.3,19.8,12.0,111
2025-12-24T22:00,16.4,55,0.0,7.4,1014.4,45.2,48.3,509.0,62.5,16.3,11.0,113
2025-12-24T23:00,15.8,58,0.0,7.2,1014.4,42.4,45.4,391.0,57.2,14.2,11.0,114
2025-12-25T00:00,15.2,60,0.0,5.0,1014.5,39.5,42.5,436.0,52.6,13.1,11.0,116
2025-12-25T01:00,14.9,62,0.0,5.1,1014.8,38.4,41.2,779.0,53.0,13.7,8.0,117
2025-12-25T02:00,14.8,63,0.0,5.7,1015.1,42.8,45.6,1285.0,53.3,15.1,5.0,118
2025-12-25T03:00,15.0,61,0.0,6.0,1016.0,52.6,55.4,1624.0,51.7,19.6,11.0,119
2025-12-25T04:00,16.7,56,0.0,4.9,1016.7,51.8,54.6,1641.0,47.3,30.2,34.0,121
2025-12-25T05:00,19.8,46,0.0,3.1,1017.2,45.1,48.7,1491.0,41.0,44.0,67.0,122
2025-12-25T06:00,22.0,47,0.0,1.4,1017.1,37.4,42.5,1307.0,34.3,54.9,96.0,123
2025-12-25T07:00,23.5,44,0.0,2.5,1016.3,36.1,40.9,1103.0,26.5,60.2,118.0,124
2025-12-25T08:00,24.1,42,0.0,5.1,1015.1,34.7,38.4,865.0,18.2,62.6,136.0,124
2025-12-25T09:00,24.1,45,0.0,6.9,1014.2,35.5,39.1,687.0,13.1,63.9,148.0,125
2025-12-25T10:00,24.0,48,0.0,7.9,1013.8,36.9,40.5,600.0,12.1,65.2,155.0,126
2025-12-25T11:00,23.6,52,0.0,7.9,1013.5,38.3,41.8,573.0,14.3,65.4,157.0,127
2025-12-25T12:00,23.1,52,0.0,8.9,1013.5,37.4,40.4,607.0,17.7,56.5,150.0,128
2025-12-25T13:00,22.3,55,0.0,8.9,1014.1,48.1,50.4,737.0,32.4,50.5,120.0,129
2025-12-25T14:00,21.6,60,0.0,7.9,1014.8,49.6,51.8,928.0,52.6,42.1,77.0,129
2025-12-25T15:00,20.8,66,0.0,6.0,1015.2,47.1,49.6,1076.0,66.6,34.8,45.0,128
2025-12-25T16:00,20.0,71,0.0,5.9,1015.5,45.2,47.6,1137.0,68.7,30.1,32.0,127
2025-12-25T17:00,19.6,74,0.0,6.2,1015.6,43.9,46.4,1156.0,64.6,26.5,29.0,126
2025-12-25T18:00,19.4,78,0.0,4.9,1015.7,43.3,46.0,1163.0,59.8,23.4,27.0,123
2025-12-25T19:00,19.1,79,0.0,4.0,1015.1,43.0,45.6,1192.0,56.1,20.6,24.0,121
2025-12-25T20:00,18.4,83,0.0,5.2,1014.9,42.1,44.9,1209.0,51.8,18.3,23.0,119
2025-12-25T21:00,17.4,88,0.0,5.9,1014.9,40.2,42.8,1149.0,46.5,16.5,24.0,118
2025-12-25T22:00,16.8,90,0.0,6.5,1014.6,37.4,39.9,902.0,38.5,15.3,28.0,117
2025-12-25T23:00,16.1,91,0.0,6.3,1014.3,34.2,36.7,577.0,29.6,14.6,34.0,116
2025-12-26T00:00,15.5,92,0.0,5.9,1014.5,34.5,36.8,435.0,28.0,14.2,29.0,115
2025-12-26T01:00,15.1,91,0.0,7.1,1014.9,33.5,35.6,678.0,33.5,14.5,20.0,115
2025-12-26T02:00,14.9,89,0.0,7.3,1015.6,38.1,40.0,1105.0,40.7,15.4,8.0,114
2025-12-26T03:00,15.1,83,0.0,7.4,1016.2,48.5,50.2,1368.0,43.5,19.7,10.0,114
2025-12-26T04:00,17.0,70,0.0,7.1,1016.7,46.6,48.5,1285.0,37.7,31.0,36.0,114
2025-12-26T05:00,20.2,54,0.0,5.4,1016.9,37.6,40.9,1038.0,27.5,45.6,75.0,113
2025-12-26T06:00,22.2,55,0.0,2.4,1016.8,32.7,36.2,834.0,18.9,55.7,108.0,112
2025-12-26T07:00,23.5,43,0.0,1.0,1015.9,33.3,36.4,741.0,14.0,57.1,129.0,112
2025-12-26T08:00,24.2,39,0.0,3.6,1014.8,33.6,36.4,690.0,10.8,54.0,144.0,111
2025-12-26T09:00,24.5,39,0.0,6.2,1013.9,34.6,37.1,677.0,9.5,50.9,153.0,111
2025-12-26T10:00,24.4,40,0.0,7.9,1013.4,35.2,37.6,705.0,9.2,50.0,157.0,111
2025-12-26T11:00,23.8,45,0.0,8.7,1013.3,35.5,38.1,770.0,10.7,49.2,156.0,111
2025-12-26T12:00,22.9,51,0.0,8.2,1013.4,33.1,35.9,857.0,15.9,47.4,140.0,111
2025-12-26T13:00,22.0,58,0.0,6.6,1013.6,44.9,47.1,984.0,33.6,43.1,108.0,110
2025-12-26T14:00,21.3,63,0.0,6.3,1014.3,47.7,49.9,1131.0,58.0,37.0,63.0,110
2025-12-26T15:00,20.6,65,0.0,5.8,1014.6,46.1,48.7,1228.0,75.5,32.0,28.0,110
2025-12-26T16:00,20.0,67,0.0,6.8,1015.1,46.1,49.0,1245.0,79.8,29.3,14.0,110
2025-12-26T17:00,19.4,69,0.0,6.3,1015.2,47.7,50.9,1210.0,77.2,27.7,10.0,110
2025-12-26T18:00,18.6,70,0.0,5.2,1015.3,50.6,53.7,1137.0,73.6,26.1,8.0,110
2025-12-26T19:00,18.4,71,0.0,6.5,1015.3,52.9,55.6,1009.0,71.0,24.1,6.0,111
2025-12-26T20:00,18.1,71,0.0,7.2,1015.1,53.6,55.9,843.0,67.4,22.0,6.0,112
2025-12-26T21:00,17.6,69,0.0,7.9,1015.1,52.4,54.4,698.0,62.4,20.4,9.0,113
2025-12-26T22:00,17.2,65,0.0,7.8,1015.1,50.4,52.3,563.0,54.4,19.2,15.0,114
2025-12-26T23:00,16.7,61,0.0,8.1,1014.9,48.1,49.8,449.0,45.0,18.4,24.0,116
2025-12-27T00:00,15.9,57,0.0,8.1,1014.8,45.4,47.5,454.0,41.2,17.9,26.0,117
2025-12-27T01:00,15.4,59,0.0,8.4,1015.1,44.2,46.1,684.0,45.2,18.2,22.0,118
2025-12-27T02:00,15.1,61,0.0,8.3,1015.5,47.7,49.6,1032.0,50.3,18.8,17.0,119
2025-12-27T03:00,15.2,61,0.0,8.0,1016.3,54.7,56.3,1279.0,51.2,21.1,24.0,120
2025-12-27T04:00,16.8,56,0.0,7.9,1017.1,53.0,54.6,1336.0,44.0,26.8,53.0,121
2025-12-27T05:00,19.8,46,0.0,5.0,1017.7,47.5,49.8,1291.0,32.5,34.2,94.0,122
2025-12-27T06:00,22.5,36,0.0,4.8,1017.6,39.5,42.8,1188.0,22.7,39.6,128.0,123
2025-12-27T07:00,24.2,30,0.0,4.3,1016.9,38.6,42.3,989.0,16.4,40.8,148.0,124
2025-12-27T08:00,25.0,28,0.0,2.8,1015.6,37.8,41.3,732.0,11.8,40.0,162.0,124
2025-12-27T09:00,25.5,26,0.0,3.6,1014.5,37.8,41.2,579.0,9.5,39.7,171.0,125
2025-12-27T10:00,25.5,27,0.0,6.0,1013.9,38.3,41.7,617.0,7.9,41.1,179.0,125
2025-12-27T11:00,25.1,30,0.0,8.2,1013.4,39.1,42.4,759.0,8.6,43.0,182.0,125
2025-12-27T12:00,23.9,39,0.0,10.5,1013.4,28.1,29.5,908.0,16.4,39.9,165.0,126
2025-12-27T13:00,22.6,44,0.0,9.9,1013.7,51.7,53.1,1051.0,52.4,41.4,122.0,128
2025-12-27T14:00,21.9,43,0.0,7.3,1014.5,62.4,63.6,1200.0,101.6,43.4,63.0,134
2025-12-27T15:00,21.2,46,0.0,7.3,1015.0,64.3,65.7,1302.0,135.0,44.4,20.0,127
2025-12-27T16:00,20.7,50,0.0,7.0,1015.4,66.1,67.8,1347.0,138.5,43.9,7.0,129
2025-12-27T17:00,20.2,52,0.0,7.0,1015.5,67.1,68.5,1343.0,126.3,42.4,10.0,131
2025-12-27T18:00,19.3,53,0.0,7.1,1015.6,64.5,65.2,1261.0,112.1,39.3,13.0,133
2025-12-27T19:00,18.8,48,0.0,8.6,1015.4,54.6,55.1,1042.0,99.8,33.5,12.0,135
2025-12-27T20:00,18.4,44,0.0,7.2,1015.2,45.2,45.4,744.0,85.6,26.2,13.0,135
2025-12-27T21:00,17.7,46,0.0,7.8,1015.1,37.8,38.1,514.0,71.9,20.5,15.0,134
2025-12-27T22:00,17.0,49,0.0,7.6,1015.3,32.6,32.8,385.0,58.2,17.7,21.0,132
2025-12-27T23:00,16.4,51,0.0,7.0,1015.4,29.2,29.3,323.0,45.1,16.6,29.0,131
2025-12-28T00:00,16.0,52,0.0,6.7,1015.2,27.9,28.1,377.0,49.5,15.8,19.0,129
2025-12-28T01:00,15.8,52,0.0,7.9,1015.4,27.2,27.4,624.0,49.4,16.6,16.0,127
2025-12-28T02:00,15.6,51,0.0,8.3,1016.0,31.1,31.3,987.0,49.0,17.9,14.0,125
2025-12-28T03:00,15.7,51,0.0,7.9,1016.7,39.0,39.2,1274.0,46.3,20.3,21.0,123
2025-12-28T04:00,17.0,47,0.0,7.5,1017.4,41.7,42.0,1435.0,39.4,24.6,46.0,122
2025-12-28T05:00,20.0,39,0.0,4.3,1017.9,42.0,42.5,1521.0,30.3,30.0,81.0,121
2025-12-28T06:00,22.9,31,0.0,4.5,1018.0,33.9,35.0,1496.0,22.5,34.3,110.0,120
2025-12-28T07:00,24.5,27,0.0,3.6,1017.0,28.5,29.7,1277.0,16.9,36.2,128.0,119
2025-12-28T08:00,25.2,26,0.0,3.8,1015.8,26.5,27.7,948.0,12.7,37.1,139.0,118
2025-12-28T09:00,25.5,26,0.0,4.9,1014.4,27.6,29.0,721.0,10.7,38.6,148.0,117
2025-12-28T10:00,25.6,26,0.0,5.5,1014.1,29.9,31.3,696.0,10.0,42.2,157.0,116
2025-12-28T11:00,25.4,27,0.0,6.3,1013.5,32.4,33.6,775.0,11.6,46.5,162.0,115
2025-12-28T12:00,24.4,34,0.0,8.6,1013.4,31.5,32.4,871.0,17.8,49.0,159.0,115
2025-12-28T13:00,22.9,42,0.0,8.1,1013.7,50.1,50.6,967.0,39.1,48.9,129.0,115
2025-12-28T14:00,22.0,45,0.0,6.6,1014.2,58.6,59.0,1081.0,68.3,48.6,88.0,115
2025-12-28T15:00,21.1,48,0.0,6.4,1014.8,61.2,61.7,1186.0,88.6,48.0,56.0,114
2025-12-28T16:00,20.4,52,0.0,7.0,1015.1,64.0,64.5,1307.0,91.7,47.1,44.0,114
2025-12-28T17:00,20.0,53,0.0,6.8,1015.3,67.3,68.0,1420.0,86.0,45.9,43.0,114
2025-12-28T18:00,19.2,54,0.0,6.9,1015.6,68.2,68.9,1424.0,78.9,43.3,41.0,114
2025-12-28T19:00,19.1,49,0.0,7.4,1015.1,66.4,67.1,1232.0,72.7,38.4,35.0,114
2025-12-28T20:00,18.7,46,0.0,7.7,1015.0,61.5,62.2,933.0,65.3,32.2,30.0,115
2025-12-28T21:00,18.1,45,0.0,7.3,1014.7,55.8,56.3,690.0,57.9,26.8,26.0,117
2025-12-28T22:00,17.4,47,0.0,7.6,1014.3,51.0,51.6,528.0,49.7,22.7,25.0,119
2025-12-28T23:00,16.6,51,0.0,6.9,1014.2,47.3,47.7,422.0,41.6,19.4,27.0,121
2025-12-29T00:00,16.0,55,0.0,6.2,1014.2,42.1,42.7,471.0,33.5,18.2,28.0,123
2025-12-29T01:00,15.5,58,0.0,6.6,1014.4,41.2,41.7,804.0,38.5,18.5,21.0,124
2025-12-29T02:00,15.1,60,0.0,7.2,1015.1,44.2,44.8,1291.0,45.1,19.1,13.0,126
2025-12-29T03:00,15.1,60,0.0,7.4,1015.8,51.5,52.0,1636.0,48.0,20.4,17.0,127
2025-12-29T04:00,16.9,54,0.0,6.0,1016.9,50.5,51.1,1719.0,44.0,22.6,41.0,128
2025-12-29T05:00,19.6,44,0.0,4.2,1017.5,47.1,47.8,1661.0,36.3,25.7,77.0,129
2025-12-29T06:00,22.2,38,0.0,4.1,1017.3,39.9,41.0,1524.0,28.7,29.8,110.0,130
2025-12-29T07:00,24.1,33,0.0,4.1,1016.5,38.3,39.5,1273.0,21.7,36.1,136.0,130
2025-12-29T08:00,25.1,32,0.0,4.3,1015.3,38.6,39.9,944.0,14.9,43.6,158.0,131
2025-12-29T09:00,25.5,32,0.0,6.5,1014.1,41.0,42.6,711.0,10.8,48.9,173.0,133
2025-12-29T10:00,25.3,33,0.0,7.6,1013.7,43.4,45.2,643.0,10.2,50.9,180.0,134
2025-12-29T11:00,25.0,34,0.0,7.9,1013.2,44.8,46.7,672.0,12.4,50.8,179.0,136
2025-12-29T12:00,24.0,36,0.0,7.6,1013.1,38.4,39.7,763.0,15.4,54.4,177.0,137
2025-12-29T13:00,22.8,43,0.0,7.7,1013.4,48.5,49.5,963.0,26.7,50.5,150.0,138
2025-12-29T14:00,22.0,51,0.0,8.1,1014.5,49.7,50.5,1227.0,42.2,44.9,112.0,137
2025-12-29T15:00,21.1,59,0.0,8.5,1014.8,46.8,47.7,1382.0,51.9,39.3,83.0,136
2025-12-29T16:00,20.6,62,0.0,7.6,1015.1,44.6,45.6,1318.0,50.8,34.1,71.0,135
2025-12-29T17:00,20.2,63,0.0,7.8,1015.2,43.4,44.7,1147.0,44.1,28.9,68.0,133
2025-12-29T18:00,19.4,65,0.0,6.7,1015.3,43.4,44.8,1027.0,37.5,24.5,66.0,130
2025-12-29T19:00,18.7,67,0.0,6.1,1014.8,43.5,44.9,1054.0,32.9,21.1,63.0,128
2025-12-29T20:00,18.0,70,0.0,6.7,1014.3,43.0,44.4,1133.0,28.5,18.4,62.0,125
2025-12-29T21:00,17.8,70,0.0,5.1,1014.0,42.1,43.5,1143.0,24.6,16.5,61.0,124
2025-12-29T22:00,17.5,71,0.0,4.8,1013.4,41.4,43.0,964.0,19.8,15.4,63.0,122
2025-12-29T23:00,17.0,73,0.0,5.2,1013.2,40.7,42.3,716.0,15.5,15.1,66.0,121
2025-12-30T00:00,16.8,70,0.0,4.4,1012.8,44.4,45.9,632.0,19.4,14.6,52.0,120
2025-12-30T01:00,16.4,70,0.0,5.3,1013.2,46.4,47.8,898.0,30.0,15.6,37.0,121
2025-12-30T02:00,16.1,69,0.0,6.0,1013.6,53.8,55.3,1328.0,44.2,17.3,17.0,121
2025-12-30T03:00,16.4,66,0.0,4.9,1014.3,69.2,70.5,1597.0,51.2,20.4,13.0,122
2025-12-30T04:00,18.1,58,0.0,4.4,1015.0,72.2,73.6,1546.0,44.4,27.0,41.0,124
2025-12-30T05:00,21.3,48,0.0,3.3,1015.6,59.6,62.9,1333.0,30.5,35.2,85.0,126
2025-12-30T06:00,23.0,51,0.0,2.5,1015.3,52.9,57.4,1111.0,18.9,39.4,119.0,128
2025-12-30T07:00,24.0,52,0.0,6.7,1014.0,50.6,54.9,898.0,12.9,36.3,134.0,129
2025-12-30T08:00,24.4,53,0.0,8.5,1012.7,47.8,51.9,675.0,9.2,29.3,140.0,130
2025-12-30T09:00,24.2,56,0.0,10.7,1011.7,46.1,50.4,537.0,7.2,23.6,141.0,131
2025-12-30T10:00,23.9,60,0.0,10.1,1011.3,45.9,50.3,507.0,6.3,21.3,139.0,132
2025-12-30T11:00,23.4,66,0.0,11.9,1010.9,46.1,49.9,561.0,7.2,20.2,133.0,132
2025-12-30T12:00,22.6,72,0.3,10.3,1010.3,38.6,41.8,721.0,11.0,16.0,112.0,132
2025-12-30T13:00,22.5,75,0.0,7.9,1010.5,38.8,40.9,1089.0,22.6,16.0,93.0,132
2025-12-30T14:00,22.1,79,0.0,7.2,1011.0,39.8,41.8,1563.0,38.5,15.9,68.0,131
2025-12-30T15:00,22.0,80,0.0,9.1,1011.5,41.3,43.3,1863.0,49.6,15.6,49.0,130
2025-12-30T16:00,21.7,84,0.0,11.8,1011.4,40.7,42.7,1868.0,52.2,15.1,42.0,130
2025-12-30T17:00,21.4,86,0.0,12.1,1011.4,37.3,39.3,1699.0,50.0,14.3,42.0,129
2025-12-30T18:00,21.4,86,0.0,9.2,1011.1,32.8,35.0,1441.0,44.9,13.1,46.0,128
2025-12-30T19:00,21.6,83,0.0,8.9,1010.8,26.5,28.8,1040.0,35.6,10.9,55.0,127
2025-12-30T20:00,19.2,83,0.9,19.7,1011.5,21.5,25.0,550.0,23.5,8.2,67.0,126
2025-12-30T21:00,19.1,88,0.2,6.8,1010.7,15.5,21.0,220.0,14.7,6.6,75.0,123
2025-12-30T22:00,18.5,91,0.0,0.7,1009.9,13.3,19.9,185.0,11.1,6.8,75.0,121
2025-12-30T23:00,18.5,90,0.0,0.7,1009.6,13.6,20.8,310.0,10.8,8.1,71.0,118
2025-12-31T00:00,20.4,85,0.0,9.1,1008.9,14.4,24.4,444.0,11.9,8.1,66.0,115
2025-12-31T01:00,20.3,83,0.0,9.1,1008.9,17.1,27.2,569.0,25.8,11.0,48.0,112
2025-12-31T02:00,20.2,82,0.0,9.0,1009.4,24.2,34.2,702.0,44.4,14.9,25.0,109
2025-12-31T03:00,20.5,80,0.0,12.4,1009.9,35.7,45.6,744.0,53.7,18.2,15.0,106
2025-12-31T04:00,22.4,61,0.0,13.0,1010.7,33.8,44.7,613.0,44.8,20.2,33.0,102
2025-12-31T05:00,23.0,49,0.0,17.2,1011.5,23.1,43.5,392.0,26.6,21.5,64.0,98
2025-12-31T06:00,24.1,46,0.0,12.8,1010.9,20.0,43.8,229.0,12.2,21.8,90.0,95
2025-12-31T07:00,24.1,47,0.0,13.6,1010.1,18.0,39.9,191.0,6.8,20.5,103.0,92
2025-12-31T08:00,24.1,46,0.0,12.3,1009.0,16.2,34.9,212.0,5.1,18.2,110.0,89
2025-12-31T09:00,24.1,44,0.0,11.1,1008.2,14.3,29.9,241.0,4.8,16.3,113.0,87
2025-12-31T10:00,23.8,42,0.0,12.2,1007.8,12.7,26.5,233.0,4.4,15.6,111.0,84
2025-12-31T11:00,23.1,39,0.0,13.2,1007.9,11.9,25.2,234.0,5.3,15.3,105.0,81
2025-12-31T12:00,22.3,48,0.0,12.4,1008.2,13.1,26.5,333.0,10.2,18.4,98.0,78
2025-12-31T13:00,21.2,54,0.0,9.8,1008.7,16.8,27.1,616.0,21.5,17.7,80.0,75
2025-12-31T14:00,20.6,58,0.0,5.9,1009.4,20.7,30.0,997.0,37.2,16.8,56.0,74
2025-12-31T15:00,20.0,60,0.0,4.7,1010.0,22.6,31.8,1304.0,49.7,16.4,36.0,72
2025-12-31T16:00,19.5,60,0.0,6.0,1010.5,24.1,32.9,1491.0,56.2,16.9,26.0,70
2025-12-31T17:00,19.0,61,0.0,6.0,1011.2,26.1,35.4,1605.0,59.5,17.9,22.0,69
2025-12-31T18:00,18.5,66,0.0,4.1,1011.4,29.7,40.3,1615.0,60.3,18.4,20.0,68
2025-12-31T19:00,18.7,64,0.0,5.0,1011.3,31.4,42.6,1477.0,58.1,18.0,21.0,67
2025-12-31T20:00,18.3,66,0.0,2.8,1011.1,30.3,41.1,1236.0,53.3,17.2,24.0,68
2025-12-31T21:00,17.6,69,0.0,6.6,1011.3,29.2,39.9,987.0,48.1,16.1,26.0,69
2025-12-31T22:00,17.1,71,0.0,7.0,1011.3,27.9,37.7,702.0,42.0,14.5,26.0,70
2025-12-31T23:00,16.8,73,0.0,7.3,1011.2,24.4,31.4,411.0,35.4,12.7,25.0,71
2026-01-01T00:00,16.2,77,0.0,8.7,1011.7,21.2,22.9,299.0,35.1,13.1,23.0,72
2026-01-01T01:00,16.1,78,0.0,8.4,1012.3,22.2,25.1,533.0,35.9,13.8,24.0,73
2026-01-01T02:00,15.9,80,0.0,8.0,1013.0,34.7,40.5,946.0,36.7,14.9,27.0,73
2026-01-01T03:00,16.0,79,0.0,8.0,1014.2,53.4,61.9,1221.0,35.2,16.4,37.0,74
2026-01-01T04:00,17.5,69,0.0,6.9,1015.0,67.5,77.3,1211.0,29.4,18.9,59.0,76
2026-01-01T05:00,19.5,59,0.0,6.7,1015.8,77.1,90.8,1064.0,21.3,21.8,88.0,79
2026-01-01T06:00,21.3,53,0.0,6.7,1016.0,74.0,90.6,905.0,14.6,23.7,112.0,83
2026-01-01T07:00,22.7,46,0.0,5.6,1015.5,57.0,75.0,752.0,10.3,23.5,125.0,88
2026-01-01T08:00,23.6,42,0.0,3.7,1014.3,46.1,63.3,588.0,7.4,22.3,132.0,92
2026-01-01T09:00,24.4,39,0.0,3.6,1013.4,41.1,59.8,484.0,6.3,21.9,137.0,94
2026-01-01T10:00,24.7,37,0.0,3.3,1012.8,40.4,60.8,463.0,3.9,22.8,143.0,97
2026-01-01T11:00,24.5,38,0.0,4.6,1012.5,41.0,61.9,504.0,3.3,24.4,147.0,99
2026-01-01T12:00,23.8,40,0.0,5.7,1012.8,43.2,65.4,610.0,13.5,23.8,126.0,102
2026-01-01T13:00,21.9,57,0.0,10.4,1013.7,53.1,74.0,814.0,41.7,29.8,93.0,105
2026-01-01T14:00,20.9,62,0.0,9.1,1014.8,72.9,93.4,1085.0,80.1,37.9,49.0,109
2026-01-01T15:00,20.5,63,0.0,6.4,1015.5,87.1,106.6,1332.0,105.1,42.9,16.0,114
2026-01-01T16:00,20.1,62,0.0,7.3,1016.0,90.1,108.3,1574.0,104.0,42.3,7.0,121
2026-01-01T17:00,19.9,58,0.0,7.3,1016.3,82.4,98.3,1792.0,89.4,38.7,11.0,128
2026-01-01T18:00,19.2,55,0.0,8.2,1016.5,73.3,85.0,1843.0,75.9,33.9,15.0,134
2026-01-01T19:00,18.5,57,0.0,8.5,1016.2,63.8,74.3,1601.0,69.4,27.8,15.0,138
2026-01-01T20:00,17.9,61,0.0,7.7,1016.3,56.5,67.5,1193.0,63.8,20.6,15.0,142
2026-01-01T21:00,17.5,64,0.0,7.6,1016.1,51.8,64.5,853.0,55.7,15.2,19.0,145
2026-01-01T22:00,17.0,66,0.0,8.4,1016.0,49.2,63.3,646.0,40.7,13.0,31.0,147
2026-01-01T23:00,16.5,68,0.0,9.3,1016.1,47.7,63.1,508.0,23.1,12.7,46.0,149
2026-01-02T00:00,15.9,71,0.0,8.5,1016.2,49.5,64.3,484.0,23.1,13.0,40.0,150
2026-01-02T01:00,15.8,70,0.0,8.8,1016.9,48.9,65.2,663.0,28.3,14.2,35.0,151
2026-01-02T02:00,15.5,68,0.0,9.0,1017.7,51.8,68.9,955.0,35.1,15.9,28.0,152
2026-01-02T03:00,15.6,65,0.0,9.3,1018.5,56.8,74.7,1137.0,37.8,17.6,30.0,152
2026-01-02T04:00,17.1,58,0.0,7.5,1019.5,59.0,73.8,1100.0,32.6,19.4,47.0,152
2026-01-02T05:00,19.4,48,0.0,6.7,1020.1,52.4,75.2,953.0,23.4,21.2,71.0,152
2026-01-02T06:00,21.5,41,0.0,6.8,1020.2,42.0,73.6,802.0,15.6,22.7,94.0,151
2026-01-02T07:00,22.9,38,0.0,5.1,1019.6,42.0,77.3,657.0,11.0,23.5,113.0,151
2026-01-02T08:00,23.8,35,0.0,3.5,1018.5,44.0,76.1,507.0,7.9,24.0,129.0,150
2026-01-02T09:00,24.4,33,0.0,2.5,1017.4,44.2,75.2,427.0,6.6,24.6,140.0,150
2026-01-02T10:00,24.5,32,0.0,2.1,1016.8,44.2,74.5,447.0,4.7,25.1,146.0,150
2026-01-02T11:00,24.4,32,0.0,2.9,1016.5,44.2,73.8,537.0,4.7,25.9,147.0,150
2026-01-02T12:00,23.8,36,0.0,6.7,1016.3,43.2,69.6,674.0,14.7,29.1,139.0,150
2026-01-02T13:00,22.2,50,0.0,11.6,1016.6,48.0,73.1,850.0,47.7,35.5,104.0,150
2026-01-02T14:00,21.2,54,0.0,10.8,1017.3,68.7,93.6,1074.0,92.8,44.2,55.0,150
2026-01-02T15:00,20.7,57,0.0,6.5,1017.8,86.4,111.1,1351.0,123.2,50.4,19.0,150
2026-01-02T16:00,20.1,60,0.0,4.0,1018.0,95.9,119.7,1797.0,125.5,52.6,9.0,150
2026-01-02T17:00,19.5,61,0.0,5.7,1018.1,90.6,112.0,2297.0,113.1,52.4,12.0,150
2026-01-02T18:00,19.0,56,0.0,5.9,1018.3,79.9,96.6,2507.0,100.0,49.2,15.0,150
2026-01-02T19:00,18.5,52,0.0,6.6,1018.0,68.7,80.6,2180.0,90.1,41.4,14.0,151
2026-01-02T20:00,17.6,52,0.0,6.5,1017.9,58.9,69.4,1563.0,79.4,30.6,14.0,151
2026-01-02T21:00,16.8,54,0.0,6.5,1017.6,51.5,61.5,1058.0,70.1,22.0,14.0,151
2026-01-02T22:00,16.2,56,0.0,6.5,1017.5,45.6,55.8,779.0,62.9,17.4,15.0,151
2026-01-02T23:00,15.8,59,0.0,5.9,1017.3,41.7,52.3,611.0,57.1,14.9,16.0,151
2026-01-03T00:00,15.2,62,0.0,4.9,1017.3,38.9,48.8,612.0,49.6,13.9,17.0,151
2026-01-03T01:00,14.9,64,0.0,5.3,1017.4,38.0,48.0,910.0,50.1,14.2,12.0,150
2026-01-03T02:00,14.6,65,0.0,5.9,1017.9,43.1,53.0,1378.0,50.5,15.1,7.0,150
2026-01-03T03:00,14.6,65,0.0,6.9,1018.5,55.1,64.5,1687.0,48.2,18.8,12.0,150
2026-01-03T04:00,16.1,61,0.0,5.8,1019.2,51.1,61.2,1689.0,41.3,28.2,36.0,149
2026-01-03T05:00,18.6,53,0.0,4.9,1019.7,40.2,52.4,1534.0,31.7,40.3,71.0,149
2026-01-03T06:00,20.6,47,0.0,5.3,1019.8,36.9,53.2,1341.0,23.3,48.6,104.0,147
2026-01-03T07:00,21.8,48,0.0,3.2,1018.9,43.3,63.6,1117.0,17.0,49.8,132.0,147
2026-01-03T08:00,22.6,47,0.0,4.0,1017.7,46.1,67.3,857.0,11.9,47.1,157.0,147
2026-01-03T09:00,23.0,46,0.0,6.6,1016.7,47.5,68.2,662.0,8.9,44.2,173.0,147
2026-01-03T10:00,23.0,48,0.0,8.0,1016.0,48.1,67.5,546.0,7.5,42.3,180.0,147
2026-01-03T11:00,22.9,50,0.0,7.8,1015.7,48.0,66.4,496.0,8.2,40.2,177.0,148
2026-01-03T12:00,22.4,52,0.0,8.2,1015.5,57.5,81.3,575.0,13.9,35.9,161.0,148
2026-01-03T13:00,21.6,55,0.0,7.7,1015.9,64.0,81.0,876.0,33.6,33.7,126.0,150
2026-01-03T14:00,20.8,61,0.0,6.7,1016.6,70.3,84.3,1307.0,60.7,30.6,78.0,150
2026-01-03T15:00,20.0,67,0.0,5.0,1017.1,71.7,85.2,1649.0,80.6,28.1,40.0,150
2026-01-03T16:00,19.2,71,0.0,4.3,1017.6,71.9,86.1,1829.0,87.0,27.1,23.0,150
2026-01-03T17:00,18.5,74,0.0,3.6,1018.0,71.2,86.8,1921.0,86.2,26.7,17.0,148
2026-01-03T18:00,17.6,79,0.0,2.1,1017.9,71.7,89.6,1930.0,82.6,25.8,15.0,146
2026-01-03T19:00,17.9,78,0.0,3.5,1017.5,72.4,92.2,1849.0,77.2,23.7,15.0,145
2026-01-03T20:00,17.5,80,0.0,4.0,1017.2,71.0,92.4,1685.0,69.1,21.0,18.0,145
2026-01-03T21:00,16.9,84,0.0,4.6,1017.1,67.5,90.1,1467.0,60.0,18.5,22.0,146
2026-01-03T22:00,16.1,88,0.0,5.4,1017.1,62.9,84.1,1115.0,48.6,16.1,26.0,148
2026-01-03T23:00,15.7,89,0.0,5.7,1016.9,58.3,77.5,709.0,36.4,13.8,31.0,150
2026-01-04T00:00,14.9,88,0.0,5.9,1017.3,58.9,77.8,519.0,34.1,13.7,28.0,150
2026-01-04T01:00,14.6,88,0.0,6.4,1017.4,59.4,77.5,756.0,37.3,13.6,19.0,151
2026-01-04T02:00,14.5,88,0.0,7.0,1018.1,65.4,83.4,1209.0,41.6,13.8,8.0,151
2026-01-04T03:00,14.8,84,0.0,7.0,1018.7,77.3,95.5,1514.0,42.9,16.0,9.0,152
2026-01-04T04:00,16.4,74,0.0,6.0,1019.5,74.3,94.5,1506.0,39.0,21.4,32.0,152
2026-01-04T05:00,18.9,59,0.0,5.3,1020.1,57.5,101.3,1351.0,32.2,28.9,66.0,153
2026-01-04T06:00,21.0,55,0.0,6.4,1020.1,54.7,123.4,1184.0,25.8,36.1,97.0,153
2026-01-04T07:00,22.3,54,0.0,4.7,1019.3,53.4,129.5,1028.0,20.2,43.1,120.0,153
2026-01-04T08:00,23.2,49,0.0,4.9,1018.1,52.9,121.5,860.0,15.1,49.8,139.0,154
2026-01-04T09:00,23.7,48,0.0,6.3,1017.0,51.0,112.2,746.0,12.1,54.4,153.0,154
2026-01-04T10:00,23.5,50,0.0,7.6,1016.5,52.4,108.5,720.0,11.2,56.3,162.0,154
2026-01-04T11:00,23.0,55,0.0,8.9,1016.3,53.8,106.9,747.0,12.6,56.1,165.0,154
2026-01-04T12:00,22.0,52,0.0,7.8,1016.5,48.4,96.6,791.0,16.1,47.9,145.0,154
2026-01-04T13:00,21.0,60,0.0,7.3,1017.0,54.9,92.7,823.0,31.2,42.9,115.0,154
2026-01-04T14:00,20.2,70,0.0,7.6,1017.8,57.5,91.5,872.0,52.1,35.9,73.0,154
2026-01-04T15:00,19.8,76,0.0,6.8,1018.4,57.7,93.1,990.0,67.8,30.2,40.0,153
2026-01-04T16:00,19.4,80,0.0,5.6,1018.6,58.0,93.4,1283.0,73.8,27.4,25.0,153
2026-01-04T17:00,18.9,82,0.0,4.6,1018.6,59.6,96.2,1645.0,74.6,25.8,19.0,153
2026-01-04T18:00,18.0,87,0.0,2.7,1018.8,61.2,99.7,1813.0,72.4,24.2,16.0,153
2026-01-04T19:00,17.9,88,0.0,4.5,1018.4,61.0,100.6,1616.0,67.1,21.7,16.0,152
2026-01-04T20:00,17.4,91,0.0,5.3,1018.1,57.6,93.1,1223.0,58.8,19.1,19.0,152
2026-01-04T21:00,16.9,93,0.0,5.7,1017.9,52.2,84.1,883.0,50.5,17.1,22.0,152
2026-01-04T22:00,16.5,93,0.0,6.6,1017.7,49.6,84.8,641.0,41.9,15.8,25.0,151
2026-01-04T23:00,16.2,93,0.0,7.2,1017.8,48.8,84.1,450.0,33.2,15.0,29.0,151
2026-01-05T00:00,15.8,92,0.0,7.1,1018.2,49.8,85.2,420.0,33.7,14.6,22.0,151
2026-01-05T01:00,15.8,88,0.0,6.9,1018.8,48.7,82.2,688.0,36.6,15.4,16.0,151
2026-01-05T02:00,15.6,86,0.0,7.1,1019.3,51.5,82.9,1116.0,40.4,16.8,8.0,151
2026-01-05T03:00,15.4,85,0.0,6.8,1020.1,59.1,89.9,1403.0,41.4,19.5,13.0,150
2026-01-05T04:00,17.0,75,0.0,5.1,1020.7,59.6,85.7,1404.0,37.4,24.8,39.0,149
2026-01-05T05:00,19.3,60,0.0,5.0,1021.2,53.3,86.1,1262.0,30.7,31.5,76.0,148
2026-01-05T06:00,21.4,49,0.0,4.9,1021.5,43.8,81.5,1110.0,24.2,36.8,111.0,147
2026-01-05T07:00,22.6,45,0.0,3.6,1020.5,41.7,72.4,968.0,18.3,39.7,139.0,146
2026-01-05T08:00,23.6,40,0.0,2.4,1019.5,42.6,67.8,815.0,12.6,41.3,164.0,145
2026-01-05T09:00,24.3,37,0.0,2.9,1018.4,42.0,64.3,715.0,9.2,42.0,181.0,144
2026-01-05T10:00,24.4,37,0.0,4.2,1017.7,41.6,61.9,682.0,6.2,41.9,192.0,143
2026-01-05T11:00,23.9,43,0.0,6.8,1017.3,41.6,61.0,703.0,5.5,40.9,195.0,142
2026-01-05T12:00,22.9,52,0.0,7.9,1017.1,53.4,86.1,798.0,14.3,34.3,173.0,141
2026-01-05T13:00,21.7,57,0.0,8.9,1017.4,65.4,96.4,1043.0,48.7,37.8,129.0,141
2026-01-05T14:00,21.0,61,0.0,7.1,1018.2,86.1,118.7,1363.0,95.6,42.4,69.0,142
2026-01-05T15:00,20.6,65,0.0,4.9,1018.7,90.8,123.4,1551.0,125.9,44.2,25.0,145
2026-01-05T16:00,20.5,66,0.0,5.2,1018.9,90.8,121.1,1500.0,125.7,41.0,13.0,149
2026-01-05T17:00,19.9,59,0.0,8.2,1019.0,83.4,103.8,1317.0,108.9,35.0,17.0,150
2026-01-05T18:00,19.2,57,0.0,9.4,1019.1,67.5,78.5,1120.0,88.9,28.8,26.0,151
2026-01-05T19:00,18.6,60,0.0,9.4,1018.9,54.5,61.7,926.0,67.1,22.5,39.0,151
2026-01-05T20:00,18.2,62,0.0,9.3,1018.7,46.7,53.8,718.0,42.0,16.0,56.0,151
2026-01-05T21:00,18.0,62,0.0,9.3,1018.5,42.5,50.5,562.0,22.6,11.3,71.0,151
2026-01-05T22:00,17.5,64,0.0,9.2,1018.3,39.8,48.8,460.0,12.5,9.6,80.0,150
2026-01-05T23:00,17.1,66,0.0,9.1,1018.3,38.1,47.7,410.0,8.1,9.7,86.0,150
2026-01-06T00:00,16.4,70,0.0,8.8,1018.3,37.1,46.4,471.0,8.4,10.1,84.0,150
2026-01-06T01:00,16.1,71,0.0,8.3,1018.9,37.3,46.9,753.0,14.4,11.2,77.0,149
2026-01-06T02:00,15.8,72,0.0,7.4,1019.8,39.8,49.4,1146.0,22.5,12.7,69.0,148
2026-01-06T03:00,15.9,71,0.0,8.2,1020.5,43.3,52.2,1376.0,26.8,14.1,68.0,147
2026-01-06T04:00,17.2,63,0.0,7.0,1021.3,44.4,51.6,1293.0,23.8,15.4,81.0,145
2026-01-06T05:00,19.0,54,0.0,8.6,1021.8,41.4,50.1,1047.0,17.0,16.7,101.0,143
2026-01-06T06:00,21.2,47,0.0,8.7,1021.4,35.5,43.8,819.0,11.3,17.1,117.0,142
2026-01-06T07:00,23.1,36,0.0,11.4,1020.5,28.2,37.0,656.0,8.1,16.0,125.0,141
2026-01-06T08:00,24.2,29,0.0,11.8,1019.5,22.6,30.4,511.0,6.0,14.0,129.0,140
2026-01-06T09:00,24.8,27,0.0,11.2,1018.4,20.3,27.4,424.0,5.1,12.7,131.0,138
2026-01-06T10:00,24.8,26,0.0,10.2,1017.8,20.1,27.2,417.0,5.4,12.7,132.0,135
2026-01-06T11:00,24.6,26,0.0,10.2,1017.8,20.8,28.2,467.0,6.9,13.2,131.0,133
2026-01-06T12:00,24.0,27,0.0,10.1,1018.0,30.9,41.7,545.0,11.2,15.3,126.0,131
2026-01-06T13:00,22.9,30,0.0,10.9,1018.6,39.7,47.0,674.0,19.5,15.3,110.0,129
2026-01-06T14:00,22.0,34,0.0,12.7,1019.4,44.6,50.6,831.0,30.8,15.2,88.0,126
2026-01-06T15:00,21.0,37,0.0,12.8,1020.0,44.7,50.8,923.0,37.3,15.1,72.0,122
2026-01-06T16:00,20.0,41,0.0,12.5,1020.5,45.3,52.2,898.0,34.7,14.9,69.0,117
2026-01-06T17:00,19.2,46,0.0,12.0,1020.7,47.1,54.9,807.0,27.4,14.7,73.0,112
2026-01-06T18:00,18.5,50,0.0,11.6,1020.7,49.4,58.1,718.0,20.7,14.5,77.0,108
2026-01-06T19:00,17.8,54,0.0,10.3,1020.4,50.9,60.1,647.0,16.4,14.1,80.0,106
2026-01-06T20:00,17.2,57,0.0,9.9,1020.2,51.5,61.0,577.0,12.8,13.7,84.0,106
2026-01-06T21:00,16.8,59,0.0,10.3,1020.3,52.0,61.5,521.0,10.0,13.6,87.0,107
2026-01-06T22:00,16.4,60,0.0,11.3,1019.8,52.5,61.2,468.0,7.4,13.8,91.0,108
2026-01-06T23:00,16.0,62,0.0,11.7,1019.8,52.7,60.1,430.0,5.7,14.3,95.0,109
2026-01-07T00:00,15.6,62,0.0,10.8,1019.8,52.9,58.8,456.0,6.6,14.7,92.0,110
2026-01-07T01:00,15.4,62,0.0,10.6,1020.4,52.2,56.8,615.0,12.4,15.4,85.0,112
2026-01-07T02:00,15.2,62,0.0,11.2,1020.7,52.9,56.6,839.0,20.2,16.4,77.0,114
2026-01-07T03:00,15.4,61,0.0,11.5,1021.2,54.6,57.7,968.0,24.5,17.4,76.0,115
2026-01-07T04:00,16.9,56,0.0,9.8,1021.7,54.8,57.3,915.0,21.9,18.8,90.0,116
2026-01-07T05:00,18.9,49,0.0,10.2,1022.3,52.2,55.4,768.0,15.8,20.2,111.0,117
2026-01-07T06:00,20.8,42,0.0,11.3,1022.1,44.6,49.0,635.0,10.5,20.4,128.0,118
2026-01-07T07:00,22.4,32,0.0,12.4,1021.3,32.0,36.7,546.0,7.5,18.2,134.0,119
2026-01-07T08:00,23.3,27,0.0,12.2,1020.1,24.6,29.4,472.0,5.4,14.7,135.0,120
2026-01-07T09:00,23.8,25,0.0,11.6,1018.9,22.5,27.5,432.0,4.5,12.1,135.0,120
2026-01-07T10:00,23.8,25,0.0,11.8,1018.3,22.2,27.1,436.0,4.7,11.3,135.0,120
2026-01-07T11:00,23.5,25,0.0,12.3,1018.2,22.2,26.8,475.0,6.0,11.3,133.0,120
2026-01-07T12:00,22.7,27,0.0,12.1,1018.3,27.6,31.7,543.0,9.9,12.5,128.0,121
2026-01-07T13:00,21.8,28,0.0,12.2,1018.8,33.8,37.0,669.0,16.8,12.7,113.0,120
2026-01-07T14:00,20.9,29,0.0,13.7,1019.6,37.4,40.3,823.0,26.1,12.9,93.0,120
2026-01-07T15:00,19.9,33,0.0,13.6,1020.1,36.6,39.6,914.0,32.2,13.0,77.0,119
2026-01-07T16:00,18.7,40,0.0,12.9,1020.8,36.2,39.2,890.0,32.3,12.9,71.0,118
2026-01-07T17:00,17.6,47,0.0,13.6,1021.0,36.9,39.8,803.0,29.1,12.8,69.0,117
2026-01-07T18:00,17.0,50,0.0,14.4,1021.3,38.0,40.7,714.0,25.0,12.6,71.0,116
2026-01-07T19:00,16.7,50,0.0,14.1,1020.9,38.4,40.9,637.0,20.2,12.4,77.0,115
2026-01-07T20:00,16.2,50,0.0,13.7,1020.4,38.1,40.3,557.0,14.5,12.3,87.0,113
2026-01-07T21:00,15.9,50,0.0,13.5,1020.3,37.4,39.2,496.0,10.0,12.3,94.0,112
2026-01-07T22:00,15.6,50,0.0,13.4,1020.3,36.7,38.2,448.0,7.2,12.6,96.0,111
2026-01-07T23:00,15.2,51,0.0,14.4,1020.2,36.2,37.6,418.0,5.6,13.1,96.0,109
2026-01-08T00:00,15.0,51,0.0,14.2,1020.3,38.0,39.1,443.0,6.1,14.7,95.0,107
2026-01-08T01:00,14.9,52,0.0,14.3,1020.6,38.3,39.7,579.0,10.8,15.0,88.0,106
2026-01-08T02:00,14.6,53,0.0,13.2,1021.3,39.9,41.3,771.0,17.1,15.5,78.0,104
2026-01-08T03:00,14.6,53,0.0,13.1,1021.7,42.6,44.0,886.0,20.5,15.9,76.0,103
2026-01-08T04:00,15.7,50,0.0,10.0,1022.6,43.4,44.9,855.0,18.1,16.4,88.0,102
2026-01-08T05:00,17.6,45,0.0,11.4,1022.9,40.6,42.3,748.0,12.7,16.8,107.0,100
2026-01-08T06:00,19.5,36,0.0,12.6,1023.0,33.8,35.2,645.0,8.3,16.6,123.0,99
2026-01-08T07:00,20.8,26,0.0,13.4,1021.9,27.1,28.1,563.0,6.2,15.3,130.0,98
2026-01-08T08:00,21.9,21,0.0,12.4,1020.8,22.6,23.5,484.0,5.0,13.5,134.0,98
2026-01-08T09:00,22.5,18,0.0,10.8,1019.5,20.3,21.1,440.0,4.8,12.2,135.0,98
2026-01-08T10:00,22.6,18,0.0,10.5,1018.9,19.3,20.1,431.0,4.9,11.8,135.0,98
2026-01-08T11:00,22.5,19,0.0,10.5,1018.7,19.3,20.1,457.0,6.0,12.0,133.0,97
2026-01-08T12:00,21.9,20,0.0,10.4,1018.6,11.7,11.9,544.0,9.9,12.6,124.0,97
2026-01-08T13:00,21.0,22,0.0,9.7,1019.0,17.9,18.2,757.0,19.7,12.8,106.0,96
2026-01-08T14:00,20.0,25,0.0,11.4,1019.8,23.6,24.0,1031.0,33.0,13.0,82.0,94
2026-01-08T15:00,19.0,28,0.0,12.2,1020.4,23.6,24.0,1199.0,41.5,13.1,64.0,93
2026-01-08T16:00,18.0,32,0.0,12.1,1020.9,23.2,23.8,1170.0,40.9,13.0,59.0,92
2026-01-08T17:00,17.0,39,0.0,10.9,1020.9,23.8,24.6,1034.0,35.4,12.8,60.0,91
2026-01-08T18:00,16.0,45,0.0,10.5,1020.9,25.0,25.9,901.0,29.7,12.5,62.0,90
2026-01-08T19:00,15.6,48,0.0,10.7,1020.4,25.8,26.9,800.0,25.0,12.0,64.0,88
2026-01-08T20:00,15.1,49,0.0,10.4,1020.5,25.8,26.9,700.0,20.1,11.5,68.0,87
2026-01-08T21:00,14.8,49,0.0,10.3,1020.4,25.4,26.7,620.0,15.9,11.2,72.0,86
2026-01-08T22:00,14.5,49,0.0,9.9,1020.0,25.3,26.7,534.0,11.7,11.4,77.0,85
2026-01-08T23:00,14.2,49,0.0,9.4,1019.8,25.5,27.0,467.0,8.2,11.9,83.0,84
2026-01-09T00:00,13.8,48,0.0,8.9,1019.5,24.7,26.1,511.0,8.0,11.9,84.0,83
2026-01-09T01:00,13.4,48,0.0,8.8,1019.6,25.5,26.9,779.0,15.0,13.0,76.0,82
2026-01-09T02:00,13.1,49,0.0,8.5,1019.6,28.2,29.6,1159.0,24.4,14.5,65.0,81
2026-01-09T03:00,13.2,49,0.0,8.0,1020.4,32.9,34.3,1402.0,29.7,16.0,63.0,80
2026-01-09T04:00,14.6,45,0.0,6.2,1021.4,35.2,36.4,1389.0,27.0,17.4,76.0,79
2026-01-09T05:00,16.8,38,0.0,6.6,1022.2,31.5,33.1,1240.0,20.2,18.7,98.0,78
2026-01-09T06:00,19.1,31,0.0,7.3,1022.2,25.4,27.0,1063.0,14.2,19.7,117.0,77
2026-01-09T07:00,21.0,25,0.0,7.1,1021.5,22.4,24.1,860.0,10.5,20.1,130.0,77
2026-01-09T08:00,22.1,22,0.0,6.4,1020.5,21.7,24.0,629.0,7.7,20.1,140.0,76
2026-01-09T09:00,22.8,21,0.0,5.5,1019.4,21.8,25.0,476.0,6.3,20.1,146.0,76
2026-01-09T10:00,23.0,21,0.0,5.2,1018.5,21.6,25.1,420.0,5.2,20.2,149.0,76
2026-01-09T11:00,23.1,21,0.0,4.8,1017.9,21.3,24.8,443.0,5.5,20.3,148.0,76
2026-01-09T12:00,22.6,21,0.0,4.2,1017.9,10.6,11.3,593.0,11.5,21.2,136.0,80
2026-01-09T13:00,21.8,23,0.0,2.0,1018.1,20.3,20.7,1019.0,34.5,20.8,103.0,93
2026-01-09T14:00,20.6,28,0.0,1.5,1018.9,33.2,33.5,1573.0,65.4,20.2,58.0,94
2026-01-09T15:00,19.5,27,0.0,6.2,1019.5,25.3,25.4,1860.0,82.2,19.0,29.0,81
2026-01-09T16:00,18.6,26,0.0,9.2,1020.0,18.0,18.2,1626.0,71.4,16.6,34.0,78
2026-01-09T17:00,17.3,31,0.0,11.0,1020.3,14.6,14.8,1124.0,46.5,13.5,55.0,77
2026-01-09T18:00,16.5,35,0.0,11.6,1020.6,13.4,13.8,721.0,26.4,11.3,72.0,77
2026-01-09T19:00,16.1,37,0.0,11.1,1020.4,13.8,14.2,566.0,18.5,10.7,76.0,75
2026-01-09T20:00,15.4,40,0.0,10.6,1020.1,14.7,15.3,511.0,15.3,10.9,77.0,74
2026-01-09T21:00,14.9,43,0.0,10.8,1019.8,15.5,16.5,472.0,13.1,11.4,77.0,73
2026-01-09T22:00,14.3,46,0.0,10.6,1019.8,16.4,17.6,400.0,10.0,12.1,80.0,73
2026-01-09T23:00,14.1,46,0.0,10.7,1020.0,17.4,18.6,345.0,7.9,13.1,84.0,72
2026-01-10T00:00,13.7,47,0.0,11.2,1019.7,19.7,21.0,377.0,8.8,14.1,82.0,71
2026-01-10T01:00,13.6,46,0.0,10.7,1020.0,21.4,22.7,583.0,15.1,15.3,75.0,71
2026-01-10T02:00,13.4,46,0.0,10.6,1020.6,24.8,26.1,877.0,23.5,17.1,67.0,70
2026-01-10T03:00,13.5,45,0.0,10.3,1021.0,30.3,31.4,1066.0,28.2,19.1,66.0,70
2026-01-10T04:00,14.9,41,0.0,9.2,1021.6,32.7,33.9,1058.0,25.7,21.7,80.0,70
2026-01-10T05:00,17.4,35,0.0,8.2,1021.9,31.2,32.7,946.0,19.6,24.4,102.0,69
2026-01-10T06:00,19.5,30,0.0,8.3,1021.9,30.4,32.6,820.0,14.1,26.1,121.0,69
2026-01-10T07:00,21.2,24,0.0,6.8,1021.2,28.0,30.9,688.0,10.6,25.7,133.0,70
2026-01-10T08:00,22.3,22,0.0,5.2,1020.1,25.7,28.7,542.0,7.7,24.1,142.0,70
2026-01-10T09:00,23.0,23,0.0,5.4,1019.1,25.1,28.2,449.0,6.4,23.0,147.0,71
2026-01-10T10:00,23.3,23,0.0,6.1,1018.4,25.1,28.5,368.0,4.3,22.9,152.0,71
2026-01-10T11:00,23.3,23,0.0,5.9,1018.0,25.6,28.9,340.0,3.7,23.2,153.0,71
2026-01-10T12:00,23.0,26,0.0,7.1,1017.9,24.6,26.0,556.0,12.1,25.8,143.0,86
2026-01-10T13:00,22.3,27,0.0,4.7,1018.5,34.1,35.3,1315.0,39.1,28.3,106.0,99
2026-01-10T14:00,21.5,29,0.0,4.1,1019.2,54.7,55.6,2317.0,75.4,31.5,55.0,100
2026-01-10T15:00,20.0,34,0.0,8.6,1020.2,57.7,58.4,2856.0,97.0,32.3,21.0,86
2026-01-10T16:00,18.9,32,0.0,8.0,1020.7,46.3,46.9,2486.0,90.2,28.5,21.0,79
2026-01-10T17:00,17.5,35,0.0,9.7,1021.1,39.6,40.2,1653.0,68.6,22.4,37.0,81
2026-01-10T18:00,16.5,39,0.0,8.8,1021.5,36.7,37.6,990.0,48.5,17.3,53.0,84
2026-01-10T19:00,15.7,44,0.0,9.3,1021.4,35.9,37.1,755.0,34.6,14.6,62.0,86
2026-01-10T20:00,14.9,48,0.0,9.6,1021.1,35.6,37.3,690.0,22.3,13.0,70.0,88
2026-01-10T21:00,14.3,52,0.0,9.1,1021.0,35.5,37.4,648.0,13.3,12.1,76.0,90
2026-01-10T22:00,13.8,54,0.0,9.1,1020.7,35.9,38.0,556.0,8.6,11.9,79.0,91
2026-01-10T23:00,13.4,55,0.0,9.6,1020.8,36.6,38.6,488.0,7.3,12.5,79.0,93
2026-01-11T00:00,12.9,54,0.0,9.8,1020.9,37.8,39.9,516.0,10.2,13.2,70.0,95
2026-01-11T01:00,12.4,57,0.0,10.0,1021.5,39.0,41.1,735.0,16.3,14.1,63.0,96
2026-01-11T02:00,12.1,58,0.0,10.6,1022.1,41.6,43.8,1050.0,24.5,15.3,55.0,98
2026-01-11T03:00,12.1,58,0.0,10.5,1022.7,46.1,48.3,1253.0,29.1,16.8,55.0,99
2026-01-11T04:00,13.6,52,0.0,9.1,1023.6,48.4,50.4,1249.0,26.9,18.9,71.0,101
2026-01-11T05:00,16.1,43,0.0,8.8,1024.4,44.0,46.7,1134.0,21.2,21.3,96.0,103
2026-01-11T06:00,19.1,32,0.0,7.6,1024.2,41.0,44.4,985.0,15.9,22.5,116.0,104
2026-01-11T07:00,21.2,24,0.0,7.6,1023.1,36.1,39.6,790.0,11.9,21.7,128.0,105
2026-01-11T08:00,22.6,21,0.0,8.2,1021.7,30.3,33.8,562.0,8.2,19.7,136.0,106
2026-01-11T09:00,23.5,17,0.0,8.3,1020.5,26.6,29.7,418.0,6.2,17.8,140.0,106
2026-01-11T10:00,23.8,16,0.0,8.5,1019.7,24.2,27.1,416.0,5.7,16.1,140.0,107
2026-01-11T11:00,23.6,16,0.0,8.8,1019.3,22.7,25.3,499.0,6.9,14.4,136.0,106
2026-01-11T12:00,23.0,16,0.0,9.5,1019.3,22.7,24.9,612.0,11.3,13.2,127.0,106
2026-01-11T13:00,21.6,19,0.0,9.5,1019.8,30.5,31.9,775.0,22.6,12.8,107.0,106
2026-01-11T14:00,20.4,23,0.0,10.8,1020.6,36.4,37.5,967.0,37.0,12.8,82.0,106
2026-01-11T15:00,19.0,27,0.0,11.6,1021.0,35.6,36.6,1073.0,45.3,12.9,65.0,104
2026-01-11T16:00,17.5,32,0.0,11.8,1021.1,35.4,36.6,1020.0,41.7,13.0,63.0,101
2026-01-11T17:00,16.4,39,0.0,11.5,1021.4,36.8,38.1,880.0,31.9,13.2,70.0,100
2026-01-11T18:00,15.4,42,0.0,10.8,1021.5,38.9,40.3,757.0,23.5,13.1,75.0,100
2026-01-11T19:00,14.7,46,0.0,10.5,1021.1,40.5,42.1,690.0,19.4,12.6,76.0,100
2026-01-11T20:00,14.1,48,0.0,9.8,1020.8,41.3,43.1,640.0,16.6,11.9,76.0,101
2026-01-11T21:00,13.6,49,0.0,9.6,1020.7,41.4,43.3,594.0,14.4,11.3,76.0,101
2026-01-11T22:00,13.2,49,0.0,8.9,1020.4,41.3,43.2,504.0,11.3,10.8,78.0,102
2026-01-11T23:00,12.8,48,0.0,8.9,1020.3,40.6,42.5,418.0,8.6,10.5,80.0,102
2026-01-12T00:00,12.5,47,0.0,8.9,1020.0,40.4,42.5,466.0,9.2,10.2,79.0,103
2026-01-12T01:00,11.9,48,0.0,8.7,1020.1,41.3,43.5,769.0,18.6,11.2,67.0,103
2026-01-12T02:00,11.4,48,0.0,8.0,1020.5,44.6,46.9,1205.0,31.3,12.6,51.0,103
2026-01-12T03:00,11.2,49,0.0,7.9,1021.0,52.2,54.4,1540.0,39.2,14.1,46.0,104
2026-01-12T04:00,12.7,44,0.0,5.7,1021.3,57.4,59.4,1700.0,37.8,15.1,60.0,104
2026-01-12T05:00,15.2,39,0.0,4.5,1022.0,54.5,57.4,1758.0,31.6,16.1,85.0,105
2026-01-12T06:00,18.2,32,0.0,3.1,1021.8,54.1,58.2,1698.0,25.5,18.7,109.0,106
2026-01-12T07:00,20.5,28,0.0,1.8,1021.0,50.2,54.4,1441.0,20.5,24.1,130.0,108
2026-01-12T08:00,22.0,29,0.0,1.4,1019.6,46.1,49.8,1065.0,15.6,31.0,150.0,109
2026-01-12T09:00,22.8,33,0.0,4.1,1018.7,44.5,48.1,790.0,12.8,36.7,165.0,111
2026-01-12T10:00,22.8,40,0.0,7.3,1018.0,43.9,47.5,683.0,9.6,40.1,177.0,113
2026-01-12T11:00,22.2,45,0.0,9.0,1017.7,43.7,47.3,678.0,8.6,42.3,183.0,115
2026-01-12T12:00,21.2,50,0.0,8.7,1017.8,27.4,28.5,794.0,17.2,38.6,168.0,117
2026-01-12T13:00,20.2,57,0.0,6.5,1018.0,42.6,43.8,1070.0,50.5,38.5,124.0,117
2026-01-12T14:00,19.7,62,0.0,5.6,1018.7,58.7,59.8,1468.0,96.0,38.3,64.0,123
2026-01-12T15:00,19.4,65,0.0,4.5,1019.3,67.1,68.5,1891.0,126.7,38.8,20.0,121
2026-01-12T16:00,18.9,74,0.0,0.9,1019.8,77.1,78.7,2433.0,128.8,41.3,8.0,124
2026-01-12T17:00,18.5,73,0.0,1.0,1020.1,79.2,80.6,3000.0,116.2,44.4,12.0,129
2026-01-12T18:00,17.2,75,0.0,2.8,1020.4,71.5,72.4,3219.0,103.8,44.3,16.0,133
2026-01-12T19:00,17.0,69,0.0,4.6,1020.3,62.9,63.1,2811.0,97.8,37.9,15.0,136
2026-01-12T20:00,16.0,62,0.0,6.1,1020.2,53.9,54.1,2054.0,92.0,28.3,15.0,139
2026-01-12T21:00,15.1,52,0.0,6.2,1020.2,47.4,47.5,1410.0,82.7,20.8,18.0,140
2026-01-12T22:00,14.4,48,0.0,7.7,1019.9,43.3,43.5,1010.0,65.5,17.7,29.0,141
2026-01-12T23:00,13.9,47,0.0,8.1,1019.7,41.0,41.1,723.0,44.9,16.6,43.0,141
2026-01-13T00:00,13.3,48,0.0,7.6,1019.4,38.8,39.0,620.0,32.8,16.4,51.0,141
2026-01-13T01:00,12.9,49,0.0,7.6,1019.6,36.6,36.8,820.0,34.8,17.0,49.0,141
2026-01-13T02:00,12.6,51,0.0,8.3,1020.4,36.6,36.8,1203.0,37.2,17.8,46.0,140
2026-01-13T03:00,12.6,51,0.0,8.2,1020.9,39.2,39.6,1481.0,37.1,19.0,51.0,139
2026-01-13T04:00,14.2,46,0.0,6.2,1021.7,39.6,39.8,1549.0,32.3,20.7,69.0,138
2026-01-13T05:00,16.7,41,0.0,5.7,1022.3,31.7,32.1,1512.0,25.1,22.7,94.0,136
2026-01-13T06:00,19.7,36,0.0,5.9,1022.2,27.5,28.3,1393.0,18.6,24.4,116.0,134
2026-01-13T07:00,22.0,31,0.0,6.0,1021.2,25.3,26.8,1135.0,13.7,25.4,131.0,131
2026-01-13T08:00,23.2,32,0.0,4.5,1019.9,24.6,27.4,796.0,9.7,26.0,143.0,128
2026-01-13T09:00,24.0,32,0.0,3.1,1018.7,25.0,28.8,571.0,7.5,26.6,150.0,126
2026-01-13T10:00,24.4,33,0.0,1.6,1018.0,25.7,30.2,498.0,4.4,26.7,154.0,124
2026-01-13T11:00,24.2,34,0.0,2.3,1017.6,26.7,31.3,541.0,3.2,26.8,153.0,122
2026-01-13T12:00,23.0,42,0.0,9.1,1017.5,27.4,31.4,781.0,13.2,28.7,138.0,121
2026-01-13T13:00,21.2,50,0.0,9.8,1017.7,38.9,42.4,1379.0,38.7,31.0,105.0,121
2026-01-13T14:00,20.5,51,0.0,5.1,1018.4,56.6,59.6,2176.0,73.4,34.1,58.0,120
2026-01-13T15:00,20.3,52,0.0,0.5,1019.0,63.1,65.7,2776.0,96.7,36.6,24.0,120
2026-01-13T16:00,19.9,53,0.0,4.3,1019.4,68.7,70.8,3022.0,97.6,38.4,13.0,120
2026-01-13T17:00,19.2,52,0.0,4.3,1019.7,73.3,75.2,3071.0,87.0,39.6,15.0,119
2026-01-13T18:00,17.8,53,0.0,3.4,1019.6,74.5,75.9,3002.0,76.8,38.5,16.0,118
2026-01-13T19:00,18.1,45,0.0,4.6,1019.1,71.2,72.2,2813.0,70.9,33.6,14.0,118
2026-01-13T20:00,17.4,46,0.0,4.4,1018.9,67.1,68.0,2505.0,65.3,26.4,12.0,119
2026-01-13T21:00,16.5,49,0.0,3.7,1018.5,63.6,64.7,2160.0,59.8,20.6,11.0,121
2026-01-13T22:00,15.9,52,0.0,4.0,1018.1,61.0,62.2,1678.0,53.4,17.1,11.0,122
2026-01-13T23:00,15.4,55,0.0,4.7,1017.5,58.6,59.6,1159.0,46.9,15.0,11.0,124
2026-01-14T00:00,14.7,55,0.0,4.0,1017.6,54.7,56.0,985.0,46.0,15.8,13.0,126
2026-01-14T01:00,14.4,57,0.0,3.3,1017.7,54.1,55.4,1527.0,47.3,17.5,9.0,128
2026-01-14T02:00,14.2,58,0.0,2.3,1018.1,57.6,59.0,2413.0,48.7,19.9,5.0,129
2026-01-14T03:00,14.4,58,0.0,3.1,1018.4,69.2,70.5,2917.0,47.4,22.4,13.0,132
2026-01-14T04:00,16.4,52,0.0,2.5,1018.7,69.8,71.2,2647.0,41.4,25.2,42.0,135
2026-01-14T05:00,19.4,49,0.0,1.1,1019.1,48.1,51.3,1993.0,32.6,28.1,83.0,138
2026-01-14T06:00,21.6,50,0.0,2.9,1019.0,32.2,40.2,1402.0,24.6,29.6,115.0,140
2026-01-14T07:00,23.0,51,0.0,5.4,1018.1,26.3,37.8,1001.0,17.9,28.5,130.0,140
2026-01-14T08:00,23.7,52,0.0,8.6,1017.0,24.2,38.0,663.0,11.9,26.0,136.0,140
2026-01-14T09:00,23.9,56,0.0,10.4,1016.0,23.0,37.5,443.0,8.3,23.9,137.0,140
2026-01-14T10:00,23.6,60,0.0,10.8,1015.5,21.9,36.6,358.0,6.8,23.0,134.0,140
2026-01-14T11:00,23.2,65,0.0,10.7,1015.4,21.1,35.2,392.0,7.8,22.6,127.0,140
2026-01-14T12:00,22.9,66,0.0,9.6,1015.2,19.6,32.5,557.0,12.9,20.8,106.0,139
2026-01-14T13:00,21.8,71,0.0,7.3,1015.6,22.2,32.5,962.0,28.4,20.0,82.0,138
2026-01-14T14:00,21.1,76,0.0,6.0,1016.0,28.5,37.4,1498.0,49.7,19.0,49.0,136
2026-01-14T15:00,20.8,78,0.0,5.5,1016.5,30.7,39.3,1849.0,64.8,18.1,24.0,133
2026-01-14T16:00,20.5,81,0.0,4.8,1016.7,31.9,40.3,1866.0,68.7,17.7,16.0,130
2026-01-14T17:00,20.0,86,0.0,4.2,1016.8,32.2,40.4,1698.0,66.4,17.6,17.0,126
2026-01-14T18:00,19.8,86,0.0,5.8,1016.7,31.7,40.9,1482.0,61.4,16.9,21.0,122
2026-01-14T19:00,19.6,84,0.0,7.5,1016.4,30.2,40.0,1225.0,53.4,15.3,28.0,118
2026-01-14T20:00,19.4,85,0.0,7.5,1016.0,28.1,37.8,919.0,42.6,13.3,37.0,113
2026-01-14T21:00,19.2,85,0.0,7.1,1015.2,26.1,35.6,674.0,33.5,11.5,45.0,109
2026-01-14T22:00,18.7,88,0.0,4.6,1014.8,26.4,36.1,442.0,26.7,10.0,50.0,105
2026-01-14T23:00,18.4,89,0.0,5.0,1014.7,27.8,38.0,271.0,21.7,8.7,53.0,102
2026-01-15T00:00,16.8,91,0.0,2.7,1014.6,31.9,41.4,419.0,18.9,7.9,53.0,99
2026-01-15T01:00,16.4,93,0.0,1.8,1014.8,36.2,45.5,1247.0,25.3,9.9,39.0,97
2026-01-15T02:00,16.0,95,0.0,0.9,1015.4,45.8,52.6,2394.0,34.1,12.7,20.0,95
2026-01-15T03:00,16.4,95,0.0,1.3,1015.8,62.4,68.0,3028.0,40.7,15.6,13.0,94
2026-01-15T04:00,17.8,92,0.0,2.6,1016.6,67.8,72.6,2656.0,44.3,18.5,29.0,93
2026-01-15T05:00,20.7,78,0.0,2.8,1017.4,64.7,69.4,1772.0,45.6,21.4,57.0,93
2026-01-15T06:00,22.9,70,0.0,3.6,1017.4,41.2,47.7,1030.0,42.9,23.9,82.0,95
2026-01-15T07:00,24.0,64,0.0,7.7,1016.7,26.0,34.7,666.0,32.6,26.0,102.0,96
2026-01-15T08:00,24.5,60,0.0,11.4,1016.0,21.1,28.3,444.0,18.2,27.5,120.0,96
2026-01-15T09:00,24.6,55,0.0,12.1,1015.1,18.7,24.9,309.0,8.0,27.9,130.0,95
2026-01-15T10:00,24.5,56,0.0,11.1,1014.5,17.3,23.5,218.0,3.9,26.2,130.0,95
2026-01-15T11:00,24.1,58,0.0,11.0,1014.0,16.0,22.6,215.0,3.9,23.2,121.0,94
2026-01-15T12:00,23.8,61,0.0,11.3,1014.0,12.3,17.1,377.0,10.0,18.5,104.0,94
2026-01-15T13:00,22.9,67,0.0,9.5,1014.1,15.5,19.8,807.0,28.3,18.6,78.0,93
2026-01-15T14:00,22.1,73,0.0,8.0,1014.6,25.4,29.5,1403.0,53.4,18.8,43.0,93
2026-01-15T15:00,21.6,75,0.0,6.8,1015.2,32.0,36.3,1938.0,72.3,20.1,16.0,92
2026-01-15T16:00,21.2,77,0.0,5.2,1015.5,39.3,44.7,2381.0,78.6,23.5,7.0,93
2026-01-15T17:00,20.6,79,0.0,5.5,1015.4,46.8,53.1,2762.0,78.5,27.8,6.0,93
2026-01-15T18:00,19.1,84,0.0,3.2,1015.6,52.3,59.3,2953.0,77.6,30.7,6.0,95
2026-01-15T19:00,19.2,81,0.0,4.2,1015.2,55.3,62.9,2863.0,77.5,30.8,5.0,96
2026-01-15T20:00,18.9,82,0.0,4.0,1014.9,55.5,63.6,2583.0,76.7,29.3,5.0,99
2026-01-15T21:00,18.5,82,0.0,3.5,1014.8,55.1,63.6,2247.0,75.6,27.7,6.0,101
2026-01-15T22:00,18.1,85,0.0,2.5,1014.6,53.0,61.7,1795.0,74.6,26.0,8.0,104
2026-01-15T23:00,17.7,86,0.0,1.9,1014.5,49.4,58.8,1287.0,73.4,24.2,12.0,107
2026-01-16T00:00,16.9,89,0.0,3.5,1014.4,48.9,59.8,1046.0,56.2,16.4,26.0,109
2026-01-16T01:00,16.8,89,0.0,5.1,1014.6,54.7,66.1,1353.0,57.1,18.3,19.0,111
2026-01-16T02:00,16.9,88,0.0,5.1,1014.9,63.3,73.6,1927.0,58.1,20.9,11.0,113
2026-01-16T03:00,17.2,86,0.0,4.1,1015.5,76.8,85.4,2240.0,56.6,23.7,13.0,115
2026-01-16T04:00,18.7,79,0.0,3.5,1015.9,74.0,81.5,2019.0,51.2,27.0,33.0,116
2026-01-16T05:00,21.1,69,0.0,2.3,1016.3,66.6,74.5,1538.0,43.3,30.5,62.0,117
2026-01-16T06:00,23.2,62,0.0,4.8,1016.4,37.8,53.9,1092.0,34.7,31.7,87.0,117
2026-01-16T07:00,24.4,57,0.0,9.8,1015.5,24.6,38.5,757.0,24.6,28.9,103.0,117
2026-01-16T08:00,24.9,53,0.0,11.6,1014.4,21.7,32.9,456.0,13.8,23.9,114.0,117
2026-01-16T09:00,24.8,53,0.0,11.5,1013.5,19.5,28.5,259.0,6.6,20.1,119.0,117
2026-01-16T10:00,25.0,51,0.0,11.1,1012.8,18.0,25.8,182.0,3.7,19.0,118.0,117
2026-01-16T11:00,24.8,50,0.0,11.9,1012.5,16.6,24.0,208.0,4.4,19.1,110.0,117
2026-01-16T12:00,24.0,54,0.0,11.8,1012.5,14.9,22.7,352.0,9.8,17.2,94.0,117
2026-01-16T13:00,22.8,67,0.0,8.5,1012.7,17.1,24.2,729.0,23.5,16.9,75.0,117
2026-01-16T14:00,21.8,76,0.0,6.9,1013.1,23.1,29.9,1225.0,42.4,16.4,48.0,117
2026-01-16T15:00,21.5,79,0.0,7.0,1013.5,27.1,34.3,1508.0,56.1,16.0,28.0,117
2026-01-16T16:00,21.3,79,0.0,7.3,1013.5,29.7,37.8,1386.0,60.4,15.9,22.0,117
2026-01-16T17:00,21.1,79,0.0,7.2,1013.4,31.7,41.3,1051.0,59.5,15.8,22.0,116
2026-01-16T18:00,20.9,78,0.0,7.0,1013.4,32.9,44.4,754.0,55.7,15.2,26.0,114
2026-01-16T19:00,21.0,77,0.0,8.8,1013.0,33.1,46.2,577.0,48.5,13.5,32.0,112
2026-01-16T20:00,20.9,78,0.0,8.5,1012.7,31.2,44.7,437.0,38.4,11.3,42.0,110
2026-01-16T21:00,20.6,81,0.0,7.5,1012.4,29.5,44.1,333.0,29.5,9.5,50.0,107
2026-01-16T22:00,20.5,83,0.0,8.0,1012.1,28.4,45.5,252.0,21.7,8.5,58.0,104
2026-01-16T23:00,20.5,83,0.0,9.1,1012.2,26.8,44.4,207.0,15.1,8.0,65.0,102
2026-01-17T00:00,20.0,83,0.0,7.4,1012.3,25.9,42.4,239.0,14.9,8.4,64.0,100
2026-01-17T01:00,19.6,86,0.0,7.6,1012.4,25.3,41.6,427.0,25.7,9.4,51.0,98
2026-01-17T02:00,19.3,87,0.0,7.7,1012.9,28.9,45.6,691.0,40.1,10.9,35.0,95
2026-01-17T03:00,19.5,83,0.0,6.8,1013.8,37.6,53.8,836.0,46.9,12.7,30.0,92
2026-01-17T04:00,20.8,75,0.0,5.2,1014.3,41.6,54.1,740.0,38.7,15.4,49.0,88
2026-01-17T05:00,22.7,68,0.0,5.7,1014.9,33.3,55.4,525.0,23.0,18.5,80.0,86
2026-01-17T06:00,23.8,65,0.0,8.1,1015.2,30.7,80.6,352.0,10.6,20.2,105.0,83
2026-01-17T07:00,25.0,56,0.0,9.6,1014.2,29.9,82.2,284.0,6.0,19.4,116.0,82
2026-01-17T08:00,25.4,52,0.0,12.0,1013.2,29.6,80.1,258.0,4.7,17.2,121.0,82
2026-01-17T09:00,25.2,51,0.0,13.0,1012.1,29.4,80.3,253.0,4.6,15.5,122.0,83
2026-01-17T10:00,25.1,50,0.0,12.7,1011.2,28.8,79.9,233.0,4.3,15.1,119.0,84
2026-01-17T11:00,24.5,52,0.0,12.2,1010.8,27.6,77.1,234.0,5.1,15.2,113.0,85
2026-01-17T12:00,23.9,53,0.0,11.8,1010.9,26.6,73.1,336.0,9.6,17.7,104.0,86
2026-01-17T13:00,23.0,60,0.0,11.0,1010.8,24.9,59.0,636.0,18.6,17.1,89.0,87
2026-01-17T14:00,22.2,65,0.0,8.8,1011.3,26.0,48.5,1037.0,31.0,16.4,68.0,88
2026-01-17T15:00,21.6,68,0.0,7.5,1011.8,26.8,44.1,1333.0,40.9,15.8,52.0,88
2026-01-17T16:00,21.2,70,0.0,6.5,1011.8,27.4,41.1,1417.0,45.9,15.7,44.0,88
2026-01-17T17:00,20.8,72,0.0,6.5,1011.9,27.8,39.3,1396.0,48.3,15.7,40.0,88
2026-01-17T18:00,20.0,74,0.0,4.0,1012.3,28.2,38.2,1381.0,48.8,15.5,38.0,87
2026-01-17T19:00,19.9,74,0.0,3.9,1011.7,28.1,37.6,1443.0,47.1,14.6,38.0,87
2026-01-17T20:00,19.2,75,0.0,4.8,1011.5,28.1,38.1,1512.0,43.5,13.3,39.0,87
2026-01-17T21:00,18.7,77,0.0,4.1,1011.1,28.1,38.9,1488.0,39.8,12.4,40.0,86
2026-01-17T22:00,18.2,79,0.0,3.1,1010.7,27.9,39.1,1252.0,35.9,12.1,39.0,86
2026-01-17T23:00,17.8,80,0.0,4.6,1010.4,27.6,38.8,922.0,31.9,12.2,36.0,86
2026-01-18T00:00,17.2,84,0.0,6.0,1010.5,33.9,47.0,754.0,35.8,13.1,23.0,86
2026-01-18T01:00,17.2,84,0.0,6.0,1010.9,35.6,49.1,925.0,37.9,13.0,15.0,87
2026-01-18T02:00,17.0,85,0.0,6.0,1011.7,42.5,56.0,1258.0,40.4,13.2,5.0,88
2026-01-18T03:00,16.8,85,0.0,6.9,1012.6,56.2,72.4,1473.0,39.9,16.0,7.0,89
2026-01-18T04:00,18.1,79,0.0,6.4,1013.3,56.2,70.8,1449.0,33.6,24.5,33.0,91
2026-01-18T05:00,20.8,66,0.0,5.1,1013.6,44.0,68.7,1309.0,24.2,35.6,72.0,92
2026-01-18T06:00,22.4,60,0.0,5.5,1014.1,33.5,69.6,1138.0,16.4,42.7,104.0,93
2026-01-18T07:00,23.3,56,0.0,5.1,1013.4,32.8,77.1,937.0,11.8,42.0,122.0,93
2026-01-18T08:00,23.7,53,0.1,6.8,1012.5,31.3,72.4,707.0,8.9,37.3,133.0,93
2026-01-18T09:00,23.6,54,0.2,8.6,1011.7,29.5,67.5,535.0,7.4,33.3,139.0,94
2026-01-18T10:00,23.5,56,0.0,9.2,1011.3,27.9,61.0,446.0,7.0,32.4,143.0,94
2026-01-18T11:00,23.3,56,0.0,8.7,1010.9,26.7,55.5,415.0,8.0,32.2,143.0,93
2026-01-18T12:00,22.9,58,0.0,10.0,1011.1,30.2,61.7,462.0,11.4,31.2,134.0,93
2026-01-18T13:00,22.2,66,0.0,9.5,1011.4,28.5,48.4,605.0,19.5,27.7,112.0,94
2026-01-18T14:00,21.9,71,0.0,8.0,1011.9,27.8,43.0,825.0,30.7,22.9,82.0,94
2026-01-18T15:00,21.7,69,0.0,7.1,1012.4,27.5,44.1,1083.0,39.8,19.1,58.0,94
2026-01-18T16:00,21.6,68,0.0,6.3,1012.7,29.5,49.5,1427.0,44.7,17.4,45.0,94
2026-01-18T17:00,21.4,69,0.0,7.7,1013.0,32.4,56.2,1809.0,47.4,16.8,38.0,94
2026-01-18T18:00,21.1,68,0.0,6.2,1013.4,35.3,63.8,2047.0,49.2,16.3,33.0,95
2026-01-18T19:00,21.1,68,0.0,4.8,1013.3,38.8,74.0,2052.0,50.4,15.7,29.0,95
2026-01-18T20:00,20.2,76,0.0,0.5,1013.0,41.8,84.5,1914.0,50.6,15.3,27.0,96
2026-01-18T21:00,19.3,79,0.0,1.5,1013.1,43.1,90.6,1717.0,49.5,14.9,25.0,98
2026-01-18T22:00,18.5,80,0.0,4.1,1013.0,43.4,92.2,1402.0,46.0,14.5,24.0,99
2026-01-18T23:00,17.3,85,0.0,5.0,1013.0,42.0,88.5,1028.0,41.3,14.1,23.0,100
2026-01-19T00:00,16.9,85,0.0,3.0,1013.2,44.0,104.5,858.0,36.8,16.2,30.0,102
2026-01-19T01:00,16.9,85,0.0,4.0,1013.3,44.0,95.0,1109.0,40.7,16.3,21.0,103
2026-01-19T02:00,16.5,85,0.0,4.8,1014.3,47.3,89.9,1565.0,45.6,16.7,9.0,104
2026-01-19T03:00,16.5,85,0.0,4.3,1015.2,58.4,97.3,1840.0,46.4,18.5,9.0,104
2026-01-19T04:00,18.4,76,0.0,3.6,1015.9,57.6,95.2,1739.0,39.3,23.4,29.0,105
2026-01-19T05:00,20.9,66,0.0,3.2,1016.6,47.6,109.4,1456.0,28.0,29.6,60.0,105
2026-01-19T06:00,22.5,63,0.0,3.2,1016.8,40.0,114.6,1189.0,18.4,33.2,88.0,105
2026-01-19T07:00,23.6,55,0.0,5.6,1016.3,39.6,105.5,998.0,12.4,31.5,109.0,106
2026-01-19T08:00,24.1,52,0.0,7.7,1015.4,39.1,95.0,824.0,8.2,27.2,127.0,106
2026-01-19T09:00,24.3,50,0.0,9.4,1014.3,38.1,89.6,683.0,5.8,23.9,138.0,107
2026-01-19T10:00,24.2,50,0.0,10.4,1014.0,37.1,86.1,549.0,4.7,23.5,142.0,108
2026-01-19T11:00,23.4,57,0.0,10.7,1013.5,37.0,85.0,449.0,5.6,24.2,139.0,109
2026-01-19T12:00,22.5,58,0.0,9.8,1013.5,34.2,75.9,481.0,9.9,25.0,129.0,110
2026-01-19T13:00,21.6,66,0.0,8.6,1013.7,35.5,70.5,773.0,20.8,23.0,103.0,111
2026-01-19T14:00,21.2,69,0.0,6.7,1014.1,37.4,70.3,1198.0,35.7,20.2,67.0,111
2026-01-19T15:00,21.0,68,0.0,6.3,1014.6,37.0,70.1,1467.0,46.4,17.9,40.0,112
2026-01-19T16:00,20.8,64,0.0,6.2,1014.8,36.9,69.4,1414.0,49.2,16.8,31.0,113
2026-01-19T17:00,20.2,63,0.0,7.4,1014.9,36.9,68.2,1206.0,47.8,16.2,30.0,114
2026-01-19T18:00,19.7,63,0.0,6.6,1015.2,36.0,66.1,1057.0,44.8,15.3,32.0,115
2026-01-19T19:00,19.5,62,0.0,6.4,1014.8,34.5,63.8,1080.0,40.2,13.7,35.0,115
2026-01-19T20:00,18.9,62,0.0,5.0,1014.5,33.1,61.2,1162.0,34.0,11.8,39.0,114
2026-01-19T21:00,18.2,64,0.0,3.0,1014.4,31.0,57.6,1180.0,28.4,10.4,43.0,113
2026-01-19T22:00,17.5,67,0.0,4.2,1014.1,29.0,54.9,1011.0,23.2,9.7,45.0,112
2026-01-19T23:00,16.9,69,0.0,4.0,1014.2,27.6,53.6,779.0,18.6,9.5,46.0,111
2026-01-20T00:00,15.8,74,0.0,3.9,1014.4,28.6,58.0,731.0,19.6,10.4,43.0,109
2026-01-20T01:00,15.8,74,0.0,4.0,1014.7,29.2,56.3,1099.0,27.5,11.8,31.0,107
2026-01-20T02:00,15.6,76,0.0,4.1,1015.3,33.3,57.6,1652.0,38.0,14.0,14.0,106
2026-01-20T03:00,15.6,77,0.0,5.2,1015.9,44.7,66.1,1943.0,42.7,16.9,11.0,104
2026-01-20T04:00,17.5,68,0.0,4.5,1016.8,45.2,68.7,1705.0,36.0,21.5,31.0,103
2026-01-20T05:00,20.6,56,0.0,3.5,1017.1,38.3,74.7,1205.0,23.5,26.7,64.0,102
2026-01-20T06:00,22.4,51,0.0,2.2,1017.1,29.3,74.3,796.0,13.4,30.0,92.0,101
2026-01-20T07:00,23.5,44,0.0,5.3,1016.3,31.9,76.4,614.0,8.9,29.6,110.0,100
2026-01-20T08:00,23.9,42,0.0,8.5,1015.5,33.8,75.9,522.0,6.8,27.1,124.0,99
2026-01-20T09:00,24.0,40,0.0,10.5,1014.6,33.2,71.5,463.0,6.0,24.9,131.0,99
2026-01-20T10:00,23.7,39,0.0,10.5,1014.2,31.7,66.4,372.0,4.9,23.7,132.0,98
2026-01-20T11:00,23.2,44,0.0,9.8,1014.0,30.3,62.4,314.0,5.1,22.8,127.0,98
2026-01-20T12:00,22.8,45,0.0,8.6,1014.1,25.3,52.4,430.0,9.1,20.4,117.0,97
2026-01-20T13:00,22.0,52,0.0,7.0,1014.2,26.7,49.7,841.0,22.2,19.6,94.0,96
2026-01-20T14:00,21.4,58,0.0,6.0,1014.7,31.1,52.2,1426.0,40.3,18.4,61.0,95
2026-01-20T15:00,21.2,58,0.0,5.4,1015.0,33.9,54.1,1958.0,54.4,17.6,36.0,95
2026-01-20T16:00,20.9,59,0.0,6.1,1015.1,36.1,55.9,2442.0,61.4,17.7,24.0,95
2026-01-20T17:00,20.5,61,0.0,4.5,1015.4,38.1,57.3,2873.0,64.4,18.2,18.0,95
2026-01-20T18:00,19.7,62,0.0,3.8,1015.8,37.0,55.4,3009.0,63.1,18.0,17.0,95
2026-01-20T19:00,19.3,64,0.0,5.0,1016.0,33.6,51.6,2648.0,55.6,16.2,22.0,95
2026-01-20T20:00,18.0,68,0.0,4.8,1015.8,30.4,47.5,1992.0,43.8,13.7,31.0,95
2026-01-20T21:00,17.2,73,0.0,5.5,1015.6,28.0,44.6,1401.0,33.9,11.7,38.0,94
2026-01-20T22:00,16.9,74,0.0,5.8,1015.1,26.3,42.3,954.0,27.1,10.7,41.0,94
2026-01-20T23:00,16.6,76,0.0,5.5,1014.8,24.6,39.6,573.0,22.2,10.2,42.0,94
2026-01-21T00:00,15.6,81,0.0,5.2,1014.9,25.1,39.9,378.0,23.9,10.6,35.0,94
2026-01-21T01:00,15.2,83,0.0,5.9,1015.2,25.4,39.5,512.0,30.4,11.2,26.0,93
2026-01-21T02:00,14.9,83,0.0,6.6,1015.9,28.5,42.0,834.0,38.9,12.3,15.0,93
2026-01-21T03:00,15.2,79,0.0,6.8,1016.6,36.7,49.2,1039.0,42.4,15.2,15.0,93
2026-01-21T04:00,17.0,69,0.0,7.0,1017.3,38.5,49.9,983.0,36.2,21.9,36.0,92
2026-01-21T05:00,20.1,55,0.0,5.3,1017.9,30.0,48.2,811.0,25.0,30.5,69.0,91
2026-01-21T06:00,21.6,50,0.0,2.0,1018.0,24.3,44.8,653.0,15.7,36.0,98.0,91
2026-01-21T07:00,22.9,44,0.0,3.9,1017.5,24.5,42.8,545.0,10.9,36.0,119.0,90
2026-01-21T08:00,23.5,42,0.0,6.7,1016.4,26.6,42.8,452.0,8.1,33.0,135.0,89
2026-01-21T09:00,23.7,42,0.0,7.6,1015.2,27.0,41.9,396.0,6.8,30.0,145.0,89
2026-01-21T10:00,23.6,43,0.0,7.6,1014.5,26.6,41.1,374.0,5.9,28.1,146.0,88
2026-01-21T11:00,23.2,46,0.0,7.2,1014.0,26.1,40.2,389.0,6.5,26.3,141.0,88
2026-01-21T12:00,22.6,50,0.0,8.4,1014.0,27.0,45.1,473.0,10.8,25.7,123.0,87
2026-01-21T13:00,21.7,55,0.0,8.9,1014.1,27.8,43.2,691.0,24.2,24.4,97.0,88
2026-01-21T14:00,21.0,59,0.0,7.7,1014.7,31.1,45.1,977.0,42.8,22.6,60.0,88
2026-01-21T15:00,20.4,63,0.0,7.0,1015.3,32.9,46.3,1165.0,57.2,21.1,31.0,88
2026-01-21T16:00,20.0,64,0.0,5.7,1015.3,35.2,49.0,1176.0,64.0,20.5,17.0,88
2026-01-21T17:00,19.7,67,0.0,6.7,1015.5,37.5,51.8,1088.0,66.6,20.2,12.0,88
2026-01-21T18:00,19.2,71,0.0,4.3,1015.6,37.8,52.7,976.0,66.5,19.4,10.0,87
2026-01-21T19:00,19.4,72,0.0,6.7,1015.4,37.0,52.6,825.0,63.1,17.4,12.0,88
2026-01-21T20:00,19.0,73,0.0,6.5,1015.2,35.5,52.4,649.0,56.9,15.0,18.0,88
2026-01-21T21:00,18.4,79,0.0,2.3,1014.7,33.9,52.9,563.0,50.8,13.4,24.0,88
2026-01-21T22:00,18.2,79,0.0,0.4,1014.0,32.2,53.7,598.0,44.1,13.3,31.0,89
2026-01-21T23:00,18.1,80,0.0,0.4,1013.4,31.9,55.1,723.0,37.4,14.0,38.0,89
2026-01-22T00:00,16.9,82,0.0,3.6,1013.3,34.1,58.4,964.0,39.9,16.3,34.0,90
2026-01-22T01:00,16.8,83,0.0,4.3,1013.4,35.5,60.5,1499.0,48.7,19.3,25.0,91
2026-01-22T02:00,16.6,85,0.0,4.9,1013.8,46.0,71.5,2150.0,60.1,23.2,13.0,92
2026-01-22T03:00,17.8,84,0.0,5.5,1013.7,56.9,82.7,2402.0,63.1,25.0,13.0,93
2026-01-22T04:00,20.5,79,0.0,7.3,1014.2,50.2,66.6,1870.0,49.6,22.8,35.0,95
2026-01-22T05:00,22.2,66,0.0,17.6,1014.5,27.9,52.9,940.0,27.7,18.5,69.0,96
2026-01-22T06:00,23.0,63,0.0,20.9,1014.3,22.8,51.5,252.0,11.0,14.8,94.0,96
2026-01-22T07:00,23.5,58,0.0,20.7,1013.7,21.7,47.7,91.0,5.5,12.3,101.0,96
2026-01-22T08:00,21.6,72,1.2,15.4,1013.3,20.8,45.4,171.0,5.3,10.4,99.0,95
2026-01-22T09:00,19.9,80,7.4,23.2,1012.7,20.5,43.1,280.0,6.1,9.6,95.0,95
2026-01-22T10:00,20.3,81,4.4,23.8,1012.1,18.1,34.7,366.0,6.6,10.5,92.0,94
2026-01-22T11:00,19.2,76,1.6,14.5,1011.9,17.3,36.8,481.0,8.2,12.5,88.0,94
2026-01-22T12:00,19.3,69,0.0,9.5,1012.1,19.2,39.5,564.0,13.1,14.7,77.0,93
2026-01-22T13:00,18.9,59,0.0,10.2,1012.4,21.7,42.8,594.0,21.8,15.9,66.0,92
2026-01-22T14:00,18.6,53,0.0,12.2,1013.5,28.0,57.5,592.0,33.4,17.5,52.0,92
2026-01-22T15:00,17.7,44,0.0,15.2,1014.1,30.9,85.9,557.0,39.0,18.3,45.0,91
2026-01-22T16:00,16.7,45,0.0,17.7,1015.0,31.5,109.4,470.0,32.9,17.6,53.0,91
2026-01-22T17:00,14.8,39,0.0,18.0,1015.8,28.2,97.8,350.0,20.8,16.1,69.0,91
2026-01-22T18:00,14.1,37,0.0,17.9,1016.0,25.4,72.9,258.0,11.3,14.5,80.0,90
2026-01-22T19:00,13.3,38,0.0,17.4,1016.2,23.5,58.6,219.0,8.0,12.9,82.0,89
2026-01-22T20:00,12.8,39,0.0,16.1,1016.2,21.3,50.5,207.0,7.4,11.3,80.0,88
2026-01-22T21:00,12.4,39,0.0,16.6,1016.4,19.8,46.0,202.0,7.1,10.3,77.0,86
2026-01-22T22:00,12.1,41,0.0,16.5,1016.5,18.5,42.6,188.0,5.9,10.2,75.0,85
2026-01-22T23:00,11.5,44,0.0,14.3,1016.5,18.3,46.6,180.0,5.1,10.6,72.0,84
2026-01-23T00:00,10.7,50,0.0,13.1,1016.5,20.1,65.2,210.0,6.0,11.1,68.0,83
2026-01-23T01:00,10.4,51,0.0,13.5,1017.0,27.5,111.3,320.0,11.5,11.2,60.0,82
2026-01-23T02:00,10.0,53,0.0,13.5,1017.6,37.3,161.1,466.0,19.0,11.4,49.0,81
2026-01-23T03:00,9.8,54,0.0,14.8,1018.4,47.3,195.6,549.0,23.2,12.1,44.0,80
2026-01-23T04:00,10.8,51,0.0,13.0,1018.9,53.7,235.6,505.0,21.0,13.5,52.0,79
2026-01-23T05:00,12.9,40,0.0,12.8,1019.5,52.7,247.7,397.0,15.6,15.3,66.0,80
2026-01-23T06:00,14.9,34,0.0,11.0,1019.9,47.7,214.2,312.0,11.1,17.1,79.0,82
2026-01-23T07:00,16.1,29,0.0,12.8,1019.3,41.2,173.7,282.0,9.0,18.9,90.0,84
2026-01-23T08:00,16.8,28,0.0,13.3,1018.3,36.4,143.9,274.0,7.9,20.8,101.0,86
2026-01-23T09:00,17.2,30,0.0,11.8,1017.3,33.1,124.3,282.0,7.8,22.5,108.0,87
2026-01-23T10:00,17.5,29,0.0,10.5,1016.8,32.2,118.0,299.0,7.6,24.2,110.0,88
2026-01-23T11:00,17.1,32,0.0,10.9,1016.6,32.0,115.7,332.0,8.3,25.6,109.0,89
2026-01-23T12:00,16.4,38,0.0,10.8,1016.8,32.6,115.3,388.0,12.4,25.1,102.0,91
2026-01-23T13:00,15.3,46,0.0,10.8,1017.0,35.3,98.3,492.0,23.5,23.1,83.0,92
2026-01-23T14:00,14.5,49,0.0,9.7,1017.6,37.3,85.2,620.0,38.9,20.3,56.0,93
2026-01-23T15:00,14.1,50,0.0,6.8,1017.9,36.2,74.7,708.0,50.7,18.4,35.0,94
2026-01-23T16:00,14.1,50,0.0,5.5,1018.1,35.5,71.2,728.0,55.7,18.4,25.0,94
2026-01-23T17:00,13.6,54,0.0,4.2,1018.0,37.6,74.5,708.0,57.1,19.2,20.0,95
2026-01-23T18:00,12.1,60,0.0,3.8,1018.2,41.4,81.3,667.0,57.1,19.4,17.0,96
2026-01-23T19:00,12.4,58,0.0,3.6,1018.1,44.2,88.2,601.0,56.5,18.1,14.0,97
2026-01-23T20:00,12.2,56,0.0,6.1,1018.0,44.1,90.1,513.0,54.5,16.1,12.0,99
2026-01-23T21:00,11.9,55,0.0,5.9,1018.0,41.9,88.0,433.0,50.3,14.4,13.0,101
2026-01-23T22:00,11.2,57,0.0,6.6,1018.1,38.8,87.3,346.0,41.9,13.4,19.0,103
2026-01-23T23:00,10.6,59,0.0,7.8,1018.4,35.9,88.2,267.0,31.2,12.7,27.0,105
2026-01-24T00:00,9.7,60,0.0,8.7,1019.2,33.5,89.4,266.0,27.3,11.8,27.0,107
2026-01-24T01:00,9.2,56,0.0,10.5,1019.9,32.0,87.8,421.0,28.4,12.3,26.0,109
2026-01-24T02:00,9.9,50,0.0,12.2,1020.6,32.7,83.8,655.0,29.7,12.9,27.0,109
2026-01-24T03:00,10.6,47,0.0,12.5,1021.7,34.9,74.5,807.0,29.1,13.2,33.0,109
2026-01-24T04:00,12.1,45,0.0,12.5,1022.4,35.0,58.0,798.0,24.8,12.9,51.0,107
2026-01-24T05:00,14.3,45,0.0,12.2,1023.0,29.0,50.8,706.0,18.6,12.2,76.0,105
2026-01-24T06:00,16.5,41,0.0,12.7,1024.0,22.8,46.8,606.0,13.2,11.4,96.0,103
2026-01-24T07:00,18.1,28,0.0,15.8,1023.5,17.2,37.5,503.0,9.5,10.4,109.0,100
2026-01-24T08:00,18.9,25,0.0,16.5,1022.3,14.9,32.8,391.0,6.6,9.3,118.0,98
2026-01-24T09:00,19.4,26,0.0,16.2,1020.8,15.3,33.2,330.0,5.1,8.7,123.0,96
2026-01-24T10:00,19.5,26,0.0,16.3,1020.2,16.2,34.1,354.0,5.2,8.9,124.0,95
2026-01-24T11:00,19.4,26,0.0,15.7,1019.6,16.9,34.8,429.0,6.8,9.7,122.0,93
2026-01-24T12:00,18.8,29,0.0,15.3,1019.8,17.2,33.8,506.0,9.7,10.5,112.0,92
2026-01-24T13:00,17.9,32,0.0,14.5,1020.3,18.8,29.6,586.0,14.6,10.7,99.0,91
2026-01-24T14:00,16.9,37,0.0,14.7,1021.2,19.6,28.5,669.0,21.2,11.0,82.0,89
2026-01-24T15:00,16.1,39,0.0,14.7,1021.6,17.9,25.3,703.0,24.9,11.1,69.0,88
2026-01-24T16:00,15.4,41,0.0,15.0,1022.0,16.1,21.7,647.0,22.9,10.8,66.0,86
2026-01-24T17:00,14.7,43,0.0,15.3,1022.1,14.8,18.7,543.0,17.9,10.2,67.0,84
2026-01-24T18:00,14.4,42,0.0,16.9,1021.7,14.1,17.0,458.0,13.4,9.7,70.0,82
2026-01-24T19:00,14.1,42,0.0,17.5,1021.6,14.0,16.6,420.0,10.4,9.1,73.0,80
2026-01-24T20:00,13.8,43,0.0,17.5,1021.0,14.6,17.2,402.0,7.9,8.5,76.0,77
2026-01-24T21:00,13.5,44,0.0,17.1,1020.8,15.9,18.2,393.0,6.0,8.2,79.0,74
2026-01-24T22:00,13.1,45,0.0,16.9,1020.4,17.4,19.3,381.0,4.7,8.3,81.0,72
2026-01-24T23:00,12.8,45,0.0,16.6,1020.8,18.9,20.9,379.0,4.1,8.7,82.0,70
2026-01-25T00:00,12.4,47,0.0,16.9,1020.2,20.0,22.8,414.0,4.6,9.0,83.0,69
2026-01-25T01:00,12.3,47,0.0,16.5,1020.4,21.7,25.1,528.0,7.7,9.5,79.0,68
2026-01-25T02:00,12.1,47,0.0,16.4,1020.9,24.2,28.1,679.0,11.9,10.1,73.0,67
2026-01-25T03:00,11.9,48,0.0,16.1,1021.2,26.7,31.1,769.0,14.3,10.7,72.0,66
2026-01-25T04:00,12.9,46,0.0,15.1,1021.8,27.6,32.2,744.0,13.1,11.1,77.0,65
2026-01-25T05:00,14.4,42,0.0,15.4,1021.7,26.1,32.2,658.0,10.2,11.4,86.0,65
2026-01-25T06:00,16.1,36,0.0,17.7,1021.6,22.4,28.7,578.0,7.7,11.6,96.0,64
2026-01-25T07:00,17.8,29,0.0,17.6,1020.8,19.7,25.2,517.0,6.3,11.4,107.0,64
2026-01-25T08:00,18.8,24,0.0,17.2,1019.3,17.6,22.2,463.0,5.5,11.1,118.0,64
2026-01-25T09:00,19.8,22,0.0,16.6,1018.2,16.5,20.5,440.0,5.4,10.9,125.0,65
2026-01-25T10:00,20.3,21,0.0,15.6,1017.4,16.2,19.7,464.0,6.0,11.0,127.0,65
2026-01-25T11:00,20.4,22,0.0,14.4,1017.0,15.8,19.2,520.0,7.4,11.3,124.0,65
2026-01-25T12:00,19.8,25,0.0,13.4,1017.2,18.5,20.6,591.0,11.1,12.5,117.0,65
2026-01-25T13:00,18.8,29,0.0,12.3,1017.3,21.8,23.6,697.0,17.1,12.6,103.0,65
2026-01-25T14:00,18.0,32,0.0,11.9,1018.0,23.9,25.6,819.0,25.2,12.7,84.0,65
2026-01-25T15:00,17.1,36,0.0,12.1,1018.5,22.9,24.6,882.0,30.2,12.9,70.0,65
2026-01-25T16:00,16.3,40,0.0,11.9,1019.0,21.7,23.4,840.0,29.2,13.2,65.0,66
2026-01-25T17:00,15.5,43,0.0,11.8,1019.0,21.5,23.2,738.0,25.0,13.7,66.0,66
2026-01-25T18:00,15.1,45,0.0,13.0,1018.7,22.1,23.9,638.0,20.7,14.2,68.0,67
2026-01-25T19:00,14.7,46,0.0,12.8,1018.3,22.9,24.8,552.0,17.1,14.8,71.0,68
2026-01-25T20:00,14.4,46,0.0,13.7,1017.6,23.2,25.3,467.0,13.4,15.4,76.0,68
2026-01-25T21:00,14.2,46,0.0,13.4,1017.2,23.7,25.8,406.0,10.3,16.1,81.0,69
2026-01-25T22:00,14.1,46,0.0,13.3,1016.8,24.3,26.3,374.0,7.7,17.0,86.0,70
2026-01-25T23:00,13.9,46,0.0,13.4,1016.5,24.8,26.6,366.0,5.8,17.9,90.0,71
2026-01-26T00:00,13.6,47,0.0,13.6,1016.3,24.3,25.3,395.0,6.1,17.9,89.0,71
2026-01-26T01:00,13.9,46,0.0,13.5,1016.5,24.7,25.5,494.0,11.0,18.2,82.0,71
2026-01-26T02:00,13.8,47,0.0,14.0,1017.4,26.0,26.5,630.0,17.6,18.7,72.0,72
2026-01-26T03:00,14.2,45,0.0,13.6,1018.4,28.7,29.2,710.0,21.2,19.3,70.0,72
2026-01-26T04:00,15.3,43,0.0,11.6,1019.6,29.5,30.0,681.0,19.1,20.2,81.0,72
2026-01-26T05:00,17.0,39,0.0,12.9,1020.0,25.2,26.0,597.0,14.0,21.2,99.0,72
2026-01-26T06:00,18.3,36,0.0,15.6,1019.4,21.4,22.9,528.0,9.9,21.5,115.0,72
2026-01-26T07:00,19.5,31,0.0,14.9,1018.1,19.0,22.2,494.0,7.9,20.2,128.0,72
2026-01-26T08:00,19.8,28,0.0,11.8,1017.1,18.9,22.4,474.0,6.8,18.2,139.0,72
2026-01-26T09:00,21.3,25,0.0,9.3,1015.9,20.0,23.0,476.0,6.7,17.2,146.0,72
2026-01-26T10:00,21.6,25,0.0,7.6,1015.3,21.5,24.2,507.0,6.9,18.2,151.0,72
2026-01-26T11:00,21.5,25,0.0,6.8,1014.9,22.6,25.0,559.0,8.1,20.1,153.0,73
2026-01-26T12:00,21.3,25,0.0,5.6,1014.8,19.6,22.4,623.0,13.6,23.1,147.0,82
2026-01-26T13:00,20.5,26,0.0,6.0,1015.4,31.8,33.8,717.0,39.0,24.5,110.0,96
2026-01-26T14:00,19.6,28,0.0,7.9,1016.5,52.0,53.2,823.0,73.0,26.4,60.0,98
2026-01-26T15:00,18.7,32,0.0,10.6,1017.2,46.4,46.7,870.0,90.5,27.2,28.0,86
2026-01-26T16:00,17.3,37,0.0,11.2,1017.6,29.3,29.3,815.0,75.6,25.9,33.0,79
2026-01-26T17:00,16.1,41,0.0,11.2,1018.0,18.9,19.0,702.0,44.2,23.6,57.0,80
2026-01-26T18:00,15.9,42,0.0,11.3,1017.8,13.9,14.6,589.0,19.7,21.3,75.0,80
2026-01-26T19:00,15.9,41,0.0,9.3,1017.7,11.9,13.4,490.0,11.7,19.5,77.0,79
2026-01-26T20:00,15.6,40,0.0,10.8,1017.3,11.2,14.0,392.0,10.6,17.7,74.0,78
2026-01-26T21:00,15.7,39,0.0,9.9,1017.4,11.5,15.6,317.0,10.1,16.3,71.0,77
2026-01-26T22:00,15.6,39,0.0,10.4,1017.3,12.5,18.0,255.0,7.7,15.1,72.0,76
2026-01-26T23:00,15.3,41,0.0,10.9,1017.4,13.7,20.4,215.0,6.1,14.3,74.0,75
2026-01-27T00:00,15.1,43,0.0,11.5,1017.9,14.5,21.1,249.0,8.0,14.5,69.0,74
2026-01-27T01:00,14.1,49,0.0,10.4,1018.2,15.8,22.7,422.0,15.6,15.0,59.0,73
2026-01-27T02:00,13.5,51,0.0,9.4,1019.1,18.6,25.5,669.0,26.0,16.0,45.0,72
2026-01-27T03:00,13.4,51,0.0,9.2,1020.0,24.8,31.2,841.0,32.2,18.1,42.0,71
2026-01-27T04:00,14.5,47,0.0,6.4,1020.9,26.3,32.6,877.0,30.6,22.4,57.0,71
2026-01-27T05:00,16.8,41,0.0,5.0,1021.3,24.1,30.6,838.0,25.0,27.9,83.0,71
2026-01-27T06:00,19.5,32,0.0,4.4,1021.4,21.6,26.9,757.0,19.4,32.5,105.0,71
2026-01-27T07:00,21.0,25,0.0,4.5,1020.7,17.2,21.9,612.0,14.9,35.6,122.0,71
2026-01-27T08:00,22.1,23,0.0,6.2,1019.4,17.5,23.6,425.0,10.5,37.7,135.0,70
2026-01-27T09:00,22.6,22,0.0,9.1,1018.5,18.8,26.4,300.0,7.7,38.3,143.0,70
2026-01-27T10:00,22.5,24,0.0,11.9,1017.7,19.3,27.5,258.0,5.8,36.7,144.0,70
2026-01-27T11:00,21.9,27,0.0,12.6,1017.6,18.8,27.2,277.0,5.5,33.6,139.0,70
2026-01-27T12:00,21.5,27,0.0,11.0,1017.4,12.9,14.2,399.0,10.6,33.3,135.0,70
2026-01-27T13:00,20.3,33,0.0,9.4,1017.8,16.5,18.3,678.0,24.6,31.9,110.0,81
2026-01-27T14:00,19.1,43,0.0,8.3,1018.5,24.7,26.4,1059.0,43.8,29.8,76.0,86
2026-01-27T15:00,18.5,50,0.0,6.9,1019.4,25.3,27.2,1421.0,57.8,28.0,50.0,80
2026-01-27T16:00,18.1,53,0.0,4.2,1019.9,24.9,27.2,1765.0,61.1,26.8,42.0,65
2026-01-27T17:00,17.4,59,0.0,1.3,1019.9,26.9,29.7,2090.0,59.1,25.9,42.0,63
2026-01-27T18:00,16.7,62,0.0,0.3,1020.4,30.0,33.4,2275.0,57.9,24.7,40.0,64
2026-01-27T19:00,17.1,62,0.0,0.2,1020.3,33.2,37.6,2272.0,60.9,23.1,32.0,65
2026-01-27T20:00,16.8,62,0.0,1.7,1020.0,37.3,42.8,2130.0,64.5,21.3,23.0,67
2026-01-27T21:00,17.0,56,0.0,4.0,1019.7,40.6,44.8,1873.0,64.3,19.7,17.0,69
2026-01-27T22:00,16.0,59,0.0,8.3,1019.6,39.9,42.0,1387.0,56.4,18.3,18.0,72
2026-01-27T23:00,14.9,60,0.0,7.3,1019.3,38.3,40.4,786.0,44.7,17.1,23.0,74
2026-01-28T00:00,14.6,53,0.0,8.5,1019.8,39.6,41.1,436.0,41.8,16.9,21.0,77
2026-01-28T01:00,14.4,53,0.0,8.1,1020.1,38.6,40.7,584.0,42.4,17.3,20.0,79
2026-01-28T02:00,14.0,55,0.0,9.1,1020.8,40.3,42.7,982.0,42.8,17.9,20.0,81
2026-01-28T03:00,13.9,56,0.0,9.0,1021.6,44.6,47.3,1253.0,40.4,19.4,28.0,83
2026-01-28T04:00,15.4,52,0.0,7.9,1022.4,45.1,47.1,1233.0,32.7,22.6,52.0,85
2026-01-28T05:00,18.1,43,0.0,8.3,1023.0,32.1,34.9,1085.0,22.1,26.5,84.0,86
2026-01-28T06:00,20.7,37,0.0,9.7,1022.9,21.5,25.3,922.0,13.8,29.0,110.0,87
2026-01-28T07:00,22.0,34,0.0,8.1,1022.1,19.5,25.7,753.0,9.6,28.6,124.0,87
2026-01-28T08:00,22.9,31,0.0,6.7,1020.9,19.3,25.3,570.0,7.5,26.7,131.0,87
2026-01-28T09:00,23.4,29,0.0,7.0,1019.7,20.4,25.7,459.0,6.8,25.6,136.0,87
2026-01-28T10:00,23.5,29,0.0,7.9,1018.9,21.5,26.4,459.0,4.3,26.2,144.0,87
2026-01-28T11:00,23.1,31,0.0,8.8,1018.4,22.5,27.2,530.0,3.2,27.5,150.0,88
2026-01-28T12:00,22.4,37,0.0,10.5,1018.4,16.5,17.1,648.0,11.5,29.9,142.0,88
2026-01-28T13:00,21.2,41,0.0,9.9,1018.6,19.2,20.7,841.0,36.9,29.6,108.0,88
2026-01-28T14:00,20.3,44,0.0,8.5,1019.1,38.8,41.1,1080.0,71.7,29.2,60.0,89
2026-01-28T15:00,19.5,49,0.0,7.0,1019.7,43.8,47.4,1247.0,96.7,29.4,25.0,90
2026-01-28T16:00,18.8,54,0.0,5.5,1019.9,47.6,52.5,1293.0,102.7,31.4,13.0,91
2026-01-28T17:00,18.0,60,0.0,6.3,1020.1,54.4,60.5,1266.0,98.9,34.0,14.0,93
2026-01-28T18:00,17.4,64,0.0,5.3,1020.1,59.8,64.3,1194.0,92.8,34.3,15.0,96
2026-01-28T19:00,17.3,65,0.0,6.5,1019.9,53.8,56.5,1065.0,86.8,30.2,14.0,98
2026-01-28T20:00,16.6,67,0.0,7.2,1019.4,46.0,48.4,892.0,78.7,23.8,13.0,100
2026-01-28T21:00,16.1,70,0.0,7.0,1019.1,39.7,42.1,736.0,69.2,18.5,15.0,101
2026-01-28T22:00,15.5,70,0.0,7.2,1018.5,34.6,37.5,585.0,56.8,15.6,21.0,101
2026-01-28T23:00,15.4,60,0.0,7.2,1018.2,30.9,34.2,452.0,43.1,13.8,29.0,101
2026-01-29T00:00,15.1,52,0.0,8.3,1018.2,28.6,32.0,436.0,34.4,12.9,34.0,100
2026-01-29T01:00,14.5,53,0.0,8.3,1018.3,27.0,30.7,655.0,37.1,13.1,29.0,99
2026-01-29T02:00,13.9,55,0.0,8.6,1019.1,27.9,32.1,991.0,40.5,13.5,24.0,98
2026-01-29T03:00,13.9,56,0.0,8.8,1019.7,32.0,36.4,1196.0,40.1,14.0,28.0,97
2026-01-29T04:00,15.4,51,0.0,8.7,1020.2,32.0,35.5,1140.0,32.3,14.7,49.0,96
2026-01-29T05:00,18.3,42,0.0,7.4,1020.6,22.9,29.2,953.0,20.8,15.5,79.0,94
2026-01-29T06:00,20.8,35,0.0,8.5,1020.9,17.4,35.3,772.0,11.7,16.1,104.0,94
2026-01-29T07:00,22.2,30,0.0,8.0,1020.1,16.3,38.5,625.0,7.5,16.1,118.0,93
2026-01-29T08:00,23.0,28,0.0,7.6,1018.9,16.5,36.8,483.0,5.7,15.9,128.0,93
2026-01-29T09:00,23.5,27,0.0,7.4,1017.6,16.7,34.6,402.0,5.2,15.7,133.0,93
2026-01-29T10:00,23.6,27,0.0,6.7,1016.7,16.7,32.0,407.0,5.0,15.7,136.0,92
2026-01-29T11:00,23.6,27,0.0,6.1,1016.3,16.6,29.6,472.0,6.0,15.8,135.0,92
2026-01-29T12:00,23.5,28,0.0,7.7,1016.2,16.1,28.0,573.0,9.7,15.4,130.0,91
2026-01-29T13:00,22.9,29,0.0,6.9,1016.4,18.5,26.2,746.0,20.2,15.3,110.0,91
2026-01-29T14:00,21.9,32,0.0,7.1,1017.2,24.0,28.6,955.0,34.3,15.1,83.0,91
2026-01-29T15:00,21.0,34,0.0,9.2,1017.7,22.8,25.7,1065.0,42.4,14.7,64.0,90
2026-01-29T16:00,20.3,38,0.0,11.0,1018.0,19.6,21.4,991.0,38.9,14.0,61.0,88
2026-01-29T17:00,19.5,41,0.0,11.6,1018.3,17.2,18.4,818.0,29.5,13.1,65.0,86
2026-01-29T18:00,18.5,45,0.0,11.6,1018.5,16.8,17.5,661.0,21.5,12.3,69.0,82
2026-01-29T19:00,17.8,49,0.0,11.3,1018.3,16.7,17.2,559.0,17.7,11.7,69.0,79
2026-01-29T20:00,17.1,52,0.0,11.6,1017.9,16.5,16.8,473.0,15.3,11.1,68.0,75
2026-01-29T21:00,16.6,53,0.0,11.7,1017.7,16.2,16.5,410.0,13.1,10.7,69.0,73
2026-01-29T22:00,16.1,55,0.0,11.7,1017.0,16.4,16.8,356.0,10.1,10.4,72.0,71
2026-01-29T23:00,15.9,55,0.0,11.8,1016.8,16.8,17.7,323.0,7.4,10.3,77.0,69
2026-01-30T00:00,15.7,55,0.0,11.7,1017.1,18.0,20.0,358.0,8.3,10.7,74.0,68
2026-01-30T01:00,15.6,55,0.0,11.2,1017.1,18.5,21.1,529.0,13.0,11.3,69.0,67
2026-01-30T02:00,15.4,55,0.0,11.0,1017.6,20.6,24.5,768.0,19.4,12.3,63.0,66
2026-01-30T03:00,15.5,55,0.0,10.7,1018.1,24.6,29.6,907.0,22.9,13.5,63.0,65
2026-01-30T04:00,17.0,50,0.0,9.2,1018.9,27.5,32.4,852.0,20.9,15.3,74.0,65
2026-01-30T05:00,19.5,42,0.0,8.6,1019.3,26.4,34.1,698.0,15.9,17.5,92.0,64
2026-01-30T06:00,21.9,35,0.0,8.7,1019.4,19.3,39.1,567.0,11.6,19.0,109.0,65
2026-01-30T07:00,23.2,29,0.0,5.0,1018.7,14.6,34.7,496.0,8.7,19.3,124.0,65
2026-01-30T08:00,24.0,26,0.0,2.6,1017.4,14.9,30.4,446.0,6.4,18.9,137.0,65
2026-01-30T09:00,24.5,25,0.0,1.7,1016.4,16.0,29.3,429.0,5.4,19.1,147.0,65
2026-01-30T10:00,24.5,26,0.0,6.2,1015.4,17.3,29.7,445.0,3.3,20.6,156.0,64
2026-01-30T11:00,24.3,29,0.0,8.7,1014.9,18.5,30.3,492.0,2.4,22.6,161.0,65
2026-01-30T12:00,23.4,34,0.0,10.6,1014.9,17.2,29.2,575.0,10.5,25.0,153.0,79
2026-01-30T13:00,22.0,38,0.0,12.3,1015.1,22.2,33.5,703.0,37.9,25.3,114.0,96
2026-01-30T14:00,20.8,43,0.0,10.5,1015.6,39.8,49.4,866.0,75.3,25.6,60.0,101
2026-01-30T15:00,19.9,48,0.0,10.1,1016.4,42.3,52.0,1047.0,101.0,25.8,20.0,90
2026-01-30T16:00,19.2,51,0.0,7.8,1017.0,41.3,50.5,1298.0,104.0,25.8,10.0,68
2026-01-30T17:00,18.8,52,0.0,6.7,1017.2,42.6,50.1,1565.0,95.4,25.7,14.0,70
2026-01-30T18:00,18.4,52,0.0,5.9,1017.1,47.0,51.5,1669.0,86.5,24.7,18.0,72
2026-01-30T19:00,18.2,47,0.0,7.2,1016.8,46.1,48.4,1478.0,81.7,22.3,17.0,75
2026-01-30T20:00,17.6,46,0.0,6.9,1016.7,43.1,44.2,1123.0,76.5,19.2,17.0,78
2026-01-30T21:00,16.6,50,0.0,7.7,1016.8,39.3,40.0,817.0,69.3,16.6,19.0,80
2026-01-30T22:00,15.9,54,0.0,7.8,1016.8,37.4,38.1,600.0,57.0,14.9,25.0,82
2026-01-30T23:00,15.5,56,0.0,7.8,1016.7,36.1,36.8,432.0,42.5,13.7,34.0,84
2026-01-31T00:00,15.2,57,0.0,8.9,1016.4,35.7,36.6,401.0,36.3,12.9,33.0,86
2026-01-31T01:00,14.9,58,0.0,8.7,1016.7,35.6,36.7,621.0,39.5,13.5,27.0,87
2026-01-31T02:00,14.8,59,0.0,8.2,1017.4,38.2,39.5,978.0,43.5,14.6,20.0,89
2026-01-31T03:00,14.8,59,0.0,8.2,1018.0,44.1,45.5,1220.0,43.7,17.2,25.0,90
2026-01-31T04:00,16.4,53,0.0,7.6,1018.8,46.1,47.8,1231.0,36.5,22.7,52.0,92
2026-01-31T05:00,19.5,43,0.0,5.0,1019.3,38.9,42.1,1125.0,25.4,29.8,91.0,94
2026-01-31T06:00,22.0,33,0.0,4.6,1019.2,29.6,33.6,997.0,16.5,34.9,124.0,95
2026-01-31T07:00,23.5,29,0.0,1.1,1018.4,27.5,33.9,858.0,11.9,36.3,144.0,96
2026-01-31T08:00,24.5,27,0.0,2.5,1017.2,27.8,37.1,695.0,9.5,35.8,157.0,97
2026-01-31T09:00,24.9,28,0.0,7.3,1016.1,29.7,41.3,565.0,8.4,35.4,167.0,98
2026-01-31T10:00,24.5,36,0.0,12.1,1015.5,31.7,44.6,469.0,8.2,36.3,176.0,99
2026-01-31T11:00,24.1,40,0.0,12.7,1015.2,32.7,46.3,407.0,9.3,37.2,181.0,101
2026-01-31T12:00,23.2,43,0.0,12.1,1015.3,25.3,37.5,429.0,11.5,33.9,173.0,102
2026-01-31T13:00,22.0,51,0.0,11.0,1015.5,27.4,38.9,602.0,18.9,30.5,148.0,125
2026-01-31T14:00,20.9,60,0.0,9.0,1016.2,31.9,41.6,860.0,29.2,25.7,113.0,137
2026-01-31T15:00,20.1,66,0.0,7.2,1016.5,31.7,42.6,1057.0,36.7,21.6,85.0,134
2026-01-31T16:00,19.7,70,0.0,6.4,1016.8,31.7,44.9,1141.0,38.7,19.1,70.0,122
2026-01-31T17:00,19.3,73,0.0,6.6,1017.2,32.9,47.8,1165.0,38.0,17.3,61.0,103
2026-01-31T18:00,18.8,76,0.0,5.1,1017.2,35.2,50.6,1138.0,37.2,15.8,54.0,100
2026-01-31T19:00,18.5,77,0.0,5.5,1017.2,36.4,51.3,1046.0,37.6,14.4,46.0,99
2026-01-31T20:00,18.1,80,0.0,5.5,1017.0,36.8,50.4,903.0,37.9,13.2,38.0,98
2026-01-31T21:00,17.6,82,0.0,5.6,1016.9,36.3,48.9,763.0,37.3,12.4,33.0,97
2026-01-31T22:00,17.3,83,0.0,5.8,1016.6,36.1,47.8,595.0,34.2,11.8,31.0,97
2026-01-31T23:00,17.1,84,0.0,5.4,1016.4,35.5,47.3,429.0,30.0,11.5,31.0,97
2026-02-01T00:00,16.5,86,0.0,5.5,1016.6,33.6,46.4,407.0,28.6,11.0,26.0,97
2026-02-01T01:00,16.2,85,0.0,6.4,1017.0,33.9,45.1,673.0,34.2,12.3,20.0,97
2026-02-01T02:00,16.1,85,0.0,6.7,1017.7,36.3,48.1,1084.0,41.5,14.3,13.0,96
2026-02-01T03:00,16.5,81,0.0,6.7,1018.4,43.5,55.9,1353.0,44.1,16.6,16.0,96
2026-02-01T04:00,18.4,71,0.0,6.1,1019.1,41.0,55.8,1331.0,37.8,19.8,39.0,96
2026-02-01T05:00,21.1,56,0.0,3.9,1019.6,31.9,61.2,1167.0,26.9,23.5,72.0,96
2026-02-01T06:00,22.8,53,0.0,1.8,1019.8,27.4,63.6,1016.0,17.7,25.8,101.0,95
2026-02-01T07:00,24.3,46,0.0,2.3,1019.0,25.1,61.0,940.0,12.2,25.6,121.0,95
2026-02-01T08:00,25.1,43,0.0,4.6,1018.0,23.4,56.7,877.0,8.4,24.0,138.0,95
2026-02-01T09:00,25.5,45,0.0,8.2,1016.9,22.6,52.9,802.0,6.5,23.0,148.0,94
2026-02-01T10:00,25.1,55,0.0,12.1,1016.5,23.7,51.6,671.0,6.4,23.7,153.0,94
2026-02-01T11:00,24.5,57,0.0,12.7,1016.2,24.7,51.1,526.0,8.3,24.9,153.0,93
2026-02-01T12:00,23.5,58,0.0,10.3,1016.3,27.6,55.2,472.0,11.2,26.8,151.0,92
2026-02-01T13:00,22.9,62,0.0,8.1,1016.7,27.8,49.0,584.0,19.6,24.1,125.0,92
2026-02-01T14:00,21.8,71,0.0,7.8,1017.1,29.3,44.9,785.0,31.3,20.4,90.0,98
2026-02-01T15:00,21.1,77,0.0,7.5,1017.5,27.5,42.0,953.0,40.5,17.6,61.0,96
2026-02-01T16:00,20.8,79,0.0,7.1,1018.2,27.7,42.1,1062.0,44.8,16.6,46.0,92
2026-02-01T17:00,20.4,83,0.0,6.8,1018.6,29.2,43.1,1137.0,46.7,16.4,39.0,92
2026-02-01T18:00,19.8,84,0.0,6.2,1018.8,32.1,44.7,1127.0,47.6,16.1,33.0,91
2026-02-01T19:00,19.5,83,0.0,8.5,1018.9,34.7,45.9,968.0,48.1,15.2,27.0,91
2026-02-01T20:00,19.1,80,0.0,8.5,1018.8,35.0,45.2,724.0,47.6,14.2,24.0,91
2026-02-01T21:00,18.8,76,0.0,8.4,1018.8,34.5,43.8,536.0,45.8,13.3,22.0,91
2026-02-01T22:00,18.3,72,0.0,8.6,1018.6,34.2,42.5,444.0,41.4,12.5,22.0,90
2026-02-01T23:00,17.6,68,0.0,8.4,1018.5,35.0,42.7,409.0,35.7,12.0,24.0,90
2026-02-02T00:00,17.0,69,0.0,8.3,1018.2,35.6,42.8,453.0,34.3,12.0,24.0,90
2026-02-02T01:00,17.0,64,0.0,8.7,1018.8,35.4,42.7,652.0,36.1,12.9,24.0,90
2026-02-02T02:00,17.0,63,0.0,9.1,1019.5,37.3,45.3,930.0,38.4,14.2,25.0,91
2026-02-02T03:00,17.4,61,0.0,9.6,1019.8,42.3,51.8,1085.0,37.6,15.4,33.0,91
2026-02-02T04:00,19.5,53,0.0,8.9,1020.4,44.7,54.1,997.0,31.3,16.8,56.0,91
2026-02-02T05:00,22.5,42,0.0,8.6,1020.8,43.0,61.7,786.0,22.0,18.1,87.0,91
2026-02-02T06:00,25.0,33,0.0,10.6,1020.5,38.1,62.9,605.0,14.2,18.5,111.0,92
2026-02-02T07:00,26.5,28,0.0,9.2,1019.6,29.7,60.5,499.0,9.4,17.0,123.0,93
2026-02-02T08:00,27.2,26,0.0,7.0,1018.4,24.7,55.5,424.0,6.1,14.6,128.0,93
2026-02-02T09:00,27.5,25,0.0,5.5,1017.5,23.6,53.6,399.0,4.4,13.1,131.0,93
2026-02-02T10:00,27.5,25,0.0,3.4,1016.8,23.5,52.6,429.0,2.0,13.3,136.0,93
2026-02-02T11:00,27.1,26,0.0,4.6,1016.3,23.7,52.0,509.0,1.2,14.4,138.0,93
2026-02-02T12:00,25.5,43,0.0,11.5,1016.4,24.9,47.7,648.0,8.6,14.6,124.0,93
2026-02-02T13:00,24.7,45,0.0,11.2,1016.6,29.9,48.0,897.0,34.4,19.5,94.0,93
2026-02-02T14:00,23.7,47,0.0,8.7,1017.2,54.5,71.2,1204.0,69.4,26.1,54.0,93
2026-02-02T15:00,23.1,49,0.0,5.5,1017.7,63.1,78.9,1421.0,92.1,29.7,24.0,95
2026-02-02T16:00,22.6,53,0.0,4.1,1018.0,58.9,73.1,1493.0,90.8,27.5,16.0,99
2026-02-02T17:00,22.1,49,0.0,6.0,1018.2,49.2,60.5,1476.0,77.2,22.4,18.0,102
2026-02-02T18:00,21.5,43,0.0,5.6,1018.4,43.8,54.4,1387.0,64.0,17.8,22.0,104
2026-02-02T19:00,21.0,43,0.0,7.3,1018.1,42.4,53.3,1192.0,55.6,15.0,24.0,105
2026-02-02T20:00,20.2,47,0.0,7.9,1018.1,41.2,52.9,926.0,47.7,12.8,26.0,106
2026-02-02T21:00,19.5,50,0.0,8.6,1017.8,39.9,51.9,711.0,40.1,11.2,30.0,106
2026-02-02T22:00,19.0,52,0.0,9.1,1017.7,38.8,51.2,573.0,31.5,10.3,35.0,107
2026-02-02T23:00,18.5,54,0.0,9.7,1017.6,37.7,50.4,486.0,23.2,9.9,41.0,107
2026-02-03T00:00,18.2,55,0.0,9.2,1018.0,37.7,51.0,499.0,18.4,9.7,45.0,108
2026-02-03T01:00,17.9,56,0.0,8.8,1018.4,38.1,51.8,698.0,22.4,10.5,43.0,108
2026-02-03T02:00,17.5,57,0.0,9.3,1019.2,41.0,54.2,996.0,27.7,11.6,41.0,108
2026-02-03T03:00,17.7,57,0.0,9.5,1019.6,46.7,59.3,1180.0,30.0,12.8,46.0,109
2026-02-03T04:00,19.5,51,0.0,8.0,1020.4,50.6,61.5,1142.0,26.5,14.5,63.0,109
2026-02-03T05:00,22.2,42,0.0,7.3,1020.5,50.4,67.5,990.0,19.9,16.2,87.0,110
2026-02-03T06:00,24.9,34,0.0,9.6,1020.2,45.2,81.7,834.0,14.0,17.0,107.0,110
2026-02-03T07:00,26.4,28,0.0,9.0,1019.2,36.4,88.0,685.0,9.8,15.8,118.0,111
2026-02-03T08:00,27.3,25,0.0,6.9,1018.0,30.0,74.0,532.0,6.4,13.5,124.0,112
2026-02-03T09:00,27.7,24,0.0,4.9,1017.2,26.8,64.7,453.0,4.5,12.0,127.0,112
2026-02-03T10:00,27.9,23,0.0,5.6,1016.7,25.2,59.4,492.0,1.3,11.7,131.0,113
2026-02-03T11:00,27.6,25,0.0,7.2,1016.4,24.6,56.3,605.0,0.0,12.2,132.0,113
2026-02-03T12:00,26.1,36,0.0,10.5,1016.6,23.1,50.4,736.0,8.7,13.4,123.0,113
2026-02-03T13:00,24.8,39,0.0,10.1,1016.7,30.6,54.0,881.0,38.4,17.1,92.0,113
2026-02-03T14:00,23.7,40,0.0,7.8,1017.1,56.8,77.8,1044.0,79.1,22.3,50.0,113
2026-02-03T15:00,22.9,44,0.0,7.7,1017.3,68.5,87.8,1180.0,107.5,26.9,19.0,113
2026-02-03T16:00,22.1,50,0.0,8.1,1017.9,75.9,96.4,1299.0,112.6,30.9,10.0,114
2026-02-03T17:00,21.9,51,0.0,8.5,1018.5,79.9,100.4,1391.0,105.5,34.3,13.0,115
2026-02-03T18:00,21.6,50,0.0,7.8,1018.6,75.2,88.9,1386.0,96.3,34.7,16.0,119
2026-02-03T19:00,21.0,47,0.0,9.0,1018.5,65.4,76.4,1215.0,88.2,29.9,15.0,122
2026-02-03T20:00,20.6,44,0.0,6.7,1018.4,54.7,65.7,948.0,77.9,22.1,15.0,124
2026-02-03T21:00,20.1,44,0.0,5.9,1017.9,45.5,56.7,722.0,66.1,15.7,18.0,126
2026-02-03T22:00,19.4,46,0.0,7.1,1017.7,38.3,49.6,564.0,50.7,12.4,28.0,126
2026-02-03T23:00,18.6,49,0.0,8.6,1017.6,33.3,44.0,448.0,33.8,10.4,42.0,126
2026-02-04T00:00,18.3,51,0.0,8.1,1018.2,30.5,40.4,430.0,22.5,9.1,49.0,126
2026-02-04T01:00,18.0,52,0.0,8.4,1018.4,28.7,38.1,599.0,24.6,9.8,47.0,125
2026-02-04T02:00,17.9,53,0.0,9.4,1019.1,29.7,38.8,866.0,27.4,10.7,45.0,124
2026-02-04T03:00,18.4,51,0.0,11.0,1019.7,33.3,42.1,1019.0,27.5,11.6,50.0,123
2026-02-04T04:00,20.5,46,0.0,11.6,1020.3,36.6,44.0,943.0,22.7,12.5,66.0,122
2026-02-04T05:00,23.6,39,0.0,11.1,1020.6,36.2,48.9,753.0,15.4,13.3,88.0,120
2026-02-04T06:00,26.2,30,0.0,14.0,1020.6,30.0,49.7,587.0,9.5,13.6,107.0,119
2026-02-04T07:00,27.5,23,0.0,15.1,1019.8,22.4,43.0,485.0,6.4,13.0,119.0,117
2026-02-04T08:00,28.1,21,0.0,14.5,1018.8,18.3,35.9,406.0,4.6,11.9,128.0,116
2026-02-04T09:00,28.5,19,0.0,13.5,1017.8,17.2,32.5,362.0,3.8,11.0,133.0,114
2026-02-04T10:00,28.7,18,0.0,13.1,1016.9,16.8,30.4,357.0,3.7,10.6,135.0,113
2026-02-04T11:00,28.6,18,0.0,13.0,1016.5,16.5,28.8,387.0,4.7,10.3,133.0,112
2026-02-04T12:00,28.1,19,0.0,13.4,1016.3,16.9,29.2,450.0,7.2,10.4,124.0,112
2026-02-04T13:00,27.4,20,0.0,11.1,1016.5,18.0,26.3,579.0,13.6,10.6,110.0,111
2026-02-04T14:00,26.4,23,0.0,10.8,1017.0,21.6,28.2,741.0,22.3,10.8,91.0,110
2026-02-04T15:00,25.2,27,0.0,12.0,1017.8,22.5,28.6,831.0,27.8,10.9,77.0,106
2026-02-04T16:00,24.1,32,0.0,13.4,1018.4,22.6,28.8,790.0,27.4,10.8,71.0,101
2026-02-04T17:00,23.2,36,0.0,14.3,1018.4,23.5,29.7,677.0,23.9,10.5,70.0,96
2026-02-04T18:00,22.5,39,0.0,13.9,1018.3,25.1,31.3,572.0,20.2,10.4,70.0,91
2026-02-04T19:00,22.0,40,0.0,13.5,1018.2,28.1,34.1,497.0,17.0,10.4,72.0,87
2026-02-04T20:00,21.5,42,0.0,14.1,1018.0,32.9,38.9,429.0,13.5,10.6,76.0,84
2026-02-04T21:00,21.2,42,0.0,14.2,1017.9,39.1,44.9,382.0,10.5,11.0,80.0,82
2026-02-04T22:00,20.8,43,0.0,14.0,1017.4,43.7,49.6,349.0,7.7,11.8,85.0,81
2026-02-04T23:00,20.5,42,0.0,14.0,1017.3,44.4,51.2,337.0,5.3,12.9,89.0,82
2026-02-05T00:00,20.1,43,0.0,14.1,1017.3,41.4,52.2,375.0,5.2,13.7,89.0,83
2026-02-05T01:00,19.8,43,0.0,13.9,1017.6,37.8,51.6,515.0,9.4,13.7,81.0,83
2026-02-05T02:00,19.5,44,0.0,13.1,1018.3,36.0,50.5,705.0,15.1,13.8,70.0,84
2026-02-05T03:00,19.5,44,0.0,13.2,1019.0,36.1,48.1,817.0,18.3,14.0,66.0,85
2026-02-05T04:00,20.8,41,0.0,12.2,1019.4,36.6,45.3,779.0,16.5,14.5,76.0,85
2026-02-05T05:00,23.0,35,0.0,12.2,1020.1,31.3,41.0,664.0,12.3,15.0,94.0,85
2026-02-05T06:00,25.3,29,0.0,13.4,1020.2,24.6,33.4,564.0,8.6,15.3,110.0,85
2026-02-05T07:00,27.0,24,0.0,12.6,1019.4,22.0,28.6,505.0,6.5,14.9,123.0,84
2026-02-05T08:00,28.1,21,0.0,11.2,1018.4,21.6,26.6,460.0,5.1,14.3,134.0,84
2026-02-05T09:00,28.7,20,0.0,9.9,1017.5,21.4,25.3,441.0,4.6,14.0,142.0,84
2026-02-05T10:00,28.9,20,0.0,9.0,1016.9,21.9,25.6,390.0,2.1,13.9,148.0,85
2026-02-05T11:00,28.6,20,0.0,8.9,1016.6,22.6,26.2,365.0,0.4,14.1,150.0,85
2026-02-05T12:00,28.0,21,0.0,8.8,1016.7,21.7,24.6,554.0,9.1,17.9,140.0,86
2026-02-05T13:00,27.2,24,0.0,7.0,1017.1,31.2,34.1,1223.0,40.5,22.9,105.0,88
2026-02-05T14:00,25.7,28,0.0,3.2,1017.6,57.3,60.3,2106.0,83.4,29.9,56.0,90
2026-02-05T15:00,24.5,30,0.0,4.2,1018.3,71.5,74.5,2589.0,112.9,35.5,20.0,91
2026-02-05T16:00,23.5,33,0.0,6.5,1018.6,79.2,82.4,2290.0,116.6,39.4,10.0,95
2026-02-05T17:00,22.5,35,0.0,7.7,1018.8,79.6,82.4,1592.0,106.8,41.9,14.0,100
2026-02-05T18:00,21.8,34,0.0,6.3,1018.9,69.6,71.9,1020.0,96.1,41.1,18.0,106
2026-02-05T19:00,21.4,35,0.0,8.2,1018.7,56.3,58.2,785.0,88.5,34.5,18.0,110
2026-02-05T20:00,20.5,37,0.0,8.8,1018.1,44.1,46.4,678.0,80.0,24.7,18.0,113
2026-02-05T21:00,19.6,40,0.0,8.3,1018.1,35.9,38.4,598.0,70.2,16.9,20.0,114
2026-02-05T22:00,18.8,44,0.0,7.4,1017.8,30.3,32.9,484.0,56.9,13.3,27.0,114
2026-02-05T23:00,17.9,47,0.0,7.2,1017.7,26.5,29.0,397.0,42.5,11.8,35.0,113
2026-02-06T00:00,17.5,50,0.0,6.6,1017.8,25.6,28.0,420.0,39.9,11.5,32.0,111
2026-02-06T01:00,17.3,51,0.0,7.3,1018.4,23.9,26.1,646.0,42.6,12.0,26.0,109
2026-02-06T02:00,17.1,51,0.0,7.5,1019.1,25.6,27.4,981.0,45.9,13.0,18.0,108
2026-02-06T03:00,17.4,50,0.0,7.6,1019.5,32.6,34.1,1226.0,45.9,15.6,23.0,107
2026-02-06T04:00,19.5,44,0.0,7.1,1020.4,35.3,36.6,1309.0,39.8,21.7,49.0,106
2026-02-06T05:00,22.8,35,0.0,4.6,1020.6,32.5,34.3,1301.0,30.3,29.5,88.0,106
2026-02-06T06:00,25.4,28,0.0,2.9,1020.5,24.0,27.2,1223.0,22.0,34.8,121.0,106
2026-02-06T07:00,26.9,24,0.0,1.5,1019.8,23.2,27.0,1036.0,15.9,35.5,145.0,106
2026-02-06T08:00,27.6,22,0.0,4.4,1018.9,24.2,29.0,778.0,10.8,33.7,164.0,106
2026-02-06T09:00,27.9,24,0.0,10.0,1018.1,26.5,32.4,582.0,7.9,32.0,176.0,107
2026-02-06T10:00,27.2,31,0.0,13.4,1017.3,28.4,35.9,486.0,7.2,31.7,181.0,107
2026-02-06T11:00,27.1,28,0.0,12.2,1016.9,29.3,37.3,453.0,8.6,31.6,180.0,108
2026-02-06T12:00,26.4,29,0.0,11.7,1016.8,34.2,43.2,505.0,12.1,32.7,177.0,109
2026-02-06T13:00,25.0,36,0.0,9.2,1017.0,38.2,43.9,721.0,22.6,29.4,147.0,129
2026-02-06T14:00,23.4,51,0.0,7.8,1017.2,40.6,44.8,1022.0,36.9,24.8,104.0,141
2026-02-06T15:00,22.1,65,0.0,8.1,1017.7,38.6,42.1,1197.0,46.0,20.8,73.0,138
2026-02-06T16:00,21.6,69,0.0,9.8,1018.2,35.9,39.3,1129.0,45.2,18.2,62.0,122
2026-02-06T17:00,21.2,70,0.0,9.2,1018.7,33.6,37.6,935.0,39.4,16.2,63.0,101
2026-02-06T18:00,20.5,77,0.0,7.5,1019.0,33.1,37.5,753.0,33.7,14.5,64.0,97
2026-02-06T19:00,20.2,80,0.0,7.3,1018.4,33.8,38.5,624.0,30.2,13.0,64.0,93
2026-02-06T20:00,20.0,81,0.0,9.5,1018.1,34.3,39.3,507.0,27.0,11.9,66.0,91
2026-02-06T21:00,19.8,81,0.0,8.9,1017.7,33.6,38.4,424.0,23.5,11.0,68.0,91
2026-02-06T22:00,19.2,87,0.0,8.4,1017.1,32.0,36.4,333.0,17.6,10.1,74.0,90
2026-02-06T23:00,18.8,90,0.0,8.3,1016.6,30.4,34.3,276.0,11.5,9.5,80.0,91
2026-02-07T00:00,18.6,84,0.0,7.1,1016.6,30.6,34.8,400.0,12.8,10.1,73.0,91
2026-02-07T01:00,18.0,84,0.0,5.9,1016.8,31.9,36.6,913.0,27.2,13.0,55.0,91
2026-02-07T02:00,17.2,86,0.0,3.8,1017.4,38.3,43.8,1606.0,46.5,17.1,31.0,92
2026-02-07T03:00,16.9,85,0.0,4.2,1017.9,53.3,60.1,2008.0,57.1,20.8,23.0,93
2026-02-07T04:00,19.3,72,0.0,4.0,1018.3,55.6,61.5,1836.0,50.8,23.7,44.0,95
2026-02-07T05:00,22.5,58,0.0,2.8,1018.7,39.5,54.7,1372.0,35.7,26.3,80.0,97
2026-02-07T06:00,25.0,51,0.0,2.3,1018.8,35.6,58.1,986.0,22.7,28.1,111.0,97
2026-02-07T07:00,26.8,42,0.0,3.6,1018.0,32.1,58.0,818.0,15.1,29.2,130.0,98
2026-02-07T08:00,27.2,46,0.0,7.4,1016.8,29.1,55.8,728.0,9.5,29.5,143.0,99
2026-02-07T09:00,27.0,54,0.0,10.8,1015.7,28.3,53.2,661.0,6.9,29.1,149.0,100
2026-02-07T10:00,26.9,49,0.0,12.1,1015.0,28.6,51.9,589.0,7.6,27.7,148.0,100
2026-02-07T11:00,26.4,47,0.0,11.3,1014.6,29.7,52.2,540.0,11.2,25.4,140.0,100
2026-02-07T12:00,25.5,52,0.0,9.5,1014.2,32.8,50.2,544.0,16.1,27.2,140.0,100
2026-02-07T13:00,24.0,68,0.0,9.9,1014.5,36.2,49.4,613.0,25.6,24.6,115.0,100
2026-02-07T14:00,22.5,79,0.0,8.3,1015.0,39.3,50.3,734.0,38.9,20.9,80.0,100
2026-02-07T15:00,21.9,84,0.0,7.8,1015.6,39.0,50.5,900.0,50.2,18.5,51.0,99
2026-02-07T16:00,21.4,88,0.0,6.0,1016.2,38.9,51.2,1163.0,57.3,18.4,36.0,100
2026-02-07T17:00,20.9,90,0.0,4.4,1016.5,41.6,53.9,1471.0,62.2,19.5,27.0,100
2026-02-07T18:00,20.2,92,0.0,4.6,1016.5,48.2,60.1,1663.0,65.7,20.3,20.0,101
2026-02-07T19:00,20.1,91,0.0,5.1,1016.1,56.1,66.8,1661.0,67.9,20.1,13.0,102
2026-02-07T20:00,19.5,94,0.0,4.8,1016.0,60.3,69.8,1542.0,68.6,19.6,8.0,104
2026-02-07T21:00,19.0,93,0.0,5.9,1015.8,61.5,71.2,1376.0,67.4,18.9,5.0,107
2026-02-07T22:00,18.8,91,0.0,4.8,1015.3,61.9,72.2,1117.0,63.1,17.6,4.0,110
2026-02-07T23:00,18.1,92,0.0,4.8,1015.2,61.2,71.5,810.0,56.9,16.2,5.0,113
2026-02-08T00:00,17.2,95,0.0,4.0,1015.0,57.9,66.6,658.0,51.6,15.0,6.0,116
2026-02-08T01:00,17.0,92,0.0,5.2,1015.1,56.5,64.3,818.0,49.2,15.1,3.0,119
2026-02-08T02:00,16.9,89,0.0,5.4,1015.6,58.7,65.9,1132.0,45.8,15.6,0.0,122
2026-02-08T03:00,17.1,84,0.0,5.0,1016.2,68.0,74.5,1331.0,42.4,18.4,10.0,124
2026-02-08T04:00,18.9,73,0.0,3.6,1016.7,65.0,73.8,1279.0,39.8,25.7,42.0,125
2026-02-08T05:00,21.5,63,0.0,2.5,1016.9,51.9,68.0,1111.0,37.2,35.2,87.0,126
2026-02-08T06:00,24.1,49,0.0,0.2,1016.9,47.8,67.1,970.0,33.2,42.0,124.0,128
2026-02-08T07:00,26.0,39,0.0,3.5,1016.3,45.8,65.9,916.0,25.7,44.1,148.0,129
2026-02-08T08:00,26.5,40,0.0,7.7,1014.9,44.0,64.5,887.0,16.8,43.5,166.0,130
2026-02-08T09:00,26.5,42,0.0,10.0,1013.5,40.2,60.8,842.0,10.9,41.6,174.0,132
2026-02-08T10:00,26.4,41,0.0,10.4,1012.6,35.3,54.6,736.0,9.4,38.5,172.0,133
2026-02-08T11:00,25.9,41,0.0,10.2,1012.3,36.0,53.6,614.0,10.9,34.1,161.0,134
2026-02-08T12:00,25.0,46,0.0,10.0,1012.1,36.7,53.8,567.0,14.5,30.2,154.0,135
2026-02-08T13:00,23.5,55,0.0,9.2,1012.3,38.8,52.6,676.0,25.4,27.8,125.0,135
2026-02-08T14:00,22.1,73,0.0,7.4,1012.5,40.9,52.3,860.0,40.2,24.3,85.0,135
2026-02-08T15:00,21.2,84,0.0,6.8,1012.9,39.9,51.6,964.0,49.9,21.2,55.0,135
2026-02-08T16:00,20.7,89,0.0,8.2,1013.6,38.1,49.8,907.0,49.9,18.8,44.0,136
2026-02-08T17:00,20.4,92,0.0,10.2,1014.0,35.7,47.8,770.0,44.9,16.7,43.0,135
2026-02-08T18:00,20.4,91,0.0,10.8,1014.0,34.3,47.0,636.0,39.1,14.7,44.0,135
2026-02-08T19:00,20.4,90,0.0,9.8,1013.5,33.5,46.9,526.0,33.6,12.5,45.0,133
2026-02-08T20:00,20.1,89,0.0,9.0,1013.3,32.4,46.8,419.0,27.4,10.5,49.0,131
2026-02-08T21:00,20.0,89,0.0,8.0,1013.0,32.1,48.5,336.0,22.2,8.9,51.0,128
2026-02-08T22:00,19.5,90,0.0,8.4,1012.6,32.8,53.6,260.0,17.4,8.0,53.0,125
2026-02-08T23:00,19.4,90,0.0,7.3,1012.0,32.5,55.3,209.0,13.6,7.5,54.0,122
2026-02-09T00:00,18.6,94,0.0,4.4,1011.9,34.6,61.2,257.0,14.0,7.4,50.0,119
2026-02-09T01:00,18.8,93,0.0,4.9,1011.9,34.8,60.5,522.0,21.5,7.8,40.0,117
2026-02-09T02:00,18.8,92,0.0,5.4,1012.6,38.8,65.7,887.0,31.4,8.5,27.0,114
2026-02-09T03:00,19.5,87,0.0,7.6,1013.4,47.6,75.0,1071.0,35.9,9.7,24.0,112
2026-02-09T04:00,21.5,78,0.0,7.2,1014.1,46.6,77.1,891.0,30.0,12.2,41.0,110
2026-02-09T05:00,23.5,61,0.0,12.1,1014.8,37.4,79.2,531.0,18.7,15.2,67.0,108
2026-02-09T06:00,25.0,55,0.0,14.4,1014.7,34.1,74.7,260.0,9.7,17.1,89.0,107
2026-02-09T07:00,25.4,54,0.2,15.7,1014.3,31.2,67.5,196.0,6.0,16.9,100.0,105
2026-02-09T08:00,25.5,53,0.1,16.0,1013.5,28.4,64.3,221.0,4.5,15.7,106.0,104
2026-02-09T09:00,25.6,52,0.0,16.2,1012.5,26.2,60.3,254.0,4.2,14.7,107.0,102
2026-02-09T10:00,25.4,53,0.0,15.9,1011.8,24.7,58.2,263.0,4.0,14.6,104.0,101
2026-02-09T11:00,24.9,57,0.0,15.2,1011.8,24.4,58.0,281.0,4.8,14.8,97.0,100
2026-02-09T12:00,24.4,61,0.0,14.1,1011.8,23.9,57.6,317.0,8.1,13.5,87.0,99
2026-02-09T13:00,23.5,69,0.0,12.7,1012.1,25.8,57.0,397.0,15.7,13.5,75.0,97
2026-02-09T14:00,22.6,74,0.0,11.0,1012.4,28.9,53.9,495.0,26.1,13.5,59.0,96
2026-02-09T15:00,22.2,78,0.0,10.3,1013.1,30.9,56.0,554.0,32.7,13.3,48.0,95
2026-02-09T16:00,22.1,80,0.0,11.9,1013.4,31.4,56.2,537.0,32.2,12.7,48.0,94
2026-02-09T17:00,21.9,83,0.0,12.5,1013.4,31.1,54.6,479.0,28.0,11.8,53.0,94
2026-02-09T18:00,21.9,82,0.0,11.8,1013.5,30.4,51.7,429.0,23.6,10.8,58.0,93
2026-02-09T19:00,21.6,84,0.0,10.0,1013.3,29.5,48.5,407.0,19.9,9.5,62.0,93
2026-02-09T20:00,21.3,87,0.0,9.2,1012.8,28.2,44.8,392.0,16.1,8.2,65.0,93
2026-02-09T21:00,21.1,89,0.0,9.1,1012.5,26.9,41.4,372.0,13.0,7.2,68.0,92
2026-02-09T22:00,21.0,91,0.0,9.2,1012.0,25.9,38.6,300.0,10.2,6.8,70.0,92
2026-02-09T23:00,20.9,92,0.0,8.6,1012.2,25.4,37.7,222.0,8.3,6.8,70.0,91
2026-02-10T00:00,20.0,90,0.1,7.3,1012.5,24.4,36.0,261.0,8.3,6.9,70.0,91
2026-02-10T01:00,19.6,87,0.1,7.2,1013.1,25.0,36.9,562.0,16.4,8.1,60.0,90
2026-02-10T02:00,19.8,85,0.0,6.1,1013.9,27.5,39.6,980.0,27.2,9.8,47.0,89
2026-02-10T03:00,20.3,83,0.0,6.0,1014.6,32.7,44.8,1203.0,32.6,11.6,43.0,88
2026-02-10T04:00,21.8,77,0.0,3.4,1015.3,32.1,49.4,1036.0,27.3,13.7,58.0,87
2026-02-10T05:00,23.8,68,0.0,4.1,1016.0,30.3,54.8,674.0,16.6,15.9,82.0,85
2026-02-10T06:00,25.0,60,0.0,5.0,1016.1,30.3,73.6,392.0,8.2,17.2,102.0,85
2026-02-10T07:00,26.1,51,0.0,5.6,1015.6,30.6,84.3,301.0,5.1,16.7,112.0,84
2026-02-10T08:00,26.8,48,0.0,7.5,1014.7,31.2,93.6,289.0,4.4,15.4,119.0,84
2026-02-10T09:00,27.0,49,0.1,9.6,1013.9,32.0,98.3,298.0,4.6,14.6,121.0,85
2026-02-10T10:00,26.3,55,0.2,12.3,1013.5,32.5,99.7,311.0,4.9,15.4,121.0,85
2026-02-10T11:00,25.6,57,0.0,13.5,1013.7,32.8,100.1,344.0,6.1,16.8,117.0,86
2026-02-10T12:00,24.6,60,0.0,13.0,1014.2,39.2,114.1,386.0,10.2,20.6,114.0,86
2026-02-10T13:00,23.9,68,0.0,11.2,1014.7,36.7,90.1,419.0,19.7,19.0,96.0,88
2026-02-10T14:00,23.0,77,0.0,10.5,1015.8,38.2,80.8,460.0,33.1,17.0,70.0,89
2026-02-10T15:00,22.5,81,0.0,6.9,1016.4,40.6,80.1,550.0,45.1,16.4,48.0,90
2026-02-10T16:00,22.1,84,0.0,4.3,1017.2,44.6,82.0,759.0,54.4,18.6,34.0,91
2026-02-10T17:00,21.9,85,0.0,3.8,1017.8,50.9,86.1,1016.0,62.4,22.3,23.0,92
2026-02-10T18:00,21.1,89,0.0,1.9,1018.1,60.3,96.2,1158.0,67.6,24.9,16.0,93
2026-02-10T19:00,21.4,86,0.0,5.1,1017.9,69.8,105.9,1081.0,69.2,25.5,11.0,96
2026-02-10T20:00,21.0,87,0.0,5.5,1017.6,74.7,109.4,888.0,68.0,25.0,9.0,100
2026-02-10T21:00,20.5,89,0.0,6.9,1017.5,74.5,99.0,719.0,65.0,24.1,11.0,104
2026-02-10T22:00,20.1,88,0.0,7.9,1017.1,66.1,83.1,600.0,60.0,22.4,17.0,109
2026-02-10T23:00,19.9,78,0.0,8.4,1017.2,57.7,70.8,504.0,53.2,20.3,26.0,114
2026-02-11T00:00,19.5,68,0.0,8.0,1017.5,55.6,65.9,491.0,54.0,20.4,26.0,117
2026-02-11T01:00,19.4,61,0.0,9.0,1018.2,50.8,58.6,642.0,47.5,20.1,37.0,120
2026-02-11T02:00,19.4,59,0.0,9.2,1019.2,48.8,55.9,876.0,38.3,19.8,52.0,123
2026-02-11T03:00,19.8,55,0.0,9.8,1019.9,49.9,56.9,1008.0,29.5,19.5,70.0,125
2026-02-11T04:00,21.7,48,0.0,9.4,1020.6,51.1,56.8,933.0,21.6,19.6,91.0,127
2026-02-11T05:00,23.6,43,0.0,10.6,1021.1,47.7,56.2,755.0,14.1,19.7,114.0,129
2026-02-11T06:00,25.4,39,0.0,14.2,1021.3,44.1,57.0,603.0,8.4,19.2,131.0,131
2026-02-11T07:00,27.2,32,0.0,16.1,1020.5,39.5,58.9,518.0,5.4,17.3,138.0,132
2026-02-11T08:00,28.2,28,0.0,16.5,1019.2,34.7,55.2,459.0,4.2,14.7,138.0,133
2026-02-11T09:00,28.9,25,0.0,16.1,1018.1,31.3,49.0,427.0,3.8,12.7,137.0,133
2026-02-11T10:00,29.2,23,0.0,15.5,1017.4,28.6,44.2,422.0,3.4,11.7,137.0,133
2026-02-11T11:00,29.1,22,0.0,15.3,1016.9,27.4,40.7,445.0,3.8,11.4,135.0,133
2026-02-11T12:00,28.7,24,0.0,14.1,1016.5,32.5,47.4,501.0,6.8,11.1,127.0,132
2026-02-11T13:00,28.0,26,0.0,13.1,1017.2,34.9,45.8,623.0,14.6,11.9,112.0,132
2026-02-11T14:00,27.0,30,0.0,13.4,1018.0,38.6,47.0,778.0,25.2,12.9,91.0,131
2026-02-11T15:00,25.9,35,0.0,13.3,1018.3,40.4,47.8,875.0,32.3,13.9,76.0,132
2026-02-11T16:00,24.9,40,0.0,12.6,1018.7,41.4,48.3,868.0,33.0,14.8,70.0,132
2026-02-11T17:00,23.9,44,0.0,11.8,1018.8,42.1,49.0,804.0,30.2,15.5,70.0,131
2026-02-11T18:00,23.1,46,0.0,10.3,1018.8,42.8,49.9,728.0,26.4,15.9,72.0,130
2026-02-11T19:00,22.5,48,0.0,10.7,1018.5,42.7,50.1,645.0,21.9,15.5,76.0,128
2026-02-11T20:00,21.9,48,0.0,10.6,1018.1,41.3,48.7,551.0,16.4,14.7,83.0,126
2026-02-11T21:00,21.6,48,0.0,10.5,1018.1,39.2,46.4,482.0,12.0,14.2,88.0,122
2026-02-11T22:00,21.2,49,0.0,10.5,1017.9,37.4,44.2,435.0,8.7,14.1,92.0,118
2026-02-11T23:00,20.5,51,0.0,10.5,1017.6,35.9,42.8,413.0,6.4,14.3,94.0,115
2026-02-12T00:00,19.7,55,0.0,10.4,1017.8,36.0,43.0,458.0,7.2,15.0,90.0,113
2026-02-12T01:00,19.3,57,0.0,10.1,1018.1,35.3,42.4,642.0,12.9,15.9,83.0,111
2026-02-12T02:00,19.0,58,0.0,9.4,1018.8,36.3,43.4,893.0,20.6,17.1,75.0,110
2026-02-12T03:00,19.1,57,0.0,9.5,1019.4,39.2,46.0,1038.0,24.9,18.2,74.0,108
2026-02-12T04:00,20.8,52,0.0,8.0,1020.1,42.0,47.7,978.0,22.6,19.1,88.0,107
2026-02-12T05:00,23.8,42,0.0,7.9,1020.5,38.0,46.1,812.0,16.9,19.9,110.0,106
2026-02-12T06:00,26.5,34,0.0,8.9,1020.2,31.4,41.0,659.0,11.8,19.8,128.0,105
2026-02-12T07:00,28.2,25,0.0,7.5,1019.3,26.2,44.8,553.0,8.5,18.2,137.0,104
2026-02-12T08:00,29.3,21,0.0,4.8,1017.9,22.8,37.0,462.0,5.9,15.9,141.0,102
2026-02-12T09:00,29.5,20,0.0,2.8,1016.8,21.2,32.2,406.0,4.6,14.3,143.0,101
2026-02-12T10:00,29.5,23,0.0,7.3,1016.0,20.7,30.3,391.0,2.7,14.2,145.0,100
2026-02-12T11:00,29.4,24,0.0,9.8,1015.0,20.6,29.6,412.0,2.2,14.9,143.0,99
2026-02-12T12:00,28.2,28,0.0,12.4,1014.8,26.8,38.6,473.0,9.2,16.7,133.0,99
2026-02-12T13:00,26.2,38,0.0,13.0,1015.0,38.2,48.2,606.0,34.7,18.0,100.0,98
2026-02-12T14:00,24.2,48,0.0,10.3,1015.6,53.4,62.2,780.0,69.7,19.8,54.0,99
2026-02-12T15:00,23.3,55,0.0,7.5,1016.3,56.2,65.0,902.0,94.0,22.4,21.0,100
2026-02-12T16:00,22.7,60,0.0,6.1,1016.8,60.5,70.5,940.0,97.9,26.8,12.0,102
2026-02-12T17:00,22.1,62,0.0,6.7,1017.1,67.8,78.5,927.0,91.3,31.8,14.0,104
2026-02-12T18:00,21.5,66,0.0,7.3,1017.4,69.6,78.9,873.0,83.5,34.1,17.0,106
2026-02-12T19:00,21.2,69,0.0,8.6,1017.0,68.0,75.2,756.0,76.8,31.3,16.0,109
2026-02-12T20:00,20.9,73,0.0,9.3,1016.4,65.2,71.0,598.0,69.0,25.9,14.0,112
2026-02-12T21:00,20.5,75,0.0,9.8,1015.9,60.3,65.4,481.0,62.9,21.3,13.0,114
2026-02-12T22:00,20.1,77,0.0,9.7,1015.3,53.9,58.4,372.0,60.3,18.8,12.0,116
2026-02-12T23:00,19.9,78,0.0,7.6,1014.5,47.5,51.9,304.0,59.4,17.2,11.0,118
2026-02-13T00:00,19.0,79,0.0,4.5,1014.5,38.1,43.1,449.0,53.1,14.8,12.0,119
2026-02-13T01:00,18.5,81,0.0,5.2,1014.6,39.3,44.8,1047.0,50.0,15.8,7.0,120
2026-02-13T02:00,17.9,86,0.0,2.4,1015.1,44.6,50.6,1859.0,45.7,17.4,1.0,120
2026-02-13T03:00,18.0,83,0.0,2.5,1015.7,58.6,64.3,2339.0,41.9,21.0,8.0,121
2026-02-13T04:00,20.4,73,0.0,1.4,1016.5,73.8,77.5,2181.0,39.9,28.3,37.0,123
2026-02-13T05:00,23.0,64,0.0,0.3,1016.9,46.0,57.2,1690.0,38.4,37.5,78.0,126
2026-02-13T06:00,25.1,55,0.0,2.9,1017.0,43.4,65.0,1245.0,35.0,44.2,116.0,127
2026-02-13T07:00,26.7,49,0.0,6.0,1016.3,44.1,72.4,961.0,27.3,46.9,149.0,128
2026-02-13T08:00,27.0,54,0.0,10.6,1015.3,44.9,74.5,721.0,17.6,47.2,178.0,130
2026-02-13T09:00,27.0,53,0.0,13.1,1014.5,46.7,74.0,552.0,11.2,45.2,193.0,132
2026-02-13T10:00,27.0,48,0.0,12.8,1014.1,45.5,69.2,473.0,9.6,40.1,186.0,135
2026-02-13T11:00,26.6,48,0.0,12.6,1013.8,42.1,63.3,464.0,11.1,32.8,165.0,138
2026-02-13T12:00,25.8,52,0.0,12.2,1013.4,26.8,36.3,495.0,15.7,24.7,137.0,140
2026-02-13T13:00,24.5,63,0.0,10.6,1013.5,26.2,35.5,576.0,25.6,21.9,109.0,140
2026-02-13T14:00,23.0,74,0.0,9.1,1013.7,28.3,38.4,697.0,39.2,18.0,72.0,139
2026-02-13T15:00,22.3,80,0.0,7.7,1014.4,30.0,41.9,796.0,48.0,14.9,44.0,136
2026-02-13T16:00,21.8,81,0.0,6.9,1014.9,29.7,42.6,870.0,48.0,13.7,37.0,133
2026-02-13T17:00,21.5,81,0.0,6.5,1015.1,29.2,42.1,921.0,43.3,13.4,40.0,130
2026-02-13T18:00,20.9,82,0.0,6.0,1015.3,29.0,40.7,896.0,38.0,12.9,44.0,126
2026-02-13T19:00,20.7,83,0.0,7.9,1015.0,28.3,38.4,726.0,32.9,11.8,47.0,122
2026-02-13T20:00,20.4,83,0.0,8.2,1014.3,26.1,34.5,479.0,27.2,10.5,52.0,118
2026-02-13T21:00,20.0,81,0.0,7.3,1013.8,23.3,30.0,304.0,22.3,9.6,55.0,114
2026-02-13T22:00,19.5,84,0.0,6.1,1013.5,21.0,26.4,213.0,17.5,8.9,57.0,110
2026-02-13T23:00,18.9,88,0.0,5.4,1013.4,19.3,23.8,193.0,13.5,8.5,58.0,106
2026-02-14T00:00,17.9,92,0.0,4.0,1013.4,21.6,28.2,360.0,15.7,9.4,51.0,103
2026-02-14T01:00,17.5,95,0.0,5.2,1013.6,23.7,30.4,923.0,25.1,12.1,37.0,102
2026-02-14T02:00,16.9,97,0.0,4.2,1014.6,30.0,37.0,1671.0,37.7,15.9,20.0,100
2026-02-14T03:00,16.9,97,0.0,2.5,1015.3,44.5,50.9,2089.0,44.9,19.5,15.0,99
2026-02-14T04:00,19.5,87,0.0,0.6,1016.0,41.0,45.5,1867.0,41.8,22.4,35.0,97
2026-02-14T05:00,22.2,81,0.0,1.3,1016.5,30.7,39.1,1314.0,33.3,25.0,67.0,95
2026-02-14T06:00,24.5,70,0.0,4.8,1016.3,26.4,34.9,841.0,25.1,27.1,96.0,93
2026-02-14T07:00,26.1,62,0.0,7.7,1015.8,22.7,29.3,589.0,18.6,28.6,117.0,92
2026-02-14T08:00,27.0,55,0.0,9.7,1014.8,21.4,27.4,417.0,12.5,29.6,134.0,90
2026-02-14T09:00,27.5,50,0.0,10.7,1014.1,20.8,26.7,312.0,8.8,29.5,142.0,88
2026-02-14T10:00,27.5,48,0.0,11.7,1013.4,20.2,26.0,279.0,7.7,28.0,139.0,85
2026-02-14T11:00,27.0,51,0.0,11.6,1012.9,19.0,24.6,314.0,9.1,25.4,127.0,83
2026-02-14T12:00,25.6,58,0.0,10.4,1012.8,17.9,21.5,388.0,13.9,24.4,115.0,81
2026-02-14T13:00,24.2,66,0.0,9.4,1012.8,19.8,25.4,524.0,25.2,22.4,91.0,80
2026-02-14T14:00,22.9,76,0.0,8.1,1013.2,25.2,31.1,700.0,40.6,19.5,57.0,80
2026-02-14T15:00,22.0,84,0.0,5.9,1013.9,27.6,34.7,820.0,51.4,17.2,32.0,80
2026-02-14T16:00,21.5,90,0.0,6.5,1014.4,28.6,36.9,849.0,53.8,16.1,24.0,79
2026-02-14T17:00,20.9,94,0.0,6.1,1014.5,29.5,39.0,822.0,51.7,15.6,24.0,79
2026-02-14T18:00,20.3,95,0.0,5.1,1014.8,30.3,40.5,749.0,47.6,14.7,27.0,79
2026-02-14T19:00,20.1,95,0.0,6.6,1014.3,30.5,41.9,602.0,41.6,13.0,30.0,79
2026-02-14T20:00,19.9,97,0.0,8.3,1014.0,28.9,41.2,409.0,33.7,11.1,36.0,80
2026-02-14T21:00,19.6,97,0.0,8.6,1013.8,27.9,40.5,268.0,26.6,9.4,40.0,80
2026-02-14T22:00,19.7,99,0.0,8.7,1013.5,28.2,40.4,189.0,20.2,7.9,43.0,80
2026-02-14T23:00,19.8,100,0.0,7.7,1013.3,30.0,42.3,163.0,14.6,6.6,44.0,81
2026-02-15T00:00,19.4,98,0.0,4.9,1013.5,34.0,48.7,257.0,15.5,7.0,38.0,82
2026-02-15T01:00,19.0,98,0.0,3.8,1013.8,38.2,54.2,602.0,24.1,9.2,27.0,83
2026-02-15T02:00,18.6,99,0.0,3.5,1014.4,46.1,65.4,1067.0,35.5,12.3,12.0,84
2026-02-15T03:00,18.6,99,0.0,2.8,1015.0,61.2,84.1,1329.0,41.6,15.8,10.0,86
2026-02-15T04:00,19.2,98,0.0,2.7,1015.5,46.0,73.3,1194.0,37.4,20.0,31.0,87
2026-02-15T05:00,21.2,88,0.0,4.3,1016.2,36.8,69.8,855.0,27.9,24.6,63.0,88
2026-02-15T06:00,23.6,75,0.0,4.9,1015.9,33.6,65.4,572.0,19.5,27.8,92.0,88
2026-02-15T07:00,25.6,65,0.0,6.4,1015.5,30.3,59.3,437.0,14.1,28.9,112.0,89
2026-02-15T08:00,26.7,60,0.0,9.5,1014.6,27.8,54.0,358.0,9.9,28.7,128.0,89
2026-02-15T09:00,26.9,60,0.0,11.6,1013.6,26.4,50.6,313.0,7.4,27.6,136.0,90
2026-02-15T10:00,26.5,60,0.0,12.0,1012.8,25.4,49.0,306.0,6.4,25.3,132.0,90
2026-02-15T11:00,25.9,63,0.0,11.8,1012.0,24.1,47.0,333.0,7.1,22.2,119.0,91
2026-02-15T12:00,24.4,70,0.0,10.9,1012.1,23.6,45.1,367.0,11.4,20.6,106.0,91
2026-02-15T13:00,23.2,77,0.0,10.2,1012.0,25.2,47.4,399.0,20.2,19.1,87.0,92
2026-02-15T14:00,22.5,82,0.0,8.7,1012.0,30.2,50.2,437.0,32.4,17.0,61.0,92
2026-02-15T15:00,22.1,85,0.0,8.0,1012.5,33.2,54.2,477.0,41.9,15.5,41.0,93
2026-02-15T16:00,21.8,87,0.0,7.6,1012.9,35.2,56.3,528.0,46.5,15.3,32.0,93
2026-02-15T17:00,21.5,88,0.0,6.8,1013.1,36.9,58.0,581.0,48.5,15.6,28.0,94
2026-02-15T18:00,21.2,91,0.0,6.7,1012.9,38.5,59.4,609.0,48.5,15.4,27.0,95
2026-02-15T19:00,21.2,91,0.0,7.4,1012.6,43.4,67.5,598.0,46.3,14.0,27.0,95
2026-02-15T20:00,21.0,91,0.0,6.5,1012.2,46.2,70.8,562.0,42.1,12.0,30.0,96
2026-02-15T21:00,20.8,91,0.0,6.3,1011.6,45.4,69.8,511.0,37.4,10.4,33.0,98
2026-02-15T22:00,20.7,91,0.0,5.9,1011.0,43.4,66.8,410.0,31.2,9.3,37.0,99
2026-02-15T23:00,20.8,91,0.0,6.0,1010.8,41.4,63.8,295.0,24.5,8.4,42.0,101
2026-02-16T00:00,20.4,90,0.0,6.7,1010.7,40.0,63.6,283.0,20.4,8.4,45.0,102
2026-02-16T01:00,20.5,87,0.0,8.0,1011.0,38.1,60.3,499.0,24.2,8.8,43.0,103
2026-02-16T02:00,20.5,86,0.0,7.4,1011.5,37.4,58.2,817.0,29.2,9.5,40.0,103
2026-02-16T03:00,21.0,84,0.0,7.2,1012.0,40.6,63.1,981.0,30.5,11.1,44.0,102
2026-02-16T04:00,22.6,76,0.0,8.7,1012.5,35.9,60.5,827.0,24.8,14.7,60.0,100
2026-02-16T05:00,23.7,69,0.0,9.6,1012.7,30.6,60.1,518.0,15.4,19.1,82.0,99
2026-02-16T06:00,24.6,62,0.0,11.0,1012.8,29.2,59.6,283.0,8.1,21.9,100.0,98
2026-02-16T07:00,25.3,59,0.0,13.3,1012.1,28.7,57.5,218.0,5.2,21.4,110.0,98
2026-02-16T08:00,25.5,58,0.0,15.1,1011.3,27.6,54.2,226.0,4.3,19.2,116.0,98
2026-02-16T09:00,25.4,58,0.0,15.1,1010.0,26.4,50.6,246.0,4.2,17.3,117.0,98
2026-02-16T10:00,25.1,57,0.0,14.8,1009.1,24.8,47.0,256.0,4.2,16.3,113.0,98
2026-02-16T11:00,24.9,58,0.0,14.3,1008.5,23.5,44.0,278.0,4.9,15.5,103.0,98
2026-02-16T12:00,24.0,64,0.0,13.0,1008.2,20.6,36.7,311.0,7.8,15.7,96.0,98
2026-02-16T13:00,23.1,69,0.0,12.6,1008.1,20.1,34.2,365.0,13.7,15.0,85.0,97
2026-02-16T14:00,22.6,72,0.0,11.5,1008.5,21.7,31.7,431.0,21.9,14.1,69.0,97
2026-02-16T15:00,22.4,75,0.0,10.7,1009.7,22.9,32.1,484.0,29.3,13.5,56.0,96
2026-02-16T16:00,22.1,76,0.0,8.2,1010.4,24.0,32.4,517.0,35.5,13.7,47.0,95
2026-02-16T17:00,21.9,79,0.0,8.6,1010.5,25.7,33.1,537.0,40.8,14.3,40.0,94
2026-02-16T18:00,21.6,80,0.0,10.9,1010.9,27.5,34.6,544.0,42.9,14.3,36.0,93
2026-02-16T19:00,21.6,80,0.0,10.4,1011.1,28.0,34.8,523.0,39.8,13.1,37.0,92
2026-02-16T20:00,21.4,82,0.0,10.0,1010.4,25.9,32.5,489.0,33.6,11.3,42.0,91
2026-02-16T21:00,21.1,84,0.0,7.5,1010.0,23.0,29.5,483.0,28.1,9.9,46.0,89
2026-02-16T22:00,20.7,86,0.0,4.8,1009.7,21.5,28.1,512.0,23.9,9.0,48.0,87
2026-02-16T23:00,20.5,87,0.0,5.4,1009.4,22.8,30.4,569.0,20.5,8.4,49.0,85
2026-02-17T00:00,19.9,89,0.0,0.3,1009.4,19.8,29.9,678.0,14.8,7.8,52.0,84
2026-02-17T01:00,20.1,87,0.0,2.8,1009.7,24.3,36.8,917.0,27.0,9.5,38.0,82
2026-02-17T02:00,19.8,89,0.0,5.3,1010.4,34.5,48.5,1209.0,43.4,12.2,20.0,81
2026-02-17T03:00,19.8,88,0.0,6.4,1011.2,51.1,64.0,1344.0,51.6,15.7,15.0,80
2026-02-17T04:00,21.0,82,0.0,4.9,1011.9,49.8,61.7,1183.0,44.0,21.1,35.0,81
2026-02-17T05:00,22.6,72,0.1,4.5,1012.5,30.4,51.7,865.0,28.3,27.3,69.0,82
2026-02-17T06:00,23.0,66,0.1,5.3,1013.2,28.2,59.8,599.0,15.5,31.7,99.0,82
2026-02-17T07:00,24.4,58,0.1,5.2,1012.9,29.7,68.9,455.0,9.9,32.7,120.0,82
2026-02-17T08:00,25.0,55,0.0,7.1,1012.0,33.3,84.1,364.0,7.3,31.8,138.0,82
2026-02-17T09:00,25.1,55,0.0,8.7,1011.3,32.8,80.3,327.0,6.0,30.6,148.0,83
2026-02-17T10:00,24.2,58,0.1,6.1,1011.0,31.9,77.8,318.0,4.9,29.9,151.0,84
2026-02-17T11:00,24.2,56,0.9,8.7,1010.5,30.4,72.9,362.0,5.2,28.9,146.0,84
2026-02-17T12:00,23.1,66,0.0,7.9,1010.8,30.0,70.5,537.0,9.2,30.3,141.0,85
2026-02-17T13:00,22.4,72,0.0,7.6,1011.1,31.2,70.5,990.0,18.2,28.3,117.0,86
2026-02-17T14:00,21.6,77,0.0,6.6,1011.8,31.5,55.6,1574.0,30.7,25.4,84.0,92
2026-02-17T15:00,21.2,81,0.0,3.8,1012.5,30.6,48.5,1923.0,41.1,23.2,57.0,89
2026-02-17T16:00,21.4,79,0.0,1.9,1013.1,31.1,46.8,1840.0,48.5,22.3,41.0,88
2026-02-17T17:00,21.2,80,0.0,2.1,1012.9,33.4,48.2,1522.0,53.8,22.0,31.0,89
2026-02-17T18:00,20.5,80,0.0,2.5,1013.3,35.6,49.8,1190.0,53.7,21.4,30.0,89
2026-02-17T19:00,20.7,70,0.0,6.2,1013.3,36.4,50.5,882.0,44.5,20.0,43.0,90
2026-02-17T20:00,19.9,65,0.0,7.5,1013.1,35.3,49.4,561.0,30.0,18.4,64.0,91
2026-02-17T21:00,19.2,65,0.0,9.0,1012.7,32.8,46.4,335.0,18.0,16.8,82.0,92
2026-02-17T22:00,18.8,66,0.0,9.2,1012.5,29.5,43.8,246.0,11.1,15.2,91.0,93
2026-02-17T23:00,18.5,66,0.0,8.6,1012.6,26.9,42.4,251.0,6.8,13.7,96.0,93
2026-02-18T00:00,18.1,67,0.0,9.4,1012.7,25.9,43.5,332.0,5.6,13.0,97.0,94
2026-02-18T01:00,17.7,68,0.0,9.5,1013.4,26.6,43.8,547.0,11.6,13.4,91.0,94
2026-02-18T02:00,17.5,68,0.0,8.4,1014.2,28.8,45.1,838.0,19.6,14.1,82.0,94
2026-02-18T03:00,17.9,67,0.0,7.6,1014.4,32.4,47.8,1013.0,23.9,15.5,82.0,94
2026-02-18T04:00,19.6,60,0.0,5.3,1015.0,33.6,50.6,962.0,20.9,18.6,97.0,92
2026-02-18T05:00,21.9,51,0.0,5.0,1015.5,34.9,56.7,795.0,14.1,22.4,119.0,91
2026-02-18T06:00,24.0,46,0.0,4.7,1015.2,36.1,60.3,651.0,8.5,24.5,137.0,91
2026-02-18T07:00,25.5,39,0.0,3.1,1014.3,32.0,57.7,577.0,5.9,23.2,145.0,92
2026-02-18T08:00,26.5,36,0.0,4.0,1013.5,28.8,53.2,526.0,4.5,20.3,147.0,92
2026-02-18T09:00,26.5,40,0.0,10.2,1012.5,27.9,51.3,493.0,4.1,18.2,148.0,92
2026-02-18T10:00,25.8,48,0.0,15.3,1011.8,28.0,50.4,466.0,3.0,18.2,150.0,91
2026-02-18T11:00,24.8,46,0.0,16.3,1011.5,28.3,49.7,456.0,3.0,19.1,151.0,91
2026-02-18T12:00,24.8,46,0.0,15.2,1011.0,22.6,36.3,496.0,8.3,18.2,139.0,99
2026-02-18T13:00,23.8,48,0.0,12.6,1011.4,24.9,38.4,628.0,26.7,18.5,111.0,108
2026-02-18T14:00,23.0,53,0.0,10.9,1012.4,33.5,42.8,809.0,52.0,18.9,72.0,106
2026-02-18T15:00,22.5,59,0.0,9.6,1013.2,38.3,46.2,942.0,70.7,19.6,42.0,93
2026-02-18T16:00,22.0,64,0.0,7.9,1013.9,41.7,49.1,996.0,77.8,21.3,29.0,90
2026-02-18T17:00,21.5,66,0.0,9.0,1014.2,44.9,52.5,1002.0,78.3,23.4,25.0,91
2026-02-18T18:00,21.1,70,0.0,6.1,1014.2,46.3,53.8,952.0,74.1,23.9,27.0,92
2026-02-18T19:00,21.1,68,0.0,6.4,1014.2,43.2,50.3,812.0,63.9,21.6,34.0,93
2026-02-18T20:00,20.7,70,0.0,7.4,1014.0,37.3,44.9,616.0,49.0,17.8,47.0,94
2026-02-18T21:00,20.2,68,0.0,8.6,1014.1,31.4,42.7,465.0,35.5,14.6,59.0,94
2026-02-18T22:00,20.0,59,0.0,8.6,1013.9,27.5,44.5,386.0,24.3,12.6,70.0,94
2026-02-18T23:00,20.1,52,0.0,9.7,1013.5,25.1,47.7,350.0,14.5,11.3,81.0,94
2026-02-19T00:00,20.6,49,0.0,11.0,1013.6,24.2,48.0,375.0,6.7,11.1,95.0,94
2026-02-19T01:00,20.4,49,0.0,10.5,1013.8,24.3,47.8,513.0,12.1,11.9,88.0,93
2026-02-19T02:00,20.3,51,0.0,10.6,1014.5,25.6,48.5,711.0,19.3,13.1,80.0,93
2026-02-19T03:00,21.1,49,0.0,11.8,1015.1,28.0,49.6,823.0,23.0,14.1,79.0,93
2026-02-19T04:00,23.2,43,0.0,10.9,1015.9,28.8,49.1,765.0,19.7,15.1,93.0,93
2026-02-19T05:00,25.9,36,0.0,12.3,1016.1,26.2,47.7,620.0,12.9,16.0,116.0,92
2026-02-19T06:00,27.9,31,0.0,13.2,1016.2,25.8,42.1,493.0,7.3,15.8,133.0,91
2026-02-19T07:00,28.8,26,0.0,14.8,1015.5,22.5,38.4,417.0,4.8,13.7,140.0,90
2026-02-19T08:00,29.5,23,0.0,15.6,1014.4,19.3,28.4,359.0,3.6,10.5,142.0,90
2026-02-19T09:00,29.9,21,0.0,17.2,1013.6,18.6,24.3,327.0,3.1,8.2,142.0,89
2026-02-19T10:00,30.0,21,0.0,17.7,1012.9,19.2,23.3,315.0,2.9,7.5,143.0,88
2026-02-19T11:00,29.9,21,0.0,17.5,1012.5,19.9,23.6,328.0,3.6,7.7,141.0,87
2026-02-19T12:00,29.5,22,0.0,17.1,1012.5,21.0,22.5,395.0,5.9,8.0,138.0,90
2026-02-19T13:00,28.5,26,0.0,15.5,1013.0,23.7,26.4,576.0,12.5,8.9,124.0,99
2026-02-19T14:00,27.6,28,0.0,12.9,1013.8,27.6,30.6,810.0,21.5,10.1,104.0,101
2026-02-19T15:00,26.8,31,0.0,12.1,1014.5,29.7,32.9,944.0,28.5,11.3,88.0,95
2026-02-19T16:00,26.0,34,0.0,9.8,1015.0,31.1,34.6,887.0,32.1,12.6,77.0,85
2026-02-19T17:00,24.9,37,0.0,11.1,1015.2,32.6,36.2,729.0,33.7,13.8,69.0,84
2026-02-19T18:00,24.2,38,0.0,12.3,1015.4,33.6,37.6,586.0,32.4,14.3,66.0,83
2026-02-19T19:00,24.4,36,0.0,12.7,1015.4,32.5,37.4,495.0,26.6,13.5,71.0,82
2026-02-19T20:00,24.1,36,0.0,13.1,1015.2,28.9,35.3,420.0,18.0,12.0,82.0,81
2026-02-19T21:00,23.7,37,0.0,12.9,1015.0,24.9,31.5,366.0,11.2,10.6,90.0,80
2026-02-19T22:00,23.3,38,0.0,13.1,1014.8,21.9,27.2,325.0,7.5,9.6,94.0,79
2026-02-19T23:00,22.9,40,0.0,13.0,1014.8,20.3,23.9,305.0,5.6,8.7,95.0,79
2026-02-20T00:00,22.3,42,0.0,12.8,1014.9,19.8,22.7,334.0,5.9,8.4,93.0,79
2026-02-20T01:00,22.0,43,0.0,11.9,1015.3,19.4,21.2,467.0,10.4,8.8,87.0,78
2026-02-20T02:00,21.6,44,0.0,11.4,1016.2,20.4,21.8,650.0,16.3,9.5,80.0,78
2026-02-20T03:00,22.0,43,0.0,12.0,1017.1,23.1,24.2,747.0,19.5,10.3,80.0,77
2026-02-20T04:00,23.8,39,0.0,10.4,1017.8,25.2,26.5,676.0,17.2,11.5,94.0,77
2026-02-20T05:00,26.4,34,0.0,12.9,1018.0,26.3,31.2,519.0,12.2,12.9,115.0,77
2026-02-20T06:00,28.6,27,0.0,17.1,1017.9,28.9,43.8,395.0,7.9,13.5,132.0,77
2026-02-20T07:00,29.4,24,0.0,16.9,1017.3,30.0,93.6,347.0,5.6,12.5,142.0,77
2026-02-20T08:00,30.0,23,0.0,14.5,1016.6,30.0,96.9,331.0,4.1,10.6,148.0,77
2026-02-20T09:00,30.5,22,0.0,13.6,1015.3,27.7,83.4,330.0,3.4,9.2,151.0,78
2026-02-20T10:00,30.6,22,0.0,13.4,1014.5,25.6,68.5,334.0,3.2,8.8,153.0,79
2026-02-20T11:00,30.4,22,0.0,13.7,1014.1,25.8,57.9,353.0,3.8,8.8,152.0,82
2026-02-20T12:00,29.8,23,0.0,13.7,1014.1,21.5,37.4,404.0,6.6,9.2,152.0,98
2026-02-20T13:00,28.9,25,0.0,13.8,1014.5,22.2,30.4,525.0,12.6,9.6,137.0,110
2026-02-20T14:00,27.8,30,0.0,12.5,1015.1,25.6,30.5,679.0,20.9,10.1,116.0,115
2026-02-20T15:00,27.1,33,0.0,11.1,1015.6,27.1,31.3,765.0,27.5,10.7,98.0,111
2026-02-20T16:00,26.3,35,0.0,12.5,1015.8,28.3,32.6,727.0,31.3,11.4,84.0,102
2026-02-20T17:00,25.3,37,0.0,12.5,1015.8,30.0,34.6,621.0,33.4,12.2,72.0,88
2026-02-20T18:00,24.5,40,0.0,11.1,1015.6,32.1,36.2,522.0,33.0,12.5,67.0,79
2026-02-20T19:00,24.0,41,0.0,11.7,1015.3,32.1,35.5,449.0,28.7,12.0,71.0,79
2026-02-20T20:00,23.4,42,0.0,11.8,1015.1,29.7,32.7,382.0,21.9,11.2,81.0,79
2026-02-20T21:00,23.0,43,0.0,11.2,1014.6,27.2,29.9,334.0,15.9,10.6,90.0,79
2026-02-20T22:00,22.7,43,0.0,11.7,1014.1,25.3,28.0,293.0,11.1,10.5,98.0,79
2026-02-20T23:00,22.5,43,0.0,11.9,1013.9,24.1,27.0,271.0,7.2,10.8,105.0,80
2026-02-21T00:00,22.3,45,0.0,12.2,1013.5,23.6,23.7,311.0,6.0,11.2,109.0,80
2026-02-21T01:00,22.1,45,0.0,11.9,1013.6,24.0,25.8,478.0,11.8,11.9,100.0,80
2026-02-21T02:00,21.8,46,0.0,11.4,1014.1,25.6,27.8,708.0,19.7,13.0,89.0,81
2026-02-21T03:00,22.4,45,0.0,11.3,1014.6,28.8,31.0,847.0,24.0,14.2,87.0,81
2026-02-21T04:00,24.4,40,0.0,8.6,1015.1,31.1,33.4,809.0,21.4,15.6,101.0,82
2026-02-21T05:00,27.1,34,0.0,8.1,1015.2,29.5,37.6,680.0,15.4,17.2,125.0,82
2026-02-21T06:00,29.0,29,0.0,5.4,1015.1,33.5,107.1,571.0,10.2,18.3,146.0,83
2026-02-21T07:00,29.8,25,0.0,3.6,1014.3,41.6,179.3,524.0,7.4,18.5,162.0,83
2026-02-21T08:00,30.1,26,0.0,8.1,1013.0,42.1,175.1,496.0,5.5,18.3,176.0,84
2026-02-21T09:00,30.3,28,0.0,12.7,1011.7,43.2,164.8,469.0,4.8,18.5,186.0,85
2026-02-21T10:00,29.8,32,0.0,16.0,1010.7,43.9,156.0,415.0,5.1,19.9,193.0,95
2026-02-21T11:00,29.6,27,0.0,15.6,1010.1,43.5,148.5,362.0,6.7,21.8,195.0,117
2026-02-21T12:00,28.9,26,0.0,13.9,1010.1,39.5,124.8,377.0,10.2,25.2,197.0,140
2026-02-21T13:00,27.8,30,0.0,11.4,1010.5,39.6,92.2,533.0,17.8,23.8,173.0,158
2026-02-21T14:00,26.2,38,0.0,8.9,1010.4,39.5,77.5,756.0,28.3,21.9,139.0,165
2026-02-21T15:00,25.2,42,0.0,8.8,1010.5,39.1,87.5,897.0,36.0,20.3,112.0,164
2026-02-21T16:00,24.5,44,0.0,8.8,1010.7,40.3,98.0,882.0,38.4,19.4,98.0,156
2026-02-21T17:00,24.0,46,0.0,9.2,1010.6,41.2,100.4,784.0,38.0,18.9,91.0,142
2026-02-21T18:00,23.2,53,0.0,9.2,1010.4,41.7,99.0,672.0,36.4,18.0,86.0,121
2026-02-21T19:00,22.6,60,0.0,9.4,1010.2,41.6,95.2,553.0,33.8,16.5,83.0,99
2026-02-21T20:00,21.9,68,0.0,10.6,1010.0,40.9,89.4,420.0,30.0,14.6,83.0,99
2026-02-21T21:00,21.5,73,0.0,9.9,1009.6,38.4,81.3,326.0,25.7,13.1,84.0,100
2026-02-21T22:00,21.2,77,0.0,8.7,1009.0,34.7,71.9,277.0,19.3,11.9,90.0,101
2026-02-21T23:00,21.0,80,0.0,7.2,1008.8,31.2,61.5,268.0,12.4,10.9,97.0,102
2026-02-22T00:00,20.4,84,0.0,5.8,1008.6,29.2,52.5,332.0,10.9,11.0,98.0,103
2026-02-22T01:00,20.6,85,0.0,7.0,1009.0,29.6,49.6,556.0,24.7,13.0,82.0,103
2026-02-22T02:00,20.8,87,0.0,7.7,1009.2,33.9,52.7,854.0,43.0,15.9,61.0,104
2026-02-22T03:00,21.3,87,0.0,8.2,1009.7,43.7,58.9,1005.0,52.1,18.3,55.0,105
2026-02-22T04:00,23.2,77,0.0,8.1,1010.3,36.0,44.9,863.0,42.8,20.1,78.0,106
2026-02-22T05:00,25.0,63,0.0,10.1,1010.6,29.1,38.0,574.0,24.3,21.6,116.0,107
2026-02-22T06:00,26.9,52,0.0,12.5,1010.5,26.1,38.8,354.0,9.8,22.1,146.0,107
2026-02-22T07:00,27.5,48,0.0,13.9,1009.8,25.0,38.9,295.0,4.9,21.1,157.0,106
2026-02-22T08:00,27.8,47,0.0,14.4,1009.0,23.7,37.5,306.0,4.1,19.1,160.0,104
2026-02-22T09:00,27.9,46,0.0,14.7,1008.0,23.1,36.4,328.0,4.4,17.7,159.0,102
2026-02-22T10:00,27.7,46,0.0,14.2,1007.2,22.9,36.2,332.0,4.2,17.4,156.0,100
2026-02-22T11:00,27.0,52,0.0,13.4,1006.8,23.0,36.9,348.0,5.1,17.7,149.0,98
2026-02-22T12:00,25.9,58,0.0,11.5,1006.6,21.4,36.1,405.0,9.7,18.7,141.0,105
2026-02-22T13:00,24.9,66,0.0,9.6,1007.0,24.7,38.2,546.0,19.6,18.1,120.0,118
2026-02-22T14:00,23.8,74,0.0,7.4,1007.4,29.9,38.8,729.0,33.2,17.4,92.0,119
2026-02-22T15:00,23.1,80,0.0,6.4,1007.8,32.6,40.3,859.0,43.0,16.7,70.0,108
2026-02-22T16:00,22.7,84,0.0,8.2,1008.3,33.8,41.2,902.0,45.8,16.4,61.0,92
2026-02-22T17:00,22.4,86,0.0,8.5,1008.4,34.0,41.8,893.0,44.9,16.3,59.0,92
2026-02-22T18:00,22.0,87,0.0,7.0,1008.3,34.7,42.7,840.0,42.3,15.8,60.0,91
2026-02-22T19:00,21.9,87,0.0,7.7,1008.4,34.8,42.6,720.0,38.0,14.6,62.0,90
2026-02-22T20:00,21.5,89,0.0,7.2,1008.5,34.6,42.5,556.0,32.1,13.1,67.0,90
2026-02-22T21:00,21.2,90,0.0,6.5,1008.4,33.1,42.1,426.0,26.4,11.7,72.0,89
2026-02-22T22:00,21.1,91,0.0,7.1,1008.0,29.6,38.4,322.0,19.9,10.4,77.0,89
2026-02-22T23:00,20.9,92,0.0,7.5,1007.7,27.1,36.3,253.0,13.7,9.2,82.0,88
2026-02-23T00:00,20.4,91,0.0,6.4,1007.2,28.0,37.7,321.0,12.8,8.7,82.0,88
2026-02-23T01:00,20.4,92,0.0,6.7,1007.7,30.7,42.0,687.0,23.7,9.6,66.0,88
2026-02-23T02:00,20.0,94,0.0,6.1,1008.5,38.6,51.1,1190.0,38.3,10.9,46.0,88
2026-02-23T03:00,20.3,93,0.0,5.3,1009.4,50.9,60.5,1449.0,45.6,12.8,40.0,88
2026-02-23T04:00,21.9,88,0.0,3.7,1010.0,47.6,57.3,1219.0,38.6,16.0,64.0,89
2026-02-23T05:00,24.4,73,0.0,7.8,1010.4,32.5,49.6,745.0,24.4,19.7,103.0,90
2026-02-23T06:00,26.5,58,0.0,7.4,1010.3,30.2,67.8,383.0,12.9,22.2,133.0,90
2026-02-23T07:00,28.0,47,0.0,8.9,1009.7,32.2,86.8,282.0,7.9,22.2,146.0,91
2026-02-23T08:00,28.6,43,0.0,10.5,1008.8,32.6,92.4,292.0,5.6,21.0,150.0,91
2026-02-23T09:00,28.8,42,0.0,11.2,1008.0,31.8,92.0,320.0,4.8,19.9,150.0,92
2026-02-23T10:00,28.5,44,0.0,11.0,1007.3,31.1,89.6,326.0,4.7,19.7,146.0,93
2026-02-23T11:00,27.9,48,0.0,10.1,1006.9,30.5,86.8,349.0,6.1,19.7,138.0,94
2026-02-23T12:00,26.9,54,0.0,11.5,1006.9,31.1,82.2,419.0,11.4,22.0,130.0,94
2026-02-23T13:00,25.2,63,0.0,10.3,1007.7,32.2,80.3,580.0,22.2,21.6,109.0,100
2026-02-23T14:00,23.6,75,0.0,8.6,1008.2,34.6,65.9,787.0,36.9,21.0,79.0,101
2026-02-23T15:00,23.0,81,0.0,6.6,1009.0,35.5,62.4,935.0,47.7,20.2,56.0,96
2026-02-23T16:00,22.7,85,0.0,7.8,1009.5,35.3,61.0,969.0,50.7,19.0,47.0,96
2026-02-23T17:00,22.2,89,0.0,8.3,1009.6,35.0,59.5,944.0,49.6,17.7,44.0,97
2026-02-23T18:00,21.9,92,0.0,3.4,1009.9,35.7,58.6,915.0,47.7,16.4,42.0,97
2026-02-23T19:00,21.6,93,0.0,4.6,1009.9,37.0,58.6,916.0,46.5,15.5,39.0,97
2026-02-23T20:00,21.1,95,0.0,5.8,1009.7,36.9,61.0,913.0,44.4,14.7,36.0,97
2026-02-23T21:00,20.6,96,0.0,6.8,1009.3,36.2,64.0,858.0,40.6,13.7,36.0,97
2026-02-23T22:00,20.2,97,0.0,6.1,1009.1,36.6,68.7,674.0,32.8,12.1,41.0,97
2026-02-23T23:00,20.0,97,0.0,7.2,1008.8,35.9,70.8,438.0,23.3,10.3,49.0,98
2026-02-24T00:00,19.6,98,0.0,7.6,1008.8,40.7,77.5,330.0,18.3,8.2,51.0,99
2026-02-24T01:00,19.4,100,0.0,8.0,1009.2,41.0,78.9,472.0,22.5,8.2,45.0,100
2026-02-24T02:00,19.1,100,0.0,8.2,1009.9,43.5,82.4,743.0,28.0,8.4,37.0,101
2026-02-24T03:00,19.1,99,0.0,8.2,1010.7,45.9,84.3,955.0,31.0,9.8,39.0,102
2026-02-24T04:00,20.2,91,0.0,4.9,1011.5,41.9,85.2,1040.0,29.3,14.0,59.0,101
2026-02-24T05:00,23.6,69,0.0,2.2,1011.7,40.2,104.1,1067.0,25.0,19.5,89.0,100
2026-02-24T06:00,26.9,52,0.0,2.0,1011.8,37.1,94.8,1053.0,20.1,22.5,114.0,101
2026-02-24T07:00,28.8,40,0.0,5.6,1011.2,22.2,51.5,989.0,14.3,20.7,127.0,102
2026-02-24T08:00,29.5,39,0.0,7.6,1010.4,18.0,31.9,883.0,7.9,16.4,135.0,101
2026-02-24T09:00,30.0,38,0.0,9.8,1009.6,18.0,31.5,783.0,4.4,13.6,139.0,99
2026-02-24T10:00,29.8,38,0.0,11.2,1009.1,18.4,33.8,686.0,5.3,14.0,139.0,98
2026-02-24T11:00,29.0,39,0.0,12.9,1008.6,21.3,42.6,594.0,9.0,15.8,135.0,97
2026-02-24T12:00,28.0,41,0.0,13.0,1008.3,29.2,63.1,556.0,15.8,17.5,121.0,96
2026-02-24T13:00,26.8,51,0.0,10.0,1008.8,31.0,63.6,596.0,21.8,16.6,104.0,96
2026-02-24T14:00,25.7,56,0.0,7.8,1009.6,32.5,62.9,689.0,30.1,15.3,81.0,96
2026-02-24T15:00,24.9,61,0.0,8.4,1010.3,30.7,56.6,814.0,36.3,14.5,62.0,96
2026-02-24T16:00,24.1,62,0.0,7.0,1010.7,29.7,50.9,1019.0,38.6,14.7,53.0,95
2026-02-24T17:00,23.8,61,0.0,5.6,1011.1,29.1,47.5,1254.0,38.9,15.4,49.0,95
2026-02-24T18:00,23.0,70,0.0,4.5,1011.2,28.9,44.6,1350.0,38.2,15.6,46.0,94
2026-02-24T19:00,22.5,68,0.0,6.7,1011.1,28.5,41.9,1187.0,36.4,14.8,43.0,94
2026-02-24T20:00,21.9,71,0.0,7.2,1011.0,27.3,38.8,886.0,33.7,13.5,42.0,93
2026-02-24T21:00,21.5,76,0.0,6.8,1010.7,25.9,35.5,631.0,31.3,12.6,40.0,92
2026-02-24T22:00,21.0,81,0.0,7.5,1010.5,25.3,33.6,451.0,28.9,12.2,38.0,91
2026-02-24T23:00,20.5,83,0.0,5.6,1010.2,25.4,33.1,318.0,26.8,12.1,36.0,90
2026-02-25T00:00,20.0,87,0.0,1.9,1010.3,31.7,43.9,339.0,32.6,13.9,29.0,89
2026-02-25T01:00,19.9,87,0.0,3.4,1010.7,33.3,45.5,659.0,37.8,16.3,19.0,89
2026-02-25T02:00,19.4,85,0.0,6.2,1011.4,38.6,51.0,1133.0,44.7,19.7,7.0,88
2026-02-25T03:00,20.2,73,0.0,5.4,1012.1,52.4,62.9,1430.0,47.5,23.3,10.0,87
2026-02-25T04:00,23.1,55,0.0,3.1,1012.8,42.5,53.2,1382.0,42.8,27.7,40.0,88
2026-02-25T05:00,26.4,39,0.0,2.4,1012.9,30.0,42.3,1157.0,34.1,32.2,84.0,88
2026-02-25T06:00,28.2,37,0.0,3.6,1013.1,26.0,36.9,929.0,25.5,33.9,120.0,87
2026-02-25T07:00,29.1,43,0.0,7.3,1012.3,25.4,37.5,737.0,17.5,30.2,139.0,86
2026-02-25T08:00,28.5,59,0.0,11.5,1011.4,20.9,29.6,543.0,9.7,23.5,149.0,86
2026-02-25T09:00,28.6,54,0.0,12.8,1010.5,19.5,26.7,406.0,5.1,18.5,153.0,87
2026-02-25T10:00,28.8,48,0.0,12.3,1010.0,19.3,26.3,357.0,5.5,17.2,149.0,87
2026-02-25T11:00,28.1,52,0.0,13.4,1009.9,20.7,29.6,365.0,9.2,17.5,138.0,87
2026-02-25T12:00,27.1,50,0.0,13.9,1009.8,25.4,35.5,403.0,14.1,20.9,138.0,87
2026-02-25T13:00,26.0,58,0.0,12.6,1010.1,25.0,34.1,486.0,21.4,19.4,115.0,94
2026-02-25T14:00,24.6,71,0.0,10.1,1010.6,25.4,33.4,598.0,31.3,17.2,83.0,101
2026-02-25T15:00,24.1,74,0.0,9.5,1011.3,24.9,32.9,663.0,38.4,15.4,59.0,93
2026-02-25T16:00,23.8,75,0.0,8.5,1012.1,25.0,33.1,643.0,40.0,14.4,50.0,85
2026-02-25T17:00,23.5,75,0.0,5.4,1012.4,25.4,33.5,576.0,38.7,13.8,49.0,84
2026-02-25T18:00,23.2,78,0.0,5.0,1012.5,26.0,34.5,504.0,36.4,13.1,49.0,84
2026-02-25T19:00,22.6,83,0.0,6.4,1012.3,26.0,34.6,432.0,33.2,11.9,49.0,84
2026-02-25T20:00,22.0,88,0.0,7.0,1012.0,25.1,34.0,355.0,29.0,10.5,50.0,84
2026-02-25T21:00,21.7,91,0.0,5.1,1011.5,23.9,32.8,298.0,25.0,9.5,52.0,83
2026-02-25T22:00,21.2,95,0.0,5.3,1010.9,22.6,31.3,233.0,20.6,9.0,54.0,83
2026-02-25T23:00,20.9,96,0.0,7.5,1010.6,21.4,29.4,187.0,16.3,9.0,57.0,83
2026-02-26T00:00,20.7,94,0.0,6.0,1010.6,19.8,28.2,268.0,13.6,8.6,62.0,83
2026-02-26T01:00,20.5,93,0.0,4.6,1010.6,19.2,27.1,616.0,20.7,9.6,53.0,82
2026-02-26T02:00,19.6,96,0.0,4.5,1011.0,21.1,28.1,1091.0,30.1,11.1,41.0,80
2026-02-26T03:00,19.8,93,0.0,6.6,1011.4,26.3,32.0,1373.0,35.1,13.2,39.0,79
2026-02-26T04:00,22.5,76,0.0,1.4,1011.9,27.2,33.1,1285.0,31.6,16.8,54.0,76
2026-02-26T05:00,24.5,71,0.0,5.8,1012.2,24.3,31.9,1004.0,23.6,21.1,79.0,75
2026-02-26T06:00,27.0,59,0.0,6.1,1012.2,22.5,29.6,745.0,16.4,23.5,102.0,75
2026-02-26T07:00,28.6,55,0.0,8.3,1011.3,21.6,28.2,568.0,11.1,22.4,120.0,74
2026-02-26T08:00,29.4,55,0.0,10.8,1010.3,21.5,27.8,413.0,6.5,19.5,136.0,74
2026-02-26T09:00,30.0,51,0.0,12.4,1009.2,20.5,26.5,311.0,4.3,17.0,143.0,74
2026-02-26T10:00,30.1,48,0.0,14.6,1008.1,20.1,26.3,284.0,5.3,16.1,137.0,74
2026-02-26T11:00,29.8,44,0.0,14.3,1007.7,20.7,27.7,311.0,8.7,15.6,122.0,74
2026-02-26T12:00,29.4,37,0.0,13.0,1007.4,22.4,28.3,355.0,13.1,17.0,112.0,74
2026-02-26T13:00,27.9,43,0.0,12.4,1007.7,22.4,27.6,424.0,18.9,15.0,94.0,74
2026-02-26T14:00,26.0,52,0.0,10.7,1007.8,22.1,27.0,511.0,26.6,12.3,70.0,74
2026-02-26T15:00,25.1,58,0.0,10.5,1008.5,21.7,27.8,560.0,31.2,10.1,53.0,73
2026-02-26T16:00,24.5,64,0.0,11.7,1008.9,21.9,30.3,545.0,29.7,9.2,52.0,73
2026-02-26T17:00,24.2,64,0.0,12.8,1008.9,22.3,32.9,492.0,25.0,8.8,60.0,73
2026-02-26T18:00,24.0,64,0.0,13.1,1009.0,23.1,35.7,430.0,20.7,8.4,66.0,73
2026-02-26T19:00,23.9,63,0.0,13.1,1008.8,23.8,38.2,356.0,17.9,7.7,68.0,72
2026-02-26T20:00,23.6,59,0.0,13.0,1008.5,24.0,39.8,273.0,15.4,7.1,68.0,72
2026-02-26T21:00,23.1,60,0.0,12.3,1008.4,23.5,39.9,213.0,13.1,6.6,69.0,72
2026-02-26T22:00,22.8,63,0.0,11.5,1007.9,22.4,38.9,178.0,10.2,6.3,71.0,72
2026-02-26T23:00,22.3,74,0.0,11.8,1007.7,21.2,37.1,166.0,7.6,6.2,74.0,72
2026-02-27T00:00,21.8,84,0.0,12.1,1007.6,20.4,35.7,209.0,8.3,6.8,71.0,72
2026-02-27T01:00,21.5,89,0.0,11.2,1007.9,20.3,35.3,369.0,14.9,7.7,63.0,72
2026-02-27T02:00,21.4,92,0.0,10.5,1008.2,21.9,36.7,584.0,23.7,9.1,52.0,72
2026-02-27T03:00,22.1,90,0.0,9.4,1009.0,25.7,39.9,700.0,28.3,11.0,51.0,72
2026-02-27T04:00,23.9,80,0.0,9.6,1009.5,25.9,44.9,619.0,24.7,13.9,68.0,72
2026-02-27T05:00,25.9,63,0.0,9.7,1009.5,25.5,49.2,438.0,16.9,17.3,94.0,72
2026-02-27T06:00,27.1,54,0.0,11.4,1009.4,24.6,48.0,299.0,10.4,19.6,115.0,72
2026-02-27T07:00,27.5,55,0.0,14.4,1008.9,22.7,42.1,257.0,7.3,20.0,128.0,72
2026-02-27T08:00,27.5,54,0.0,15.3,1008.1,22.2,39.7,256.0,5.5,19.3,135.0,72
2026-02-27T09:00,27.5,54,0.0,15.6,1007.3,22.2,39.0,266.0,4.8,18.3,138.0,72
2026-02-27T10:00,27.2,55,0.0,15.4,1006.6,22.0,38.6,273.0,4.8,17.2,134.0,73
2026-02-27T11:00,26.6,59,0.0,15.3,1006.3,21.7,38.8,292.0,5.9,15.9,124.0,73
2026-02-27T12:00,25.8,63,0.0,14.1,1005.9,22.6,40.5,330.0,9.1,15.1,111.0,73
2026-02-27T13:00,24.8,72,0.0,12.5,1006.3,23.8,42.6,409.0,15.0,14.7,99.0,75
2026-02-27T14:00,23.9,80,0.0,10.5,1006.5,25.4,39.7,507.0,23.2,14.1,82.0,76
2026-02-27T15:00,23.6,82,0.0,10.2,1007.2,26.8,41.1,574.0,29.6,13.6,68.0,73
2026-02-27T16:00,23.3,84,0.0,10.1,1007.7,28.1,42.0,590.0,33.1,13.6,61.0,74
2026-02-27T17:00,23.0,85,0.0,9.6,1007.8,29.1,42.8,574.0,34.8,13.7,58.0,74
2026-02-27T18:00,23.1,82,0.0,9.3,1007.6,29.8,43.5,532.0,34.4,13.4,57.0,75
2026-02-27T19:00,22.9,84,0.0,8.3,1007.8,29.3,44.0,449.0,30.6,12.2,60.0,75
2026-02-27T20:00,22.7,85,0.0,8.6,1007.5,27.6,43.4,340.0,24.7,10.6,66.0,76
2026-02-27T21:00,22.5,85,0.0,9.1,1007.2,26.0,43.9,258.0,19.5,9.3,71.0,76
2026-02-27T22:00,22.3,86,0.0,8.3,1006.9,24.2,43.1,211.0,15.4,8.6,73.0,77
2026-02-27T23:00,22.0,89,0.0,8.0,1006.7,22.2,40.9,192.0,12.1,8.1,75.0,77
2026-02-28T00:00,21.8,88,0.0,8.8,1006.5,20.4,40.5,231.0,10.3,7.7,76.0,77
2026-02-28T01:00,21.8,89,0.0,9.5,1006.9,19.8,38.8,393.0,15.9,8.3,70.0,77
2026-02-28T02:00,21.6,90,0.0,9.8,1007.7,21.4,40.9,614.0,23.2,9.3,62.0,77
2026-02-28T03:00,22.3,86,0.0,9.3,1008.6,24.8,45.3,730.0,26.8,10.8,64.0,77
2026-02-28T04:00,24.3,76,0.0,10.0,1009.2,26.0,52.0,635.0,22.9,13.2,84.0,77
2026-02-28T05:00,26.0,63,0.0,11.0,1009.5,26.7,75.0,435.0,15.2,16.2,113.0,77
2026-02-28T06:00,27.3,54,0.0,11.7,1009.8,30.0,99.0,283.0,8.9,18.1,135.0,77
2026-02-28T07:00,28.0,52,0.0,12.6,1009.4,31.2,106.9,240.0,6.0,18.3,144.0,77
2026-02-28T08:00,28.3,51,0.0,14.2,1008.6,30.5,102.7,245.0,4.5,17.4,147.0,78
2026-02-28T09:00,28.2,50,0.0,15.0,1007.8,29.8,98.7,263.0,4.2,16.7,145.0,79
2026-02-28T10:00,28.1,49,0.0,14.4,1007.4,29.4,96.2,281.0,4.7,16.4,140.0,79
2026-02-28T11:00,27.7,47,0.0,13.2,1007.1,28.8,92.7,312.0,6.4,16.2,130.0,80
2026-02-28T12:00,26.6,55,0.0,12.5,1006.9,25.9,76.6,359.0,10.4,16.5,118.0,87
2026-02-28T13:00,25.1,68,0.0,11.9,1007.3,25.8,70.5,441.0,17.8,15.7,101.0,95
2026-02-28T14:00,23.8,81,0.0,10.8,1007.7,26.8,56.8,538.0,27.9,14.5,79.0,92
2026-02-28T15:00,23.2,85,0.0,10.3,1008.4,26.8,53.9,596.0,35.0,13.6,61.0,81
2026-02-28T16:00,23.0,87,0.0,10.4,1009.0,26.5,51.3,581.0,36.3,13.1,54.0,81
2026-02-28T17:00,22.5,89,0.0,10.3,1009.5,26.4,49.1,527.0,34.6,12.9,53.0,81
2026-02-28T18:00,22.3,90,0.0,8.7,1009.6,26.1,48.1,477.0,32.2,12.4,52.0,81
2026-02-28T19:00,22.1,91,0.0,6.6,1009.7,26.0,47.6,447.0,29.7,11.5,51.0,81
2026-02-28T20:00,21.9,91,0.0,6.2,1009.4,26.0,48.3,421.0,26.5,10.3,52.0,80
2026-02-28T21:00,21.5,93,0.0,6.5,1009.0,26.0,49.0,393.0,23.3,9.3,52.0,80
2026-02-28T22:00,21.2,94,0.0,6.9,1008.8,26.3,50.3,337.0,19.1,8.5,53.0,80
2026-02-28T23:00,21.1,94,0.0,6.6,1008.6,26.5,51.1,279.0,14.8,7.8,55.0,80
2026-03-01T00:00,21.2,94,0.0,6.9,1008.6,26.5,49.2,285.0,11.9,7.1,56.0,81
2026-03-01T01:00,21.0,95,0.0,5.6,1009.2,28.5,50.6,432.0,18.0,7.5,49.0,81
2026-03-01T02:00,20.8,96,0.0,5.5,1009.7,33.4,56.5,644.0,26.1,8.2,40.0,82
2026-03-01T03:00,20.9,93,0.0,4.5,1010.4,38.8,61.5,760.0,30.1,10.3,42.0,83
2026-03-01T04:00,22.5,82,0.0,5.1,1011.5,34.6,59.5,684.0,26.2,15.0,64.0,84
2026-03-01T05:00,24.4,68,0.0,5.6,1011.8,29.3,56.6,512.0,18.3,21.0,97.0,85
2026-03-01T06:00,26.2,60,0.0,6.4,1011.7,27.2,51.0,373.0,11.8,25.6,125.0,85
2026-03-01T07:00,27.2,56,0.0,10.4,1011.2,25.3,45.1,313.0,8.5,27.9,145.0,85
2026-03-01T08:00,27.2,58,0.0,13.1,1010.5,23.6,40.7,285.0,6.5,28.7,160.0,85
2026-03-01T09:00,27.2,56,0.0,13.4,1009.7,23.6,39.7,276.0,5.8,28.4,166.0,84
2026-03-01T10:00,27.0,56,0.0,13.2,1009.1,22.8,38.4,277.0,5.8,26.5,161.0,83
2026-03-01T11:00,26.5,57,0.0,12.6,1008.9,22.2,38.5,296.0,7.2,23.4,147.0,83
2026-03-01T12:00,25.6,61,0.0,11.8,1008.7,18.3,30.5,346.0,10.8,20.8,128.0,93
2026-03-01T13:00,24.5,69,0.0,10.5,1009.1,17.9,29.3,450.0,18.6,19.2,109.0,107
2026-03-01T14:00,23.4,77,0.0,8.8,1009.5,20.9,30.3,586.0,29.6,16.9,82.0,109
2026-03-01T15:00,22.9,81,0.0,7.9,1010.1,23.5,33.5,698.0,38.8,15.4,60.0,100
2026-03-01T16:00,22.6,83,0.0,7.3,1010.7,25.4,35.7,768.0,44.9,15.4,48.0,82
2026-03-01T17:00,22.2,85,0.0,6.2,1011.3,27.8,38.0,815.0,49.2,16.1,41.0,80
2026-03-01T18:00,22.0,87,0.0,5.7,1011.4,30.5,40.4,835.0,51.0,16.4,37.0,80
2026-03-01T19:00,21.8,88,0.0,5.1,1011.6,31.9,41.6,828.0,49.6,15.7,36.0,80
2026-03-01T20:00,21.3,90,0.0,4.7,1011.4,31.8,41.9,795.0,45.6,14.5,39.0,81
2026-03-01T21:00,20.8,93,0.0,4.6,1011.1,31.2,42.7,733.0,40.3,13.2,43.0,81
2026-03-01T22:00,20.5,96,0.0,4.8,1010.9,29.8,41.4,609.0,32.3,11.6,49.0,82
2026-03-01T23:00,20.3,96,0.0,5.5,1010.9,28.7,39.6,456.0,22.9,9.9,57.0,82
2026-03-02T00:00,20.6,96,0.0,6.6,1011.0,25.8,35.6,374.0,15.1,8.0,64.0,82
2026-03-02T01:00,20.5,98,0.0,6.3,1011.3,26.6,36.1,441.0,21.4,8.3,54.0,82
2026-03-02T02:00,20.2,99,0.0,6.0,1011.8,29.9,39.0,578.0,29.9,8.9,42.0,82
2026-03-02T03:00,20.3,99,0.0,5.9,1012.4,37.5,42.8,654.0,34.1,10.7,41.0,82
2026-03-02T04:00,22.2,87,0.0,7.9,1013.1,32.5,39.7,596.0,30.3,14.8,62.0,82
2026-03-02T05:00,24.8,72,0.0,5.6,1013.4,26.0,43.0,476.0,22.3,20.1,96.0,82
2026-03-02T06:00,27.2,57,0.0,5.8,1013.6,25.7,52.3,380.0,15.4,24.5,125.0,81
2026-03-02T07:00,29.0,47,0.0,7.0,1013.0,26.6,57.6,340.0,11.3,27.4,148.0,81
2026-03-02T08:00,29.2,51,0.0,10.5,1012.2,26.5,58.6,325.0,8.3,29.4,166.0,81
2026-03-02T09:00,28.4,58,0.0,14.1,1011.5,26.1,55.5,323.0,7.1,29.8,175.0,82
2026-03-02T10:00,27.8,57,0.0,14.3,1011.0,25.6,53.1,334.0,7.7,27.7,169.0,82
2026-03-02T11:00,27.1,59,0.0,12.1,1010.6,24.5,51.9,358.0,10.0,23.9,153.0,82
2026-03-02T12:00,25.8,68,0.0,10.9,1010.7,24.9,50.9,391.0,14.1,23.7,139.0,99
2026-03-02T13:00,24.8,74,0.0,10.1,1011.1,24.4,48.4,435.0,20.5,20.5,117.0,116
2026-03-02T14:00,23.7,81,0.0,8.8,1011.6,25.9,47.1,487.0,29.4,16.1,86.0,120
2026-03-02T15:00,23.2,85,0.0,8.8,1012.4,26.3,50.2,532.0,37.1,13.0,61.0,112
2026-03-02T16:00,23.0,87,0.0,7.2,1013.3,27.5,50.9,570.0,42.8,12.7,48.0,93
2026-03-02T17:00,22.5,89,0.0,7.1,1013.8,29.6,52.5,601.0,47.3,13.7,41.0,84
2026-03-02T18:00,22.4,92,0.0,6.7,1014.0,33.2,56.7,611.0,49.2,14.4,37.0,84
2026-03-02T19:00,22.0,93,0.0,6.0,1013.9,35.6,57.6,596.0,47.5,14.2,36.0,85
2026-03-02T20:00,21.6,95,0.0,5.9,1013.5,33.5,54.5,561.0,43.1,13.6,38.0,85
2026-03-02T21:00,21.2,97,0.0,7.5,1013.1,31.3,54.5,505.0,37.6,12.9,41.0,85
2026-03-02T22:00,20.9,98,0.0,7.3,1012.7,28.9,52.0,384.0,29.5,11.8,47.0,85
2026-03-02T23:00,21.0,99,0.0,10.1,1012.4,26.4,48.8,243.0,20.3,10.5,55.0,85
2026-03-03T00:00,21.1,98,0.0,8.4,1012.5,27.9,49.2,210.0,20.4,11.3,46.0,85
2026-03-03T01:00,20.4,98,0.0,7.3,1012.6,27.0,47.4,396.0,25.2,11.2,38.0,85
2026-03-03T02:00,19.7,99,0.0,7.1,1013.1,28.8,49.8,691.0,31.5,11.4,29.0,85
2026-03-03T03:00,20.3,94,0.0,5.8,1013.8,32.6,51.0,892.0,34.4,13.9,32.0,85
2026-03-03T04:00,22.3,79,0.0,3.7,1014.4,32.7,54.6,909.0,30.9,21.2,59.0,85
2026-03-03T05:00,25.3,59,0.0,3.3,1014.8,31.1,60.1,832.0,24.0,30.7,98.0,85
2026-03-03T06:00,28.5,43,0.0,2.5,1014.7,26.7,52.3,732.0,17.6,36.8,131.0,85
2026-03-03T07:00,30.3,34,0.0,6.3,1014.3,24.3,43.9,607.0,12.6,36.3,152.0,85
2026-03-03T08:00,30.3,35,0.0,10.3,1013.6,24.4,41.4,458.0,8.0,32.3,167.0,85
2026-03-03T09:00,30.1,34,0.0,11.2,1012.7,25.0,40.7,357.0,5.4,28.4,173.0,85
2026-03-03T10:00,29.7,36,0.0,11.4,1011.9,24.7,39.3,333.0,4.5,25.9,168.0,85
2026-03-03T11:00,28.6,46,0.0,11.4,1011.4,23.2,37.1,358.0,5.5,23.6,155.0,85
2026-03-03T12:00,27.1,56,0.0,10.7,1011.8,19.4,31.7,420.0,10.8,21.3,132.0,101
2026-03-03T13:00,25.8,65,0.0,8.9,1012.2,20.5,35.0,549.0,22.5,19.5,106.0,117
2026-03-03T14:00,24.1,78,0.0,8.2,1012.7,25.5,39.8,715.0,38.7,17.1,70.0,118
2026-03-03T15:00,23.2,85,0.0,7.0,1013.4,28.5,44.2,816.0,50.8,15.4,42.0,105
2026-03-03T16:00,22.6,87,0.0,6.5,1014.0,31.4,47.7,800.0,55.7,15.3,31.0,84
2026-03-03T17:00,22.0,91,0.0,8.1,1014.4,32.9,50.1,718.0,56.5,15.8,28.0,84
2026-03-03T18:00,21.5,96,0.0,9.1,1014.4,33.3,51.5,621.0,54.3,15.8,28.0,84
2026-03-03T19:00,21.3,97,0.0,10.6,1014.2,32.4,51.1,512.0,48.1,14.5,31.0,84
2026-03-03T20:00,21.0,98,0.0,9.5,1013.9,30.5,50.3,389.0,38.9,12.6,38.0,84
2026-03-03T21:00,20.8,98,0.0,10.1,1013.5,28.3,49.1,293.0,30.6,10.9,44.0,84
2026-03-03T22:00,20.9,95,0.0,8.4,1013.0,26.5,47.8,233.0,23.7,9.6,48.0,84
2026-03-03T23:00,20.5,96,0.0,7.3,1012.8,25.7,48.2,201.0,17.7,8.6,51.0,83
2026-03-04T00:00,20.2,98,0.0,7.2,1012.7,29.1,54.9,216.0,16.8,7.9,47.0,83
2026-03-04T01:00,20.1,95,0.0,6.0,1013.5,30.9,57.7,321.0,21.1,8.0,43.0,83
2026-03-04T02:00,19.9,97,0.0,5.2,1014.1,34.7,63.8,472.0,26.7,8.2,38.0,84
2026-03-04T03:00,20.3,95,0.0,6.0,1015.0,37.6,68.5,561.0,28.9,9.7,41.0,84
2026-03-04T04:00,22.1,83,0.0,7.6,1015.7,32.7,68.2,524.0,24.4,13.6,59.0,85
2026-03-04T05:00,24.0,71,0.0,5.4,1016.1,29.7,63.6,425.0,16.4,18.6,85.0,85
2026-03-04T06:00,26.2,53,0.0,7.3,1016.0,27.4,54.9,341.0,10.0,22.3,108.0,85
2026-03-04T07:00,27.5,47,0.0,10.5,1015.6,25.4,47.6,299.0,7.0,23.3,124.0,85
2026-03-04T08:00,27.9,47,0.0,11.5,1014.9,23.3,41.1,273.0,5.5,22.8,136.0,85
2026-03-04T09:00,28.0,43,0.0,12.3,1014.0,21.3,35.6,263.0,5.2,22.1,141.0,85
2026-03-04T10:00,27.7,43,0.0,12.7,1013.4,19.6,31.4,271.0,5.5,21.5,138.0,84
2026-03-04T11:00,27.0,45,0.0,12.6,1012.8,18.6,28.5,295.0,6.9,20.7,129.0,84
2026-03-04T12:00,25.5,60,0.0,12.8,1012.7,16.5,25.2,334.0,10.5,18.0,111.0,83
2026-03-04T13:00,24.2,70,0.0,12.1,1013.1,16.9,24.6,403.0,18.7,17.5,94.0,83
2026-03-04T14:00,23.1,76,0.0,11.3,1013.6,20.7,26.6,487.0,29.9,16.7,70.0,83
2026-03-04T15:00,22.7,75,0.0,11.1,1014.3,21.9,27.8,540.0,37.1,15.8,53.0,82
2026-03-04T16:00,22.3,77,0.0,9.2,1014.9,21.4,27.0,544.0,36.9,14.7,49.0,82
2026-03-04T17:00,21.8,80,0.0,8.2,1015.0,20.5,25.1,516.0,32.8,13.4,51.0,81
2026-03-04T18:00,21.4,84,0.0,8.7,1015.0,19.4,23.1,469.0,28.1,12.0,55.0,80
2026-03-04T19:00,21.3,85,0.0,8.7,1014.7,17.9,21.0,390.0,23.6,10.4,59.0,79
2026-03-04T20:00,21.0,88,0.0,8.7,1014.3,15.8,18.4,290.0,18.5,8.8,64.0,77
2026-03-04T21:00,20.8,88,0.0,9.2,1013.8,13.6,15.9,215.0,14.3,7.6,68.0,76
2026-03-04T22:00,20.7,88,0.0,9.6,1013.3,12.0,14.2,168.0,10.9,6.9,70.0,75
2026-03-04T23:00,20.6,90,0.0,10.0,1013.0,10.8,12.9,145.0,8.3,6.5,71.0,73
2026-03-05T00:00,20.9,93,0.0,11.0,1012.7,10.0,12.7,181.0,8.5,6.7,70.0,72
2026-03-05T01:00,21.0,93,0.0,10.6,1013.2,10.3,12.7,342.0,14.7,7.6,63.0,70
2026-03-05T02:00,20.9,91,0.0,10.4,1013.5,12.5,14.8,561.0,22.8,8.8,53.0,69
2026-03-05T03:00,21.8,86,0.0,9.6,1014.1,16.6,19.0,675.0,26.9,10.2,52.0,67
2026-03-05T04:00,24.0,73,0.0,12.6,1014.5,16.2,19.8,579.0,22.8,11.8,67.0,65
2026-03-05T05:00,25.9,61,0.0,14.5,1014.9,14.7,19.6,377.0,14.6,13.6,91.0,63
2026-03-05T06:00,26.6,58,0.0,16.3,1015.0,13.4,19.2,225.0,8.0,14.6,109.0,62
2026-03-05T07:00,27.4,54,0.0,16.4,1014.8,12.5,18.7,187.0,5.2,14.3,116.0,61
2026-03-05T08:00,27.9,50,0.0,16.9,1013.9,12.0,19.0,198.0,4.1,13.4,116.0,60
2026-03-05T09:00,28.0,46,0.0,17.1,1012.9,12.0,20.5,217.0,4.0,12.7,114.0,59
2026-03-05T10:00,27.5,47,0.0,17.1,1012.0,12.8,23.1,229.0,4.4,12.7,109.0,58
2026-03-05T11:00,26.6,53,0.0,16.7,1011.3,13.9,25.8,250.0,5.8,13.0,101.0,57
2026-03-05T12:00,25.5,61,0.0,16.6,1011.1,15.6,27.5,280.0,8.5,13.1,92.0,57
2026-03-05T13:00,24.5,68,0.0,16.0,1011.3,17.1,29.9,330.0,13.8,12.7,80.0,57
2026-03-05T14:00,23.7,76,0.0,14.1,1011.5,19.6,31.3,389.0,21.1,12.1,65.0,57
2026-03-05T15:00,23.3,82,0.0,11.8,1011.7,21.0,33.8,431.0,25.8,11.5,53.0,57
2026-03-05T16:00,23.0,86,0.0,11.9,1012.3,21.7,35.4,451.0,26.0,11.1,50.0,57
2026-03-05T17:00,22.8,87,0.0,11.5,1012.4,21.9,36.0,453.0,23.7,10.8,51.0,57
2026-03-05T18:00,22.7,87,0.0,12.1,1012.5,22.0,36.1,427.0,20.7,10.3,53.0,57
2026-03-05T19:00,22.7,89,0.0,12.6,1011.8,21.3,35.3,348.0,17.1,9.3,56.0,57
2026-03-05T20:00,22.6,90,0.0,13.0,1011.3,19.9,33.6,240.0,12.8,8.1,60.0,57
2026-03-05T21:00,22.5,90,0.0,13.5,1010.9,18.7,32.0,161.0,9.3,7.0,63.0,58
2026-03-05T22:00,22.4,92,0.0,13.7,1010.2,17.9,31.3,133.0,6.8,6.2,65.0,58
2026-03-05T23:00,22.5,91,0.0,14.3,1010.0,17.3,30.2,134.0,5.1,5.5,67.0,59
2026-03-06T00:00,22.5,90,0.0,14.9,1009.7,17.4,29.9,158.0,5.6,5.5,65.0,59
2026-03-06T01:00,22.7,90,0.0,14.4,1009.9,18.1,30.3,224.0,9.6,6.0,60.0,60
2026-03-06T02:00,22.5,92,0.0,13.3,1010.3,19.7,31.7,314.0,14.9,6.9,54.0,60
2026-03-06T03:00,23.4,86,0.0,14.1,1011.0,22.2,37.1,366.0,17.7,8.2,53.0,61
2026-03-06T04:00,25.0,76,0.0,14.5,1011.5,21.7,46.8,343.0,15.5,10.5,63.0,62
2026-03-06T05:00,26.4,69,0.0,15.3,1011.9,22.6,57.5,282.0,10.9,13.2,80.0,62
2026-03-06T06:00,27.8,62,0.0,15.1,1012.0,24.3,66.8,235.0,7.1,15.1,93.0,63
2026-03-06T07:00,28.6,58,0.0,15.8,1011.7,25.5,73.6,221.0,5.4,15.3,101.0,64
2026-03-06T08:00,29.0,58,0.0,16.0,1010.9,26.3,76.1,222.0,4.6,14.7,106.0,65
2026-03-06T09:00,29.0,58,0.0,16.2,1009.9,26.5,75.2,232.0,4.7,14.1,107.0,66
2026-03-06T10:00,28.8,60,0.0,15.4,1009.2,27.0,73.1,250.0,5.4,13.9,103.0,67
2026-03-06T11:00,28.1,63,0.0,14.3,1008.6,27.0,69.4,277.0,7.0,13.8,95.0,69
2026-03-06T12:00,27.2,71,0.0,13.1,1008.3,24.5,61.2,317.0,10.1,14.3,87.0,70
2026-03-06T13:00,25.9,76,0.0,12.4,1008.6,24.4,53.9,381.0,16.9,13.7,74.0,71
2026-03-06T14:00,24.8,82,0.0,10.9,1009.0,25.7,46.8,457.0,26.2,12.8,57.0,71
2026-03-06T15:00,24.1,88,0.0,9.5,1009.5,26.1,47.6,509.0,32.3,12.1,45.0,72
2026-03-06T16:00,23.8,90,0.0,9.0,1009.8,26.5,50.9,528.0,32.6,11.7,43.0,72
2026-03-06T17:00,23.5,90,0.0,8.6,1010.0,27.0,54.6,524.0,29.8,11.4,46.0,73
2026-03-06T18:00,23.4,91,0.0,8.6,1009.9,27.4,56.3,490.0,26.4,10.9,49.0,73
2026-03-06T19:00,23.2,92,0.0,8.7,1009.8,27.0,55.9,406.0,23.0,9.9,51.0,74
2026-03-06T20:00,23.1,92,0.0,7.9,1009.6,26.1,56.1,293.0,19.1,8.8,54.0,74
2026-03-06T21:00,23.0,93,0.0,7.2,1009.2,24.6,54.5,209.0,15.6,7.8,56.0,75
2026-03-06T22:00,22.7,93,0.0,7.5,1008.8,23.4,56.3,151.0,12.4,7.1,59.0,75
2026-03-06T23:00,22.7,92,0.0,7.9,1008.7,22.6,59.6,123.0,9.6,6.6,62.0,76
2026-03-07T00:00,22.5,93,0.0,7.4,1008.6,23.5,64.3,196.0,9.6,6.5,61.0,76
2026-03-07T01:00,22.5,94,0.0,7.1,1008.9,24.9,66.4,480.0,15.7,7.0,54.0,77
2026-03-07T02:00,22.1,95,0.0,5.9,1009.7,28.1,71.0,866.0,23.8,7.8,45.0,77
2026-03-07T03:00,23.2,94,0.0,6.6,1010.3,33.6,81.3,1094.0,28.3,9.7,45.0,78
2026-03-07T04:00,24.8,85,0.0,6.0,1010.8,32.7,89.4,1014.0,25.9,13.9,61.0,79
2026-03-07T05:00,26.5,76,0.0,5.0,1011.3,34.0,101.7,777.0,19.9,19.2,85.0,80
2026-03-07T06:00,27.9,68,0.0,8.1,1011.7,38.0,122.5,571.0,14.5,22.9,107.0,81
2026-03-07T07:00,28.8,64,0.0,10.4,1011.2,42.5,143.9,460.0,10.9,23.7,125.0,82
2026-03-07T08:00,29.5,60,0.0,11.3,1010.4,44.7,152.7,380.0,8.0,23.0,141.0,84
2026-03-07T09:00,29.8,58,0.0,12.2,1009.6,44.7,149.0,335.0,6.7,21.8,148.0,85
2026-03-07T10:00,29.5,58,0.0,12.6,1009.0,43.9,142.5,333.0,7.1,20.3,142.0,87
2026-03-07T11:00,28.8,61,0.0,12.2,1008.7,42.7,134.6,366.0,9.0,18.3,128.0,89
2026-03-07T12:00,27.5,68,0.0,11.3,1009.1,39.9,117.8,409.0,13.2,17.6,115.0,90
2026-03-07T13:00,26.1,74,0.0,10.3,1009.5,38.0,102.2,458.0,20.9,16.2,99.0,91
2026-03-07T14:00,24.9,82,0.0,8.3,1010.0,35.7,74.3,518.0,31.5,14.4,77.0,93
2026-03-07T15:00,24.2,88,0.0,7.1,1010.6,33.4,64.0,581.0,39.3,13.1,60.0,93
2026-03-07T16:00,23.9,91,0.0,5.9,1011.6,32.4,56.6,661.0,41.6,13.0,54.0,94
2026-03-07T17:00,23.6,92,0.0,5.9,1011.9,31.8,51.8,745.0,41.1,13.4,53.0,95
2026-03-07T18:00,23.3,96,0.0,6.3,1012.0,32.0,49.5,785.0,39.8,13.7,54.0,95
2026-03-07T19:00,23.1,96,0.0,5.8,1012.0,34.0,51.9,756.0,38.4,13.6,55.0,95
2026-03-07T20:00,22.8,98,0.0,4.9,1011.5,35.9,55.3,683.0,36.1,13.4,57.0,96
2026-03-07T21:00,22.5,99,0.0,4.5,1011.1,37.7,58.4,596.0,32.8,12.8,59.0,97
2026-03-07T22:00,22.4,99,0.0,4.5,1010.8,39.2,60.8,474.0,26.2,11.3,62.0,98
2026-03-07T23:00,22.1,99,0.0,4.6,1010.3,39.2,60.1,337.0,18.6,9.4,64.0,99
2026-03-08T00:00,21.4,99,0.0,2.9,1010.5,38.8,57.4,273.0,15.4,8.2,65.0,101
2026-03-08T01:00,21.2,99,0.0,2.1,1010.8,42.0,60.5,348.0,26.8,9.4,50.0,103
2026-03-08T02:00,21.1,99,0.0,2.0,1011.4,48.3,67.1,496.0,41.9,11.2,30.0,104
2026-03-08T03:00,21.4,98,0.0,2.8,1012.3,54.2,68.9,604.0,49.5,13.9,28.0,107
2026-03-08T04:00,22.5,89,0.0,4.3,1013.0,39.6,57.6,627.0,42.3,18.4,59.0,109
2026-03-08T05:00,24.8,76,0.0,3.6,1013.4,32.5,58.8,611.0,27.6,23.8,106.0,109
2026-03-08T06:00,26.4,70,0.0,6.5,1013.6,33.8,65.4,573.0,15.6,27.2,144.0,109
2026-03-08T07:00,27.5,65,0.0,8.8,1013.2,34.6,72.2,503.0,10.3,27.1,163.0,109
2026-03-08T08:00,28.0,64,0.0,9.8,1012.3,33.5,71.2,412.0,7.7,25.0,172.0,108
2026-03-08T09:00,28.6,59,0.0,10.3,1011.4,30.9,66.1,353.0,6.9,22.9,174.0,107
2026-03-08T10:00,28.6,58,0.0,11.1,1010.7,28.8,63.6,355.0,7.0,21.3,167.0,105
2026-03-08T11:00,28.1,59,0.0,11.1,1010.3,27.8,63.1,390.0,8.9,19.7,152.0,104
2026-03-08T12:00,27.1,63,0.0,9.6,1010.4,26.1,58.4,427.0,14.3,18.9,135.0,108
2026-03-08T13:00,25.7,75,0.0,8.6,1010.9,26.5,56.9,449.0,25.1,18.0,112.0,125
2026-03-08T14:00,24.4,86,0.0,7.9,1011.6,29.5,51.1,472.0,40.1,16.7,80.0,126
2026-03-08T15:00,23.8,91,0.0,6.9,1012.2,31.7,52.0,515.0,52.1,16.0,55.0,112
2026-03-08T16:00,23.5,92,0.0,6.5,1012.9,33.3,53.0,609.0,58.5,16.5,42.0,99
2026-03-08T17:00,23.1,93,0.0,5.6,1012.9,34.9,54.5,724.0,62.0,17.5,35.0,99
2026-03-08T18:00,22.5,98,0.0,4.8,1013.0,38.5,59.3,780.0,62.9,18.0,31.0,99
2026-03-08T19:00,22.4,98,0.0,4.3,1013.2,42.6,66.4,735.0,61.2,17.6,30.0,100
2026-03-08T20:00,22.1,97,0.0,4.6,1012.7,43.7,69.8,631.0,56.9,16.8,31.0,101
2026-03-08T21:00,21.8,99,0.0,5.2,1012.1,41.7,69.8,525.0,50.8,15.6,34.0,102
2026-03-08T22:00,21.6,99,0.0,6.1,1011.6,40.4,70.5,396.0,40.6,13.7,39.0,102
2026-03-08T23:00,21.5,99,0.0,6.3,1011.5,38.5,69.2,265.0,28.4,11.6,45.0,102
2026-03-09T00:00,21.3,99,0.0,6.6,1011.5,39.6,73.3,242.0,26.1,11.8,45.0,102
2026-03-09T01:00,21.4,97,0.0,5.2,1012.0,41.4,75.9,444.0,32.9,13.2,34.0,102
2026-03-09T02:00,21.1,98,0.0,3.7,1012.2,46.9,83.6,755.0,41.8,15.3,20.0,102
2026-03-09T03:00,21.5,95,0.0,3.3,1012.8,54.7,84.8,942.0,45.5,17.9,20.0,102
2026-03-09T04:00,23.2,82,0.0,3.9,1013.4,41.2,74.3,880.0,38.9,21.4,46.0,102
2026-03-09T05:00,25.8,66,0.0,4.2,1013.6,33.9,82.4,696.0,27.1,25.4,86.0,102
2026-03-09T06:00,28.5,52,0.0,6.0,1013.7,32.9,84.3,531.0,17.2,28.0,119.0,102
2026-03-09T07:00,30.5,42,0.0,7.3,1013.4,31.3,75.7,428.0,11.6,28.5,138.0,102
2026-03-09T08:00,31.6,37,0.0,9.7,1012.7,29.6,64.7,345.0,8.0,27.7,149.0,102
2026-03-09T09:00,31.9,34,0.0,11.3,1011.8,27.8,56.5,304.0,6.6,26.4,153.0,102
2026-03-09T10:00,31.6,34,0.0,11.4,1011.3,26.1,51.1,325.0,7.0,24.8,148.0,101
2026-03-09T11:00,31.0,36,0.0,10.9,1011.0,26.0,50.6,389.0,9.6,22.7,135.0,101
2026-03-09T12:00,30.0,42,0.0,9.6,1010.5,26.5,48.2,459.0,16.2,21.5,119.0,101
2026-03-09T13:00,28.0,55,0.0,8.3,1011.1,27.8,48.8,539.0,29.3,20.3,94.0,101
2026-03-09T14:00,25.8,70,0.0,6.9,1011.6,30.6,49.2,626.0,47.4,18.6,60.0,101
2026-03-09T15:00,24.6,81,0.0,6.2,1012.1,31.5,51.2,676.0,61.1,17.4,34.0,101
2026-03-09T16:00,24.1,86,0.0,5.3,1012.7,32.8,53.1,669.0,67.2,17.2,22.0,101
2026-03-09T17:00,23.7,89,0.0,5.8,1013.1,34.2,54.2,623.0,69.0,17.4,17.0,101
2026-03-09T18:00,23.2,94,0.0,7.0,1013.4,34.7,54.7,554.0,66.8,17.1,17.0,101
2026-03-09T19:00,22.7,97,0.0,7.7,1013.4,34.1,56.0,445.0,59.2,15.5,22.0,100
2026-03-09T20:00,22.4,98,0.0,7.2,1013.3,31.2,53.7,311.0,47.8,13.4,31.0,100
2026-03-09T21:00,22.1,98,0.0,7.3,1012.8,27.8,50.2,213.0,37.4,11.6,39.0,99
2026-03-09T22:00,22.0,99,0.0,7.1,1012.6,25.1,48.5,168.0,28.8,10.4,44.0,97
2026-03-09T23:00,21.8,98,0.0,8.6,1012.9,23.2,48.0,159.0,21.3,9.5,48.0,96
2026-03-10T00:00,22.0,98,0.0,8.4,1012.9,23.7,52.2,197.0,17.8,9.2,48.0,95
2026-03-10T01:00,21.6,99,0.0,5.9,1013.5,25.1,55.3,325.0,23.9,10.2,40.0,93
2026-03-10T02:00,21.5,99,0.0,5.5,1013.9,30.2,63.3,500.0,32.0,11.7,30.0,92
2026-03-10T03:00,21.7,98,0.0,5.4,1014.4,35.2,66.4,602.0,35.7,13.8,30.0,90
2026-03-10T04:00,22.8,90,0.0,5.9,1015.1,32.6,68.0,560.0,30.9,17.2,50.0,89
2026-03-10T05:00,26.0,68,0.0,6.3,1015.6,28.9,71.5,444.0,21.6,21.3,81.0,88
2026-03-10T06:00,29.2,48,0.0,8.3,1015.5,25.9,60.1,347.0,13.9,23.7,106.0,87
2026-03-10T07:00,31.2,35,0.0,10.7,1015.0,22.6,47.6,298.0,9.6,23.2,121.0,87
2026-03-10T08:00,32.3,24,0.0,12.3,1014.3,20.1,38.5,268.0,6.7,21.1,132.0,86
2026-03-10T09:00,32.6,19,0.0,12.6,1013.5,18.6,32.6,261.0,5.5,19.4,136.0,85
2026-03-10T10:00,32.0,21,0.0,13.1,1012.9,17.5,29.2,275.0,5.1,18.9,134.0,84
2026-03-10T11:00,30.9,26,0.0,12.2,1012.2,16.5,26.7,313.0,6.4,18.7,125.0,84
2026-03-10T12:00,29.6,36,0.0,10.8,1011.7,20.1,29.4,383.0,12.2,17.2,108.0,83
2026-03-10T13:00,27.5,53,0.0,9.1,1012.0,22.3,32.9,521.0,25.2,17.1,84.0,82
2026-03-10T14:00,25.3,73,0.0,7.3,1012.6,28.2,39.9,692.0,42.8,16.8,51.0,82
2026-03-10T15:00,24.2,81,0.0,6.7,1013.1,30.6,43.9,803.0,54.9,16.4,27.0,81
2026-03-10T16:00,23.7,87,0.0,6.6,1013.5,31.3,45.3,809.0,56.4,15.8,21.0,81
2026-03-10T17:00,23.0,92,0.0,7.4,1013.6,31.3,45.8,754.0,52.2,14.9,24.0,81
2026-03-10T18:00,22.7,95,0.0,7.8,1013.8,30.3,45.1,677.0,46.8,13.9,28.0,81
2026-03-10T19:00,22.6,96,0.0,6.8,1013.7,29.5,44.2,573.0,41.0,12.5,31.0,81
2026-03-10T20:00,22.4,96,0.0,6.5,1013.5,28.3,43.5,446.0,33.9,10.9,36.0,80
2026-03-10T21:00,22.0,96,0.0,6.9,1013.1,27.0,44.2,347.0,27.4,9.6,41.0,80
2026-03-10T22:00,21.8,94,0.0,6.9,1013.0,25.2,43.5,281.0,20.9,8.7,47.0,80
2026-03-10T23:00,21.0,95,0.0,5.5,1012.8,23.9,42.5,242.0,15.0,8.0,52.0,80
2026-03-11T00:00,21.2,95,0.0,7.3,1012.7,24.3,43.9,269.0,14.7,8.5,50.0,80
2026-03-11T01:00,20.8,96,0.0,6.2,1013.1,25.0,44.4,432.0,21.0,9.3,42.0,80
2026-03-11T02:00,20.2,97,0.0,4.4,1013.5,29.0,48.2,660.0,29.3,10.5,32.0,80
2026-03-11T03:00,21.7,95,0.0,6.2,1014.3,34.3,49.9,777.0,33.2,12.3,32.0,80
2026-03-11T04:00,23.9,87,0.0,5.7,1015.0,30.5,47.8,668.0,28.6,15.5,50.0,80
2026-03-11T05:00,26.7,68,0.0,8.8,1015.3,29.2,49.5,447.0,19.6,19.2,77.0,80
2026-03-11T06:00,28.4,61,0.0,11.7,1015.2,31.0,63.6,280.0,12.3,21.8,100.0,80
2026-03-11T07:00,29.2,58,0.0,12.8,1014.7,34.5,82.0,238.0,8.7,22.2,116.0,80
2026-03-11T08:00,29.6,58,0.0,13.3,1013.7,36.7,92.0,250.0,6.7,21.4,127.0,81
2026-03-11T09:00,29.9,58,0.0,13.3,1012.4,37.3,99.0,274.0,6.2,20.2,131.0,83
2026-03-11T10:00,29.5,59,0.0,14.2,1011.7,37.4,104.3,293.0,6.9,18.8,124.0,84
2026-03-11T11:00,28.9,62,0.0,13.1,1011.2,37.7,113.4,325.0,9.1,17.0,109.0,86
2026-03-11T12:00,27.8,71,0.0,12.2,1010.9,36.8,120.6,379.0,12.3,15.8,91.0,88
2026-03-11T13:00,26.6,78,0.0,11.0,1011.1,39.0,128.5,477.0,21.1,14.9,74.0,89
2026-03-11T14:00,25.6,84,0.0,9.0,1011.7,41.8,117.8,597.0,33.1,13.7,50.0,91
2026-03-11T15:00,25.1,85,0.0,9.3,1011.8,45.8,132.2,691.0,40.9,12.6,34.0,92
2026-03-11T16:00,24.9,83,0.0,8.6,1012.0,49.9,149.5,747.0,40.8,12.1,31.0,93
2026-03-11T17:00,24.5,80,0.0,7.0,1012.0,53.3,154.1,775.0,36.5,11.8,36.0,95
2026-03-11T18:00,24.2,80,0.0,6.4,1012.0,55.4,155.1,760.0,31.7,11.2,41.0,97
2026-03-11T19:00,24.1,79,0.0,6.8,1011.4,56.6,150.9,673.0,27.2,10.0,45.0,99
2026-03-11T20:00,24.1,78,0.0,8.1,1011.3,56.9,149.5,541.0,22.2,8.5,50.0,102
2026-03-11T21:00,24.1,78,0.0,8.7,1010.6,56.5,145.8,431.0,18.0,7.5,54.0,105
2026-03-11T22:00,23.9,80,0.0,8.8,1010.3,55.9,143.4,355.0,14.6,7.0,56.0,108
2026-03-11T23:00,23.5,82,0.0,7.8,1010.0,55.5,144.8,301.0,12.0,6.9,57.0,111
2026-03-12T00:00,23.0,90,0.0,7.4,1009.9,55.2,143.0,299.0,10.1,6.9,59.0,114
2026-03-12T01:00,22.5,93,0.0,9.5,1010.3,55.1,136.9,399.0,17.0,8.8,48.0,118
2026-03-12T02:00,22.6,86,0.0,10.2,1010.8,57.0,138.3,551.0,26.3,11.4,33.0,121
2026-03-12T03:00,23.8,67,0.0,10.6,1011.1,59.5,136.0,636.0,31.2,13.7,29.0,124
2026-03-12T04:00,26.2,39,0.0,10.9,1011.7,57.4,129.0,586.0,27.8,15.3,44.0,126
2026-03-12T05:00,28.9,26,0.0,11.8,1011.8,44.9,105.5,470.0,20.2,16.5,70.0,129
2026-03-12T06:00,31.8,26,0.0,9.2,1011.6,35.2,75.4,372.0,13.5,17.1,94.0,131
2026-03-12T07:00,34.0,22,0.0,8.9,1010.9,28.5,62.9,319.0,9.2,16.9,113.0,131
2026-03-12T08:00,35.0,19,0.0,11.2,1010.0,25.4,64.3,284.0,6.0,16.1,129.0,131
2026-03-12T09:00,35.2,18,0.0,13.9,1008.9,27.5,76.6,272.0,4.7,15.6,137.0,129
2026-03-12T10:00,34.3,22,0.0,15.1,1008.3,30.3,92.4,282.0,6.0,16.1,134.0,128
2026-03-12T11:00,33.2,24,0.0,13.9,1007.8,38.5,130.9,314.0,9.2,16.9,123.0,128
2026-03-12T12:00,33.0,21,0.0,12.9,1007.9,37.3,100.8,374.0,14.1,17.2,103.0,128
2026-03-12T13:00,30.5,31,0.0,11.7,1008.0,36.1,84.1,495.0,21.7,15.4,86.0,128
2026-03-12T14:00,28.0,44,0.0,9.7,1008.5,35.9,71.5,644.0,31.9,13.0,62.0,127
2026-03-12T15:00,26.9,51,0.0,8.9,1008.9,34.6,65.0,729.0,38.0,11.0,46.0,127
2026-03-12T16:00,26.3,56,0.0,11.9,1009.5,34.8,66.6,686.0,36.0,9.9,44.0,126
2026-03-12T17:00,26.0,54,0.0,10.1,1009.8,36.7,78.2,579.0,29.9,9.3,49.0,124
2026-03-12T18:00,25.7,58,0.0,9.2,1010.0,38.4,88.9,507.0,24.6,8.8,54.0,122
2026-03-12T19:00,25.6,61,0.0,10.2,1009.4,40.6,102.7,509.0,21.6,8.3,56.0,121
2026-03-12T20:00,25.4,63,0.0,11.4,1009.3,44.2,122.9,546.0,19.5,7.9,56.0,119
2026-03-12T21:00,24.9,67,0.0,10.6,1008.6,48.3,144.8,601.0,18.8,8.2,55.0,118
2026-03-12T22:00,24.2,67,0.0,8.8,1008.1,51.6,160.2,666.0,19.7,9.3,51.0,117
2026-03-12T23:00,23.5,66,0.0,6.6,1007.7,53.9,163.0,749.0,22.0,11.1,45.0,116
2026-03-13T00:00,22.2,77,0.0,5.8,1007.7,54.7,155.5,851.0,25.2,12.8,37.0,116
2026-03-13T01:00,22.0,76,0.0,7.4,1008.0,57.3,157.4,1004.0,31.6,14.9,27.0,116
2026-03-13T02:00,21.8,70,0.0,7.0,1008.6,63.3,162.5,1175.0,40.1,18.1,14.0,116
2026-03-13T03:00,22.9,59,0.0,5.6,1009.2,74.3,141.1,1274.0,44.2,22.2,15.0,117
2026-03-13T04:00,25.8,43,0.0,3.6,1009.9,64.3,154.1,1264.0,39.9,28.5,41.0,119
2026-03-13T05:00,29.1,31,0.0,1.9,1010.0,61.5,170.4,1180.0,31.2,35.8,81.0,119
2026-03-13T06:00,30.8,30,0.0,5.1,1010.1,62.9,182.5,1038.0,23.1,40.6,116.0,121
2026-03-13T07:00,31.5,33,0.0,10.5,1009.6,64.3,190.0,791.0,16.7,41.5,141.0,124
2026-03-13T08:00,32.5,26,0.0,12.0,1009.0,62.6,179.7,485.0,10.9,39.9,160.0,128
2026-03-13T09:00,33.6,14,0.0,13.6,1007.8,60.3,168.6,274.0,7.5,36.8,167.0,131
2026-03-13T10:00,32.8,15,0.0,15.0,1007.3,57.0,160.7,230.0,7.2,31.8,154.0,135
2026-03-13T11:00,31.4,21,0.0,14.2,1006.8,53.9,156.9,280.0,9.2,25.3,129.0,138
2026-03-13T12:00,30.1,27,0.0,13.7,1006.9,51.6,161.6,360.0,12.3,17.8,97.0,139
2026-03-13T13:00,27.9,43,0.0,11.3,1007.3,49.8,145.3,477.0,19.1,15.8,81.0,141
2026-03-13T14:00,26.0,62,0.0,9.6,1007.7,49.1,127.1,624.0,28.3,13.1,60.0,142
2026-03-13T15:00,25.4,67,0.0,8.6,1008.2,46.7,118.5,713.0,34.1,11.0,45.0,144
2026-03-13T16:00,25.2,64,0.0,10.8,1008.7,44.5,110.4,703.0,33.7,10.3,42.0,145
2026-03-13T17:00,25.2,57,0.0,10.3,1009.0,43.3,108.0,635.0,29.9,10.2,46.0,146
2026-03-13T18:00,24.9,66,0.0,10.7,1009.2,43.7,112.0,549.0,25.7,9.9,51.0,146
2026-03-13T19:00,24.8,70,0.0,10.7,1009.0,44.1,113.6,440.0,21.5,9.0,56.0,147
2026-03-13T20:00,24.6,74,0.0,10.9,1008.7,43.3,111.1,314.0,16.7,7.8,61.0,147
2026-03-13T21:00,24.6,71,0.0,11.4,1008.2,39.9,99.4,222.0,13.0,7.0,66.0,147
2026-03-13T22:00,24.7,64,0.0,14.1,1007.5,34.8,83.4,163.0,10.2,6.6,69.0,146
2026-03-13T23:00,24.5,63,0.0,14.2,1007.6,30.6,71.2,139.0,8.3,6.4,71.0,145
2026-03-14T00:00,23.9,71,0.0,11.5,1007.7,29.8,71.2,210.0,9.8,7.2,68.0,142
2026-03-14T01:00,23.3,75,0.0,9.4,1008.1,29.5,69.4,484.0,16.4,8.1,58.0,140
2026-03-14T02:00,22.6,79,0.0,8.2,1008.9,31.9,73.1,852.0,25.3,9.6,45.0,137
2026-03-14T03:00,23.4,75,0.0,6.2,1009.6,36.8,73.6,1053.0,30.2,11.9,42.0,134
2026-03-14T04:00,26.4,56,0.0,4.0,1010.3,39.8,93.1,923.0,27.6,16.3,59.0,130
2026-03-14T05:00,29.9,32,0.0,5.7,1010.5,40.6,111.3,625.0,21.0,21.7,87.0,127
2026-03-14T06:00,31.5,29,0.0,9.9,1010.7,34.7,92.9,387.0,15.1,24.8,109.0,125
2026-03-14T07:00,32.7,24,0.0,13.8,1010.1,31.2,93.1,295.0,11.0,23.8,120.0,122
2026-03-14T08:00,32.0,30,0.0,16.9,1009.6,31.1,99.7,263.0,7.5,20.5,126.0,118
2026-03-14T09:00,31.8,35,0.0,16.9,1008.6,30.3,93.1,257.0,5.8,17.5,126.0,115
2026-03-14T10:00,31.4,37,0.0,15.9,1007.7,27.8,83.4,268.0,6.3,15.6,119.0,112
2026-03-14T11:00,30.6,40,0.0,14.9,1007.0,25.4,73.3,305.0,8.5,14.0,105.0,109
2026-03-14T12:00,29.2,46,0.0,13.3,1006.9,26.4,71.5,365.0,12.4,13.6,94.0,106
2026-03-14T13:00,27.6,55,0.0,12.1,1007.0,25.8,59.5,471.0,18.5,12.7,82.0,103
2026-03-14T14:00,26.2,65,0.0,11.2,1007.5,27.1,55.3,599.0,26.6,11.4,66.0,101
2026-03-14T15:00,25.8,69,0.0,11.0,1008.2,27.2,57.7,673.0,31.3,10.3,56.0,99
2026-03-14T16:00,25.6,68,0.0,12.3,1008.6,26.4,58.6,652.0,29.3,9.5,56.0,97
2026-03-14T17:00,25.6,67,0.0,11.5,1009.5,24.7,55.9,575.0,23.8,8.8,61.0,96
2026-03-14T18:00,25.5,68,0.0,9.5,1010.1,22.6,51.2,489.0,18.5,8.1,67.0,94
2026-03-14T19:00,25.6,67,0.0,12.5,1009.7,20.5,46.4,392.0,14.2,7.3,74.0,92
2026-03-14T20:00,25.4,69,0.0,12.8,1009.2,19.0,42.4,284.0,10.1,6.6,81.0,90
2026-03-14T21:00,25.2,69,0.0,11.7,1008.5,18.1,40.4,212.0,7.2,6.1,86.0,88
2026-03-14T22:00,25.0,67,0.0,10.6,1008.4,17.1,36.0,172.0,5.4,5.8,86.0,86
2026-03-14T23:00,24.4,72,0.0,9.1,1008.5,16.0,32.0,167.0,4.8,5.7,84.0,84
2026-03-15T00:00,24.0,78,0.0,9.1,1008.5,15.9,31.4,257.0,6.0,6.0,83.0,83
2026-03-15T01:00,23.2,82,0.0,7.7,1009.2,16.7,33.2,559.0,14.0,7.7,70.0,82
2026-03-15T02:00,22.4,87,0.0,7.5,1010.0,20.0,41.0,955.0,24.8,10.2,52.0,81
2026-03-15T03:00,23.4,80,0.0,7.4,1011.1,26.3,53.3,1152.0,30.4,12.4,46.0,80
2026-03-15T04:00,26.9,57,0.0,5.9,1011.8,30.5,75.2,952.0,26.0,14.4,63.0,79
2026-03-15T05:00,31.1,30,0.0,8.1,1012.1,29.5,107.8,552.0,16.6,16.1,91.0,78
2026-03-15T06:00,33.5,16,0.0,11.8,1011.5,21.8,88.7,252.0,8.9,16.6,113.0,77
2026-03-15T07:00,34.7,11,0.0,13.4,1011.0,16.8,61.9,180.0,5.5,14.9,123.0,76
2026-03-15T08:00,35.2,10,0.0,12.7,1009.8,14.0,49.5,207.0,3.8,12.0,127.0,74
2026-03-15T09:00,35.2,12,0.0,14.1,1008.8,13.0,44.1,243.0,3.8,10.3,128.0,73
2026-03-15T10:00,34.8,12,0.0,15.7,1008.0,12.8,41.7,249.0,5.3,11.3,126.0,71
2026-03-15T11:00,34.3,12,0.0,15.0,1007.6,14.0,42.3,264.0,8.4,13.4,120.0,70
2026-03-15T12:00,32.5,17,0.0,14.6,1007.4,15.4,37.3,321.0,13.1,14.2,108.0,69
2026-03-15T13:00,29.9,30,0.0,12.4,1007.3,18.9,37.1,474.0,20.6,13.1,93.0,68
2026-03-15T14:00,27.8,41,0.0,10.8,1007.4,20.3,36.0,669.0,30.8,11.5,71.0,67
2026-03-15T15:00,27.1,44,0.0,13.7,1008.5,19.9,34.1,768.0,36.7,10.2,57.0,67
2026-03-15T16:00,26.8,45,0.0,14.8,1009.5,19.1,33.9,686.0,34.6,9.4,56.0,66
2026-03-15T17:00,26.6,46,0.0,14.4,1009.8,18.7,34.3,509.0,28.2,8.9,61.0,66
2026-03-15T18:00,26.1,50,0.0,12.8,1009.9,18.6,35.6,362.0,22.1,8.4,67.0,65
2026-03-15T19:00,25.4,56,0.0,12.9,1009.4,18.7,37.1,291.0,17.4,7.6,71.0,65
2026-03-15T20:00,25.1,60,0.0,13.3,1008.8,18.6,38.6,249.0,12.9,6.8,76.0,64
2026-03-15T21:00,25.0,61,0.0,12.7,1008.1,18.4,39.5,224.0,9.7,6.3,78.0,64
2026-03-15T22:00,24.2,67,0.0,10.4,1007.6,18.0,38.2,191.0,7.6,6.1,77.0,64
2026-03-15T23:00,23.6,73,0.0,9.4,1007.4,17.5,36.6,174.0,6.8,6.2,75.0,65
2026-03-16T00:00,23.2,78,0.0,11.2,1007.1,16.6,39.9,230.0,8.1,6.6,72.0,65
2026-03-16T01:00,23.2,78,0.0,11.0,1007.5,17.3,42.3,447.0,15.3,7.8,62.0,65
2026-03-16T02:00,23.1,77,0.0,10.5,1008.1,19.5,46.3,737.0,24.9,9.6,48.0,65
2026-03-16T03:00,24.4,67,0.0,9.1,1008.7,23.8,48.3,887.0,29.9,11.9,45.0,65
2026-03-16T04:00,27.3,46,0.0,7.9,1009.3,24.4,61.9,761.0,25.8,15.5,62.0,65
2026-03-16T05:00,30.7,21,0.0,11.0,1009.7,23.1,82.0,495.0,17.0,19.5,89.0,64
2026-03-16T06:00,32.8,15,0.0,10.4,1009.3,23.1,107.3,290.0,9.8,21.6,111.0,63
2026-03-16T07:00,34.0,13,0.0,11.2,1008.6,21.8,91.3,225.0,6.3,20.1,123.0,64
2026-03-16T08:00,34.6,12,0.0,12.8,1007.6,20.0,78.5,221.0,4.4,16.6,129.0,64
2026-03-16T09:00,34.8,12,0.0,14.2,1006.8,19.0,73.3,238.0,4.1,13.9,131.0,64
2026-03-16T10:00,34.2,14,0.0,15.3,1006.0,18.7,71.7,268.0,5.6,13.4,126.0,65
2026-03-16T11:00,32.6,23,0.0,15.4,1005.6,20.5,75.7,319.0,8.8,13.6,117.0,66
2026-03-16T12:00,30.9,31,0.0,14.3,1005.5,16.0,47.7,375.0,12.7,12.6,103.0,66
2026-03-16T13:00,28.6,46,0.0,13.8,1005.7,19.1,47.3,439.0,18.9,11.5,89.0,66
2026-03-16T14:00,27.2,51,0.0,13.5,1006.0,21.9,49.8,508.0,27.3,9.9,70.0,66
2026-03-16T15:00,26.5,56,0.0,11.9,1006.5,21.6,49.5,555.0,32.2,8.7,57.0,66
2026-03-16T16:00,26.3,58,0.0,12.0,1007.0,20.3,48.1,573.0,30.2,8.2,56.0,66
2026-03-16T17:00,26.0,61,0.0,11.1,1007.7,18.6,43.7,570.0,24.7,8.0,60.0,67
2026-03-16T18:00,25.4,63,0.0,9.3,1008.0,17.4,39.8,539.0,20.0,7.8,64.0,67
2026-03-16T19:00,25.0,65,0.0,8.8,1007.7,17.1,37.3,464.0,17.8,7.6,65.0,66
2026-03-16T20:00,24.5,69,0.0,7.7,1007.5,16.8,35.5,362.0,16.4,7.4,64.0,66
2026-03-16T21:00,24.0,75,0.0,7.8,1006.8,16.2,35.0,281.0,15.2,7.4,64.0,66
2026-03-16T22:00,23.8,78,0.0,9.1,1006.5,16.0,34.9,210.0,13.0,7.5,65.0,66
2026-03-16T23:00,23.4,83,0.0,9.2,1006.2,15.8,34.8,159.0,10.9,7.7,65.0,66
2026-03-17T00:00,23.4,86,0.0,10.2,1006.2,15.1,33.9,208.0,10.4,8.1,66.0,66
2026-03-17T01:00,23.3,88,0.0,9.9,1006.4,15.3,35.0,471.0,17.2,9.0,59.0,66
2026-03-17T02:00,23.3,87,0.0,8.0,1006.7,17.1,37.5,833.0,26.3,10.3,51.0,65
2026-03-17T03:00,24.4,81,0.0,5.8,1007.4,21.0,39.0,1026.0,30.9,12.2,52.0,65
2026-03-17T04:00,26.4,67,0.0,6.7,1008.2,20.2,47.8,881.0,26.8,15.1,70.0,65
2026-03-17T05:00,28.2,55,0.0,7.7,1008.4,20.1,53.1,568.0,18.3,18.6,97.0,65
2026-03-17T06:00,28.9,54,0.0,8.8,1008.7,20.6,53.9,329.0,11.3,21.0,118.0,64
2026-03-17T07:00,28.9,59,0.0,12.8,1008.6,20.5,52.2,265.0,8.0,21.7,130.0,64
2026-03-17T08:00,28.8,59,0.0,14.2,1007.7,19.9,49.6,274.0,6.3,21.3,136.0,64
2026-03-17T09:00,28.6,58,0.0,14.5,1007.1,18.7,46.4,296.0,5.8,20.4,136.0,64
2026-03-17T10:00,28.2,61,0.0,14.8,1006.4,17.6,43.2,313.0,6.3,18.7,128.0,64
2026-03-17T11:00,28.0,63,0.0,13.2,1005.8,16.8,40.5,342.0,7.9,16.5,114.0,64
2026-03-17T12:00,27.4,65,0.0,12.2,1005.7,14.4,34.2,376.0,11.5,16.4,105.0,64
2026-03-17T13:00,26.5,71,0.0,11.4,1005.6,14.8,30.4,418.0,17.9,14.9,90.0,72
2026-03-17T14:00,25.6,80,0.0,8.6,1006.1,16.6,27.5,465.0,26.9,12.8,70.0,70
2026-03-17T15:00,25.4,86,0.0,8.8,1006.5,17.2,27.9,501.0,34.2,11.5,53.0,62
2026-03-17T16:00,25.2,88,0.0,8.0,1007.3,18.2,28.5,513.0,38.3,11.8,45.0,62
2026-03-17T17:00,25.0,89,0.0,7.5,1007.8,20.0,29.9,514.0,40.7,12.8,40.0,62
2026-03-17T18:00,25.0,91,0.0,6.7,1007.8,22.1,31.5,521.0,42.0,13.5,37.0,62
2026-03-17T19:00,24.8,92,0.0,7.0,1007.7,23.0,32.1,547.0,42.0,13.3,34.0,62
2026-03-17T20:00,24.5,93,0.0,5.8,1007.4,23.2,31.8,579.0,40.8,12.7,33.0,63
2026-03-17T21:00,24.1,95,0.0,3.1,1007.1,25.7,35.0,603.0,39.9,12.5,31.0,64
2026-03-17T22:00,23.7,97,0.0,2.6,1006.6,28.8,39.3,596.0,39.9,12.9,28.0,64
2026-03-17T23:00,23.4,98,0.0,4.3,1006.5,33.8,45.3,580.0,40.1,13.7,24.0,65
2026-03-18T00:00,23.0,98,0.0,5.4,1006.8,29.9,38.3,609.0,28.0,12.6,37.0,67
2026-03-18T01:00,23.0,97,0.0,5.6,1007.1,38.2,47.3,747.0,32.0,13.4,29.0,68
2026-03-18T02:00,23.0,96,0.0,6.4,1007.9,47.7,56.2,929.0,37.1,14.7,20.0,70
2026-03-18T03:00,23.7,91,0.0,7.8,1008.5,43.5,50.3,1022.0,38.0,17.0,21.0,73
2026-03-18T04:00,25.4,80,0.0,3.1,1009.8,26.5,34.6,944.0,30.9,21.3,41.0,75
2026-03-18T05:00,27.0,72,0.0,7.9,1009.8,18.9,29.4,776.0,19.6,26.6,72.0,76
2026-03-18T06:00,28.0,65,0.0,9.6,1010.0,18.7,31.0,625.0,10.7,29.9,97.0,76
2026-03-18T07:00,28.5,64,0.0,7.8,1010.4,19.3,33.2,515.0,6.8,29.3,112.0,75
2026-03-18T08:00,28.9,58,0.2,3.9,1009.9,20.2,37.8,422.0,5.3,26.7,122.0,75
2026-03-18T09:00,29.6,53,0.0,5.5,1008.7,20.9,42.4,376.0,5.3,24.6,125.0,75
2026-03-18T10:00,29.6,54,0.0,12.7,1007.5,20.4,43.0,393.0,6.7,24.4,120.0,76
2026-03-18T11:00,28.7,56,0.0,11.2,1006.9,19.5,43.5,456.0,9.6,24.6,110.0,76
2026-03-18T12:00,27.5,72,0.0,15.9,1006.4,22.4,48.3,550.0,13.4,28.2,106.0,76
2026-03-18T13:00,26.4,79,0.0,17.8,1006.8,18.5,39.5,689.0,15.0,23.0,94.0,77
2026-03-18T14:00,26.0,84,0.0,12.9,1007.0,15.3,29.7,858.0,17.2,15.8,78.0,77
2026-03-18T15:00,25.5,88,0.0,7.9,1007.6,13.0,28.1,996.0,18.6,10.3,66.0,77
2026-03-18T16:00,25.4,90,0.0,5.7,1009.0,12.6,29.1,1104.0,18.0,8.2,64.0,77
2026-03-18T17:00,25.3,90,0.0,7.5,1010.0,13.6,31.4,1182.0,16.7,7.8,68.0,76
2026-03-18T18:00,24.0,75,2.1,6.0,1011.2,15.3,33.9,1159.0,16.4,8.1,68.0,76
2026-03-18T19:00,23.0,74,0.0,6.0,1010.6,19.2,39.0,959.0,18.9,9.2,61.0,75
2026-03-18T20:00,23.0,76,0.0,3.0,1010.8,19.5,36.0,660.0,22.4,11.0,51.0,75
2026-03-18T21:00,22.6,78,0.0,2.5,1009.7,18.5,33.9,426.0,24.3,12.2,45.0,74
2026-03-18T22:00,22.9,88,0.0,8.5,1008.9,17.9,31.8,272.0,22.3,12.0,45.0,74
2026-03-18T23:00,22.5,92,0.4,0.6,1009.4,18.1,32.7,183.0,18.5,11.3,49.0,73
2026-03-19T00:00,21.4,88,0.0,6.5,1009.7,19.3,36.7,281.0,21.4,13.5,36.0,71
2026-03-19T01:00,20.5,90,0.4,1.0,1010.5,18.8,36.4,772.0,28.6,13.8,28.0,70
2026-03-19T02:00,20.5,83,7.8,1.0,1011.7,21.8,40.7,1451.0,38.2,14.4,18.0,69
2026-03-19T03:00,21.1,88,0.5,3.2,1012.6,25.4,42.0,1824.0,42.8,15.8,18.0,66
2026-03-19T04:00,22.4,84,0.0,2.9,1013.2,27.3,46.7,1579.0,37.9,18.7,36.0,65
2026-03-19T05:00,24.0,77,1.2,1.5,1014.5,27.2,55.1,1028.0,27.9,22.4,64.0,65
2026-03-19T06:00,21.5,82,0.1,8.5,1014.4,28.1,77.3,618.0,19.3,25.3,90.0,65
2026-03-19T07:00,21.8,81,0.1,8.6,1014.3,29.7,90.6,552.0,14.0,26.5,112.0,66
2026-03-19T08:00,23.0,76,0.0,7.4,1013.6,32.9,103.1,625.0,9.9,27.0,131.0,67
2026-03-19T09:00,24.0,70,0.0,9.7,1012.2,36.9,114.3,673.0,7.6,27.6,145.0,68
2026-03-19T10:00,24.3,70,0.1,8.4,1011.2,40.2,125.7,586.0,5.9,29.3,154.0,70
2026-03-19T11:00,24.4,68,0.2,7.6,1010.3,41.9,132.7,473.0,5.9,31.1,156.0,72
2026-03-19T12:00,25.8,57,0.0,3.6,1009.4,23.5,74.5,495.0,10.7,22.7,110.0,74
2026-03-19T13:00,25.4,59,0.0,3.1,1009.6,25.1,77.1,811.0,26.9,22.9,86.0,74
2026-03-19T14:00,24.5,67,0.0,5.7,1010.4,33.9,75.2,1263.0,49.1,23.3,52.0,76
2026-03-19T15:00,23.7,70,0.0,8.1,1011.3,35.7,77.5,1535.0,65.3,23.6,27.0,76
2026-03-19T16:00,23.0,74,0.0,6.1,1012.1,40.7,87.3,1458.0,70.1,24.3,18.0,78
2026-03-19T17:00,22.3,81,0.0,4.7,1012.6,47.6,92.7,1202.0,68.8,25.1,17.0,80
2026-03-19T18:00,21.5,77,0.0,4.2,1012.8,44.2,77.3,961.0,65.8,24.7,18.0,83
2026-03-19T19:00,21.2,78,0.0,5.6,1012.2,35.7,68.7,796.0,61.7,22.0,21.0,86
2026-03-19T20:00,21.1,77,0.0,4.7,1011.6,34.2,70.1,647.0,55.8,18.2,26.0,87
2026-03-19T21:00,20.9,80,0.0,2.9,1010.5,35.2,74.0,529.0,50.5,15.5,30.0,89
2026-03-19T22:00,20.5,82,0.0,4.2,1009.8,35.2,73.3,387.0,46.0,14.9,31.0,90
2026-03-19T23:00,19.6,85,0.0,7.4,1009.9,35.2,72.9,276.0,42.1,15.4,30.0,92
2026-03-20T00:00,19.0,92,0.0,5.2,1010.5,34.5,59.5,376.0,55.4,17.0,16.0,93
2026-03-20T01:00,18.8,92,0.0,2.0,1011.0,35.2,62.2,941.0,55.4,18.9,14.0,95
2026-03-20T02:00,18.9,93,0.0,1.2,1011.5,38.3,66.6,1717.0,54.9,21.6,13.0,96
2026-03-20T03:00,20.5,87,0.0,1.7,1011.9,44.5,65.4,2118.0,50.5,24.0,22.0,98
2026-03-20T04:00,23.1,73,0.0,1.8,1012.4,28.8,64.3,1772.0,38.6,26.3,49.0,99
2026-03-20T05:00,24.6,67,0.0,3.0,1012.6,27.4,83.8,1052.0,22.8,28.4,86.0,99
2026-03-20T06:00,25.9,55,0.0,2.6,1012.7,31.1,109.2,491.0,10.7,28.8,114.0,99
2026-03-20T07:00,26.8,53,0.0,6.5,1012.3,32.9,113.4,310.0,5.6,26.0,126.0,100
2026-03-20T08:00,26.6,58,0.0,11.3,1011.5,32.9,109.0,289.0,4.2,21.5,128.0,100
2026-03-20T09:00,26.4,60,0.0,12.7,1010.5,32.2,105.2,302.0,4.1,18.3,127.0,100
2026-03-20T10:00,26.3,59,0.0,12.4,1009.9,31.9,102.9,311.0,4.3,17.9,123.0,99
2026-03-20T11:00,26.2,60,0.0,9.8,1009.2,31.2,97.8,353.0,5.8,18.7,115.0,99
2026-03-20T12:00,26.0,61,0.0,8.5,1009.1,24.9,72.9,418.0,9.1,20.4,116.0,98
2026-03-20T13:00,25.0,67,0.0,9.9,1009.7,23.3,62.6,531.0,16.1,18.4,97.0,98
2026-03-20T14:00,24.0,74,0.0,9.2,1009.9,23.1,50.9,667.0,25.7,15.6,71.0,98
2026-03-20T15:00,23.6,78,0.0,9.2,1010.5,23.1,48.5,738.0,32.6,13.5,51.0,97
2026-03-20T16:00,23.5,80,0.0,8.7,1011.1,23.2,47.8,688.0,34.6,12.7,45.0,96
2026-03-20T17:00,23.4,82,0.0,8.8,1011.5,23.3,47.1,573.0,33.9,12.5,45.0,94
2026-03-20T18:00,23.6,86,0.0,8.8,1011.1,23.6,46.6,470.0,32.3,12.1,46.0,92
2026-03-20T19:00,24.1,87,0.0,8.9,1010.7,23.9,46.1,404.0,30.0,11.0,47.0,90
2026-03-20T20:00,23.9,89,0.0,10.1,1010.2,23.3,45.5,350.0,26.8,9.6,48.0,89
2026-03-20T21:00,23.6,90,0.0,9.1,1009.9,21.9,44.0,311.0,23.6,8.6,50.0,88
2026-03-20T22:00,23.5,91,0.0,7.6,1009.6,20.5,41.4,265.0,19.7,8.0,52.0,87
2026-03-20T23:00,23.6,90,0.0,8.2,1009.5,19.1,38.8,234.0,15.8,7.7,54.0,86
2026-03-21T00:00,23.4,90,0.0,9.3,1009.9,17.2,36.3,288.0,13.1,7.6,55.0,84
2026-03-21T01:00,23.0,92,0.1,8.8,1010.3,17.5,35.4,532.0,20.2,8.8,47.0,83
2026-03-21T02:00,22.9,93,0.0,4.6,1010.7,20.0,37.1,860.0,29.6,10.6,37.0,81
2026-03-21T03:00,23.5,90,0.0,4.0,1011.4,25.5,40.7,1026.0,33.7,12.7,35.0,80
2026-03-21T04:00,24.5,85,0.0,4.2,1011.9,22.1,46.6,866.0,27.5,15.4,48.0,78
2026-03-21T05:00,26.3,73,0.0,6.8,1012.1,22.0,49.0,543.0,16.0,18.3,69.0,77
2026-03-21T06:00,27.2,65,0.0,7.5,1011.9,22.8,49.0,300.0,7.2,20.3,87.0,77
2026-03-21T07:00,27.7,63,0.0,8.6,1012.0,24.0,49.9,243.0,4.2,20.5,99.0,76
2026-03-21T08:00,27.6,63,0.0,11.4,1011.7,25.3,50.8,265.0,3.9,19.7,107.0,75
2026-03-21T09:00,27.8,63,0.0,10.9,1011.1,25.5,50.8,294.0,4.5,19.2,110.0,75
2026-03-21T10:00,27.6,63,0.0,10.9,1010.2,25.4,49.4,296.0,5.1,19.7,106.0,74
2026-03-21T11:00,27.3,64,0.0,13.7,1010.1,24.0,44.9,304.0,6.6,20.5,96.0,73
2026-03-21T12:00,26.9,63,0.0,10.9,1010.1,19.0,35.4,344.0,7.7,17.5,87.0,73
2026-03-21T13:00,26.5,65,0.0,9.4,1010.6,18.9,32.7,446.0,15.8,16.9,71.0,72
2026-03-21T14:00,25.9,68,0.0,9.0,1011.1,21.2,31.5,580.0,27.0,16.1,50.0,72
2026-03-21T15:00,25.3,73,0.0,9.1,1011.8,23.3,32.9,683.0,36.5,15.6,32.0,72
2026-03-21T16:00,25.0,78,0.0,8.8,1012.4,25.5,34.3,740.0,43.1,16.0,22.0,72
2026-03-21T17:00,24.8,81,0.0,8.4,1012.7,27.1,35.3,766.0,47.9,16.8,16.0,72
2026-03-21T18:00,24.5,82,0.0,9.0,1013.0,28.5,36.2,743.0,49.4,16.9,14.0,72
2026-03-21T19:00,24.5,83,0.0,8.8,1012.8,29.3,36.7,638.0,45.7,15.5,17.0,73
2026-03-21T20:00,24.3,83,0.0,7.4,1012.5,27.0,34.2,484.0,38.6,13.4,25.0,73
2026-03-21T21:00,24.0,86,0.0,7.0,1012.0,24.1,31.2,367.0,31.9,11.6,31.0,73
2026-03-21T22:00,23.5,90,0.0,6.5,1011.8,22.6,29.6,296.0,25.5,10.3,36.0,74
2026-03-21T23:00,23.1,93,0.0,4.9,1012.1,21.6,28.5,261.0,19.5,9.4,41.0,74
2026-03-22T00:00,22.2,98,0.0,1.9,1011.9,20.1,25.7,316.0,16.0,9.0,42.0,74
2026-03-22T01:00,22.5,98,0.0,0.5,1012.4,21.0,26.4,564.0,22.5,10.3,34.0,74
2026-03-22T02:00,22.4,98,0.0,4.0,1013.1,28.2,33.6,902.0,31.0,12.4,24.0,75
2026-03-22T03:00,23.5,91,0.0,4.3,1013.8,33.6,38.5,1077.0,34.7,15.9,25.0,75
2026-03-22T04:00,25.0,79,0.0,4.3,1014.0,25.6,35.6,926.0,28.9,22.3,47.0,76
2026-03-22T05:00,26.5,70,0.0,4.0,1014.3,26.1,43.8,613.0,18.3,30.0,80.0,76
2026-03-22T06:00,27.1,64,0.0,6.5,1014.5,28.8,54.6,368.0,10.1,35.0,106.0,77
2026-03-22T07:00,27.6,61,0.1,8.7,1014.3,28.8,58.7,286.0,7.4,35.0,117.0,77
2026-03-22T08:00,28.8,55,0.0,11.2,1013.6,28.1,53.2,274.0,7.1,32.1,121.0,78
2026-03-22T09:00,29.0,52,0.0,13.8,1012.8,26.4,44.8,283.0,7.8,29.0,118.0,78
2026-03-22T10:00,28.5,55,0.0,13.3,1012.4,23.6,36.2,305.0,8.6,26.2,108.0,78
2026-03-22T11:00,28.2,59,0.0,12.5,1011.9,22.0,31.4,348.0,10.4,23.1,92.0,78
2026-03-22T12:00,27.0,64,0.0,5.6,1011.8,25.4,34.6,388.0,12.2,19.0,79.0,78
2026-03-22T13:00,26.4,71,0.0,13.9,1012.1,24.6,31.7,421.0,18.3,17.8,67.0,78
2026-03-22T14:00,25.6,75,0.0,9.7,1012.3,25.2,30.6,450.0,26.7,16.2,51.0,79
2026-03-22T15:00,25.0,79,0.0,8.5,1012.7,25.9,31.2,465.0,33.4,15.0,38.0,79
2026-03-22T16:00,24.5,83,0.0,6.9,1012.7,26.1,31.1,460.0,37.2,14.8,31.0,79
2026-03-22T17:00,24.0,86,0.0,7.7,1012.8,26.7,31.3,439.0,39.2,14.9,27.0,79
2026-03-22T18:00,24.2,84,0.0,8.8,1013.2,26.8,31.2,406.0,38.9,14.6,26.0,79
2026-03-22T19:00,24.1,84,0.0,8.8,1012.9,25.7,29.9,352.0,35.0,13.3,28.0,79
2026-03-22T20:00,23.9,85,0.0,8.3,1012.6,23.3,27.2,285.0,28.8,11.5,33.0,79
2026-03-22T21:00,23.5,86,0.0,8.0,1012.2,20.4,24.0,233.0,23.0,10.0,38.0,79
2026-03-22T22:00,23.4,86,0.0,7.9,1011.6,17.4,20.7,193.0,18.2,9.0,42.0,78
2026-03-22T23:00,23.4,85,0.0,9.2,1011.5,14.8,17.8,169.0,13.8,8.3,45.0,78
2026-03-23T00:00,23.2,87,0.0,9.0,1011.4,16.4,19.9,200.0,15.1,9.4,40.0,77
2026-03-23T01:00,23.2,87,0.0,9.1,1011.9,15.7,18.9,349.0,16.5,10.4,40.0,77
2026-03-23T02:00,23.1,89,0.0,7.5,1012.2,17.0,20.1,552.0,18.2,12.0,41.0,76
2026-03-23T03:00,24.2,83,0.0,7.5,1012.7,16.4,20.4,662.0,18.3,14.1,47.0,75
2026-03-23T04:00,25.9,72,0.0,7.3,1012.8,14.8,19.8,583.0,15.4,17.5,64.0,74
2026-03-23T05:00,27.6,59,0.0,7.9,1013.0,14.2,21.9,411.0,10.8,21.4,86.0,73
2026-03-23T06:00,29.2,49,0.0,8.6,1013.1,13.4,22.9,277.0,7.2,23.7,103.0,72
2026-03-23T07:00,30.3,45,0.0,10.3,1012.5,12.7,23.8,236.0,5.3,22.8,112.0,70
2026-03-23T08:00,30.7,45,0.0,12.7,1011.6,12.3,24.3,234.0,4.2,20.3,115.0,69
2026-03-23T09:00,30.2,48,0.0,15.4,1010.8,12.0,24.1,245.0,4.1,18.4,115.0,68
2026-03-23T10:00,29.6,51,0.0,15.2,1010.0,11.9,24.4,261.0,4.8,18.3,111.0,66
2026-03-23T11:00,29.3,51,0.0,14.8,1009.4,12.1,25.4,290.0,6.3,18.9,103.0,65
2026-03-23T12:00,28.1,55,0.0,12.6,1009.6,10.3,18.0,324.0,9.9,19.1,96.0,64
2026-03-23T13:00,27.1,61,0.0,12.9,1010.0,11.1,17.3,370.0,18.0,17.6,79.0,63
2026-03-23T14:00,25.8,73,0.0,9.9,1010.3,13.6,18.0,422.0,28.9,15.4,55.0,62
2026-03-23T15:00,25.3,80,0.0,10.0,1011.0,13.6,18.7,453.0,35.4,13.5,39.0,61
2026-03-23T16:00,24.9,85,0.0,9.0,1011.5,12.6,18.7,452.0,33.4,12.2,38.0,60
2026-03-23T17:00,24.6,86,0.0,9.0,1011.7,11.7,18.2,430.0,27.1,11.3,45.0,59
2026-03-23T18:00,24.5,89,0.0,9.5,1011.8,11.4,17.5,395.0,21.6,10.4,51.0,57
2026-03-23T19:00,24.5,89,0.0,8.6,1011.4,11.3,16.6,337.0,18.8,9.6,52.0,56
2026-03-23T20:00,24.4,91,0.0,8.1,1010.9,11.0,15.8,266.0,16.9,9.0,51.0,55
2026-03-23T21:00,24.0,92,0.0,9.3,1010.6,10.4,14.7,213.0,15.0,8.5,50.0,54
2026-03-23T22:00,23.8,94,0.0,9.6,1010.5,9.5,13.4,184.0,12.3,8.0,50.0,53
2026-03-23T23:00,24.0,92,0.0,8.4,1010.2,8.6,12.5,173.0,9.6,7.7,50.0,52
2026-03-24T00:00,24.1,93,0.0,8.2,1009.7,8.2,11.1,195.0,9.4,7.8,48.0,51
2026-03-24T01:00,24.1,93,0.0,10.2,1010.1,8.7,12.5,281.0,13.2,8.4,43.0,51
2026-03-24T02:00,24.1,92,0.0,10.6,1010.6,11.4,15.7,399.0,18.3,9.4,38.0,50
2026-03-24T03:00,25.0,84,0.0,11.5,1011.5,13.2,18.7,467.0,21.7,11.3,37.0,49
2026-03-24T04:00,26.4,74,0.0,9.3,1011.9,14.8,22.1,431.0,22.1,14.8,44.0,49
2026-03-24T05:00,28.2,60,0.0,9.9,1012.0,15.5,26.6,344.0,20.8,19.2,56.0,49
2026-03-24T06:00,29.8,50,0.0,7.4,1011.7,17.3,32.2,286.0,18.6,22.7,72.0,49
2026-03-24T07:00,29.0,49,0.0,7.6,1010.7,17.8,35.9,294.0,14.8,24.7,97.0,50
2026-03-24T08:00,29.6,46,0.0,7.7,1010.0,17.9,36.9,330.0,10.1,25.8,126.0,50
2026-03-24T09:00,29.5,52,0.0,11.5,1009.4,19.3,37.1,360.0,7.1,25.9,142.0,51
2026-03-24T10:00,28.6,61,0.0,13.1,1008.9,20.1,36.6,367.0,6.5,24.5,138.0,51
2026-03-24T11:00,29.4,55,0.0,10.0,1008.1,18.5,33.6,368.0,7.6,22.1,121.0,52
2026-03-24T12:00,29.2,61,0.0,10.2,1008.0,16.2,28.7,385.0,11.3,24.6,115.0,53
2026-03-24T13:00,27.9,65,0.0,11.4,1008.2,16.7,27.6,439.0,16.7,21.5,93.0,53
2026-03-24T14:00,26.7,73,0.0,9.6,1008.6,16.5,23.5,509.0,24.1,17.1,62.0,59
2026-03-24T15:00,26.0,82,0.0,8.0,1009.2,14.8,22.1,556.0,28.6,13.6,40.0,57
2026-03-24T16:00,25.5,87,0.0,9.4,1010.1,14.5,21.9,572.0,27.9,11.9,35.0,54
2026-03-24T17:00,25.2,89,0.0,9.8,1010.4,14.0,21.9,565.0,24.3,11.0,39.0,54
2026-03-24T18:00,25.2,90,0.0,12.0,1010.4,13.5,22.3,524.0,20.3,10.2,43.0,54
2026-03-24T19:00,25.2,91,0.0,14.4,1010.4,13.2,22.9,421.0,16.4,9.0,46.0,55
2026-03-24T20:00,25.2,91,0.0,13.1,1009.9,12.6,23.1,283.0,12.1,7.9,49.0,55
2026-03-24T21:00,24.9,92,0.0,11.8,1009.6,11.9,22.0,183.0,8.7,7.1,52.0,55
2026-03-24T22:00,24.8,91,0.0,12.5,1009.3,11.1,19.9,131.0,6.2,6.5,54.0,55
2026-03-24T23:00,24.9,88,0.0,12.1,1009.3,10.7,19.3,116.0,4.7,6.2,56.0,55
2026-03-25T00:00,24.3,86,0.0,6.6,1008.2,11.3,18.9,183.0,7.6,7.6,49.0,55
2026-03-25T01:00,24.0,88,0.0,7.1,1008.9,12.2,21.8,423.0,12.5,9.0,43.0,56
2026-03-25T02:00,24.0,86,0.0,8.4,1009.7,15.9,27.0,744.0,19.0,11.1,36.0,56
2026-03-25T03:00,25.2,78,0.0,7.0,1010.3,19.4,35.3,912.0,22.1,13.4,36.0,56
2026-03-25T04:00,27.5,61,0.0,8.5,1010.5,21.0,53.4,773.0,18.6,16.5,50.0,57
2026-03-25T05:00,29.5,46,0.0,9.0,1010.9,22.3,65.7,480.0,11.8,19.7,71.0,57
2026-03-25T06:00,30.0,46,0.0,12.5,1011.0,23.8,72.6,258.0,6.4,21.2,87.0,58
2026-03-25T07:00,30.5,43,0.0,15.0,1010.9,23.7,72.9,200.0,4.1,19.1,91.0,59
2026-03-25T08:00,30.5,41,0.0,14.1,1010.0,23.6,73.6,212.0,3.2,15.2,90.0,59
2026-03-25T09:00,30.3,40,0.0,15.7,1009.6,23.5,75.2,235.0,3.3,12.5,86.0,60
2026-03-25T10:00,30.0,39,0.0,13.7,1009.0,23.6,75.9,253.0,3.5,12.5,81.0,60
2026-03-25T11:00,29.4,43,0.0,13.6,1008.5,23.9,75.9,282.0,4.6,13.7,73.0,60
2026-03-25T12:00,28.0,58,0.0,13.1,1008.4,22.5,71.0,315.0,7.9,13.6,63.0,61
2026-03-25T13:00,26.9,68,0.0,12.5,1008.6,23.2,67.3,353.0,16.5,14.1,51.0,61
2026-03-25T14:00,26.0,76,0.0,10.3,1009.3,25.1,58.2,395.0,28.4,14.8,35.0,62
2026-03-25T15:00,26.0,75,0.0,10.5,1010.0,27.5,57.0,432.0,38.1,15.4,22.0,63
2026-03-25T16:00,25.9,71,0.0,10.5,1010.5,29.7,56.5,466.0,43.6,15.8,15.0,64
2026-03-25T17:00,25.6,73,0.0,8.4,1010.6,31.0,55.9,497.0,46.9,16.0,12.0,65
2026-03-25T18:00,25.7,73,0.0,6.9,1010.7,31.7,55.5,510.0,47.7,15.7,11.0,67
2026-03-25T19:00,25.6,74,0.0,8.6,1010.7,31.0,54.1,502.0,45.4,14.6,13.0,68
2026-03-25T20:00,25.4,75,0.0,6.1,1010.2,29.7,51.7,478.0,40.6,13.1,17.0,70
2026-03-25T21:00,25.2,77,0.0,6.2,1010.1,28.2,48.9,437.0,35.1,11.7,22.0,71
2026-03-25T22:00,25.1,77,0.0,7.5,1010.6,26.4,45.8,358.0,28.1,10.4,29.0,73
2026-03-25T23:00,24.8,78,0.0,6.5,1010.5,23.8,42.7,263.0,20.4,9.3,38.0,74
2026-03-26T00:00,24.8,80,0.0,9.7,1010.9,21.4,37.5,218.0,16.3,9.2,38.0,75
2026-03-26T01:00,25.0,78,0.0,11.7,1012.0,21.8,37.0,277.0,22.8,10.3,32.0,76
2026-03-26T02:00,25.0,78,0.0,9.7,1012.2,25.5,40.0,386.0,31.3,11.9,23.0,77
2026-03-26T03:00,24.8,78,0.1,9.4,1013.0,27.6,43.9,448.0,34.9,14.2,24.0,78
2026-03-26T04:00,25.3,75,0.0,6.4,1013.4,25.4,47.8,408.0,28.7,18.0,41.0,79
2026-03-26T05:00,28.0,60,0.0,6.8,1013.6,24.3,49.2,321.0,17.5,22.5,66.0,79
2026-03-26T06:00,29.8,50,0.0,10.1,1013.0,25.1,53.9,252.0,8.7,25.3,87.0,79
2026-03-26T07:00,30.3,47,0.0,15.2,1012.8,27.5,60.5,224.0,5.3,24.9,102.0,79
2026-03-26T08:00,30.1,48,0.0,16.0,1012.6,27.4,61.7,214.0,4.2,22.8,113.0,80
2026-03-26T09:00,30.2,46,0.0,15.3,1012.0,26.1,58.9,217.0,4.2,20.9,117.0,80
2026-03-26T10:00,29.6,50,0.0,15.0,1011.1,24.8,55.8,238.0,4.4,19.9,111.0,80
2026-03-26T11:00,29.0,52,0.0,12.9,1010.3,23.4,51.9,272.0,5.6,19.2,99.0,80
2026-03-26T12:00,28.3,52,0.0,12.3,1011.1,15.6,33.5,303.0,7.9,16.6,77.0,80
2026-03-26T13:00,27.5,56,0.0,11.2,1011.3,16.1,31.4,323.0,13.6,16.4,65.0,80
2026-03-26T14:00,26.4,64,0.0,9.4,1011.4,17.6,28.3,340.0,21.5,16.0,48.0,79
2026-03-26T15:00,25.7,71,0.0,7.3,1012.2,18.5,28.9,354.0,27.7,15.6,35.0,78
2026-03-26T16:00,25.4,75,0.0,6.1,1012.8,19.5,29.1,371.0,31.2,15.3,29.0,78
2026-03-26T17:00,25.1,77,0.0,6.9,1013.3,20.5,29.4,385.0,33.0,15.0,26.0,77
2026-03-26T18:00,25.4,81,0.0,8.2,1013.5,20.7,29.3,386.0,32.7,14.3,26.0,76
2026-03-26T19:00,25.4,81,0.0,7.9,1012.9,20.7,28.8,363.0,29.1,13.0,29.0,75
2026-03-26T20:00,25.1,83,0.0,6.5,1012.5,19.4,27.4,326.0,23.3,11.3,35.0,74
2026-03-26T21:00,24.6,85,0.0,7.0,1011.9,17.5,25.4,293.0,18.2,9.9,40.0,73
2026-03-26T22:00,24.3,88,0.0,7.8,1011.4,15.8,23.4,254.0,14.3,8.9,43.0,72
2026-03-26T23:00,24.0,90,0.0,7.9,1011.1,14.6,21.2,219.0,11.0,8.1,45.0,71
2026-03-27T00:00,23.6,93,0.0,6.2,1011.6,14.9,21.0,239.0,12.2,8.8,41.0,70
2026-03-27T01:00,23.7,93,0.0,6.8,1012.0,14.5,19.6,372.0,13.9,9.8,40.0,70
2026-03-27T02:00,23.7,93,0.0,7.5,1012.2,16.6,21.7,560.0,16.1,11.4,38.0,69
2026-03-27T03:00,24.9,86,0.0,6.2,1012.9,16.8,23.1,678.0,16.7,13.6,43.0,68
2026-03-27T04:00,26.7,75,0.0,5.1,1013.3,16.2,24.4,665.0,14.2,17.0,58.0,67
2026-03-27T05:00,28.6,60,0.0,1.5,1013.4,16.5,27.4,583.0,10.0,21.0,78.0,66
2026-03-27T06:00,30.0,54,0.0,3.9,1013.2,16.5,28.3,494.0,6.7,23.8,96.0,66
2026-03-27T07:00,30.8,52,0.0,11.8,1012.8,16.6,29.0,406.0,5.1,24.6,111.0,65
2026-03-27T08:00,30.7,52,0.0,13.3,1012.0,18.2,33.5,311.0,4.4,24.1,124.0,64
2026-03-27T09:00,31.0,49,0.0,15.3,1011.2,19.3,38.9,245.0,4.3,22.6,127.0,63
2026-03-27T10:00,30.1,54,0.0,18.2,1010.6,16.6,30.0,229.0,4.7,19.7,113.0,63
2026-03-27T11:00,28.9,59,0.0,19.7,1010.0,11.8,21.9,241.0,5.8,15.8,90.0,62
2026-03-27T12:00,27.8,66,0.0,20.6,1010.1,3.7,3.9,254.0,7.0,13.3,72.0,61
2026-03-27T13:00,27.0,70,0.0,17.6,1009.6,3.5,3.7,261.0,10.6,12.9,63.0,60
2026-03-27T14:00,26.2,75,0.0,12.7,1009.2,4.5,5.0,268.0,15.7,12.3,50.0,59
2026-03-27T15:00,25.8,81,0.0,15.0,1009.4,6.1,7.4,269.0,19.2,11.8,41.0,58
2026-03-27T16:00,25.6,81,0.0,15.0,1009.5,6.7,10.0,262.0,20.3,11.7,37.0,56
2026-03-27T17:00,25.4,83,0.0,12.7,1009.2,7.6,13.2,249.0,19.9,11.6,37.0,55
2026-03-27T18:00,25.4,84,0.0,12.4,1008.8,8.0,15.3,231.0,18.3,11.1,38.0,54
2026-03-27T19:00,25.2,86,0.0,15.8,1008.5,7.1,14.6,202.0,14.7,9.7,42.0,53
2026-03-27T20:00,25.1,87,0.0,19.1,1008.4,5.7,12.2,167.0,9.9,7.8,48.0,52
2026-03-27T21:00,25.0,87,0.0,18.0,1007.6,4.7,9.6,141.0,6.2,6.4,52.0,51
2026-03-27T22:00,24.8,87,0.0,15.1,1006.7,4.3,7.0,127.0,4.5,5.8,52.0,49
2026-03-27T23:00,24.8,87,0.0,14.8,1006.4,4.5,7.0,123.0,3.9,5.6,51.0,47
2026-03-28T00:00,25.0,83,0.0,15.2,1006.9,4.3,6.2,136.0,5.0,6.4,49.0,45
2026-03-28T01:00,25.0,82,0.0,14.3,1007.1,4.8,8.2,182.0,6.4,6.9,48.0,43
2026-03-28T02:00,25.1,80,0.0,14.5,1007.4,6.5,12.0,246.0,8.2,7.6,46.0,42
2026-03-28T03:00,26.1,73,0.0,20.8,1007.8,8.3,17.2,283.0,8.9,8.4,48.0,40
2026-03-28T04:00,27.2,66,0.0,23.2,1008.5,8.4,19.7,269.0,7.5,9.2,56.0,39
2026-03-28T05:00,28.0,64,0.0,22.9,1008.9,9.1,23.6,228.0,5.1,10.1,67.0,37
2026-03-28T06:00,29.0,54,0.0,19.1,1008.3,10.2,26.3,198.0,3.3,10.6,76.0,36
2026-03-28T07:00,29.5,55,0.0,20.7,1008.0,11.1,29.3,191.0,2.7,10.7,81.0,35
2026-03-28T08:00,30.2,48,0.0,21.3,1007.0,11.8,34.7,194.0,2.8,10.5,83.0,34
2026-03-28T09:00,30.1,47,0.0,22.8,1006.5,12.8,41.2,202.0,3.1,10.2,82.0,33
2026-03-28T10:00,29.4,50,0.0,23.4,1006.2,13.1,48.2,219.0,3.5,9.8,76.0,32
2026-03-28T11:00,28.0,62,0.0,21.3,1005.6,12.0,51.3,240.0,4.2,9.3,66.0,33
2026-03-28T12:00,27.8,60,0.0,20.8,1004.8,9.2,37.5,252.0,6.1,9.3,58.0,34
2026-03-28T13:00,27.0,66,0.0,19.5,1004.9,7.2,24.6,245.0,7.6,9.1,53.0,34
2026-03-28T14:00,26.3,72,0.0,20.4,1005.0,6.4,12.7,228.0,9.7,8.8,47.0,33
2026-03-28T15:00,26.0,72,0.0,20.8,1005.3,6.3,9.9,214.0,10.9,8.5,43.0,33
2026-03-28T16:00,25.9,71,0.0,20.9,1005.9,6.2,10.2,210.0,10.6,8.3,44.0,33
2026-03-28T17:00,25.8,70,0.0,20.8,1006.1,7.4,17.5,209.0,9.4,8.1,47.0,33
2026-03-28T18:00,26.1,68,0.0,19.8,1006.0,12.1,37.8,203.0,8.0,7.7,54.0,33
2026-03-28T19:00,26.0,66,0.0,19.3,1005.7,18.2,55.8,185.0,6.5,7.0,66.0,34
2026-03-28T20:00,25.5,67,0.0,19.4,1005.5,22.2,60.8,161.0,4.9,6.1,81.0,36
2026-03-28T21:00,25.2,72,0.0,18.7,1005.2,22.5,56.2,145.0,3.7,5.5,93.0,38
2026-03-28T22:00,25.1,68,0.0,19.6,1005.0,20.7,49.0,137.0,3.0,5.2,97.0,41
2026-03-28T23:00,24.9,70,0.0,19.7,1004.9,18.8,43.5,138.0,2.8,5.0,98.0,44
2026-03-29T00:00,24.5,73,0.0,19.7,1004.7,17.8,38.2,157.0,3.6,5.6,96.0,47
2026-03-29T01:00,24.8,71,0.0,18.9,1005.2,17.0,36.9,217.0,5.6,6.7,96.0,49
2026-03-29T02:00,24.7,69,0.0,17.8,1005.8,17.5,36.6,297.0,8.2,8.1,96.0,51
2026-03-29T03:00,25.6,62,0.0,18.6,1006.7,18.0,40.3,342.0,9.5,9.4,100.0,52
2026-03-29T04:00,26.8,54,0.0,18.7,1007.7,16.4,36.2,320.0,8.2,10.2,112.0,52
2026-03-29T05:00,28.0,44,0.0,18.4,1008.4,14.8,31.0,264.0,5.6,10.8,129.0,53
2026-03-29T06:00,28.5,55,0.0,19.4,1008.5,13.4,29.2,222.0,3.6,11.2,141.0,54
2026-03-29T07:00,29.1,53,0.0,21.5,1008.6,13.6,33.2,211.0,3.0,11.3,144.0,54
2026-03-29T08:00,29.0,53,0.0,20.1,1008.2,14.7,40.2,213.0,3.0,11.2,143.0,61
2026-03-29T09:00,29.1,48,0.0,19.7,1007.4,15.9,47.7,222.0,3.3,11.1,140.0,71
2026-03-29T10:00,28.9,43,0.0,19.3,1006.8,17.1,56.1,240.0,3.7,10.9,137.0,80
2026-03-29T11:00,28.5,39,0.0,18.7,1006.3,18.7,67.3,266.0,4.5,10.7,132.0,89
2026-03-29T12:00,27.7,42,0.0,17.7,1006.3,18.9,73.8,290.0,6.2,10.8,124.0,96
2026-03-29T13:00,26.8,50,0.0,17.3,1006.6,18.9,68.7,311.0,9.7,11.5,119.0,98
2026-03-29T14:00,26.0,56,0.0,18.8,1007.2,18.1,55.1,330.0,14.5,12.5,111.0,96
2026-03-29T15:00,25.6,62,0.0,12.7,1007.3,18.5,45.3,339.0,17.9,13.0,105.0,90
2026-03-29T16:00,25.3,65,0.0,13.3,1007.2,18.7,42.4,337.0,19.0,12.6,101.0,82
2026-03-29T17:00,25.0,68,0.0,13.8,1007.4,19.1,42.5,325.0,18.7,11.7,99.0,73
2026-03-29T18:00,25.1,64,0.0,12.6,1007.4,19.8,45.1,304.0,17.6,10.6,98.0,64
2026-03-29T19:00,25.4,65,0.0,12.9,1007.0,20.3,48.1,266.0,15.4,9.4,99.0,63
2026-03-29T20:00,25.5,58,0.0,14.4,1006.6,20.3,50.5,219.0,12.3,8.1,102.0,63
2026-03-29T21:00,25.1,60,0.0,14.7,1006.2,20.1,51.3,185.0,9.8,7.1,105.0,63
2026-03-29T22:00,24.9,65,0.0,15.1,1006.2,19.7,49.7,170.0,8.1,6.6,108.0,62
2026-03-29T23:00,24.8,66,0.0,14.7,1006.3,18.9,44.7,169.0,6.9,6.5,110.0,62
2026-03-30T00:00,24.0,62,0.0,14.2,1006.2,17.1,36.4,189.0,5.7,6.5,115.0,62
2026-03-30T01:00,23.8,62,0.0,14.2,1006.7,17.1,32.7,254.0,7.3,8.0,115.0,62
2026-03-30T02:00,23.8,63,0.0,13.9,1007.5,19.0,33.1,342.0,9.4,10.0,116.0,62
2026-03-30T03:00,24.6,61,0.0,15.4,1008.3,20.3,39.8,389.0,10.3,11.5,119.0,62
2026-03-30T04:00,25.7,56,0.0,14.6,1009.3,20.2,41.6,357.0,8.7,12.1,127.0,63
2026-03-30T05:00,26.5,50,0.0,13.2,1009.7,20.5,43.2,284.0,5.8,12.2,138.0,63
2026-03-30T06:00,27.5,48,0.0,15.3,1010.2,20.7,44.6,230.0,3.6,12.1,145.0,68
2026-03-30T07:00,27.9,43,0.0,15.7,1010.2,20.3,45.1,217.0,2.8,11.7,147.0,76
2026-03-30T08:00,28.2,40,0.0,16.5,1009.8,19.6,45.9,222.0,2.7,11.2,145.0,84
2026-03-30T09:00,28.2,38,0.0,15.7,1008.6,19.2,45.8,232.0,3.1,11.0,143.0,90
2026-03-30T10:00,28.0,38,0.0,16.3,1007.9,18.7,44.8,245.0,3.6,11.4,141.0,96
2026-03-30T11:00,27.5,39,0.0,15.4,1007.1,18.1,43.3,264.0,4.6,12.2,138.0,102
2026-03-30T12:00,26.6,42,0.0,15.6,1007.3,14.5,34.0,286.0,6.6,13.0,133.0,106
2026-03-30T13:00,25.7,47,0.0,14.6,1007.4,15.5,34.8,314.0,10.4,13.7,124.0,107
2026-03-30T14:00,24.8,54,0.0,13.9,1007.5,17.9,34.2,346.0,15.5,14.6,110.0,104
2026-03-30T15:00,24.6,57,0.0,15.2,1008.3,20.1,39.9,366.0,18.9,15.0,101.0,96
2026-03-30T16:00,24.5,60,0.0,13.7,1008.8,20.4,42.5,371.0,19.2,14.7,98.0,87
2026-03-30T17:00,24.4,60,0.0,12.8,1009.2,21.3,43.4,366.0,17.9,13.9,99.0,77
2026-03-30T18:00,24.1,57,0.0,11.4,1008.8,22.1,44.9,347.0,16.0,12.8,101.0,67
2026-03-30T19:00,24.0,58,0.0,11.5,1008.8,22.5,47.5,306.0,13.5,11.4,104.0,65
2026-03-30T20:00,23.9,61,0.0,11.3,1008.3,23.1,51.8,251.0,10.5,9.7,108.0,66
2026-03-30T21:00,23.9,61,0.0,12.8,1007.7,24.1,57.2,212.0,8.2,8.4,111.0,66
2026-03-30T22:00,23.7,59,0.0,12.9,1007.4,25.2,62.2,184.0,6.2,7.7,112.0,66
2026-03-30T23:00,23.4,62,0.0,12.6,1007.6,25.5,62.6,172.0,5.0,7.4,111.0,67
2026-03-31T00:00,23.4,64,0.0,8.2,1007.3,23.0,53.2,214.0,5.5,7.3,114.0,67
2026-03-31T01:00,23.4,65,0.0,9.3,1008.1,23.4,52.4,378.0,11.9,8.5,106.0,68
2026-03-31T02:00,23.5,64,0.0,8.7,1009.0,26.6,53.1,597.0,20.5,10.1,94.0,68
2026-03-31T03:00,24.5,60,0.0,8.9,1009.9,27.9,56.1,709.0,24.8,11.8,91.0,69
2026-03-31T04:00,25.8,52,0.0,10.2,1010.5,24.7,58.9,608.0,20.6,13.5,103.0,70
2026-03-31T05:00,26.6,47,0.0,11.3,1010.9,23.8,55.4,402.0,12.2,15.2,122.0,70
2026-03-31T06:00,26.5,45,0.0,12.3,1010.9,23.7,53.3,247.0,5.8,16.2,136.0,70
2026-03-31T07:00,27.2,45,0.0,12.4,1010.4,22.8,50.4,214.0,4.0,16.1,140.0,71
2026-03-31T08:00,27.4,45,0.0,12.4,1010.0,22.3,48.7,233.0,4.1,15.3,140.0,71
2026-03-31T09:00,27.3,46,0.0,12.5,1009.0,22.3,47.4,255.0,4.6,14.5,138.0,71
2026-03-31T10:00,27.4,45,0.0,13.7,1008.3,22.3,45.8,266.0,4.8,13.7,137.0,72
2026-03-31T11:00,27.2,46,0.0,14.6,1007.6,21.5,43.3,281.0,5.3,12.9,135.0,81
2026-03-31T12:00,26.5,49,0.0,13.1,1007.6,19.7,39.2,293.0,6.8,13.5,132.0,90
2026-03-31T13:00,25.8,55,0.0,14.3,1008.0,20.0,38.6,292.0,9.3,13.6,126.0,96
2026-03-31T14:00,25.1,58,0.0,13.9,1008.7,20.7,36.9,289.0,12.9,13.8,118.0,97
2026-03-31T15:00,25.0,57,0.0,13.0,1008.9,22.5,41.0,309.0,16.5,14.0,110.0,93
2026-03-31T16:00,25.0,56,0.0,12.2,1009.7,24.5,45.3,385.0,20.4,14.4,101.0,87
2026-03-31T17:00,24.7,58,0.0,9.2,1009.9,26.6,48.5,484.0,24.3,14.7,92.0,79
2026-03-31T18:00,24.5,62,0.0,9.7,1010.1,28.9,51.3,538.0,25.9,14.5,87.0,74
2026-03-31T19:00,24.5,64,0.0,8.9,1009.6,29.6,53.0,508.0,23.3,13.2,89.0,75
2026-03-31T20:00,24.5,65,0.0,8.4,1009.2,27.8,51.9,432.0,18.4,11.4,94.0,75
2026-03-31T21:00,24.0,68,0.0,7.3,1008.5,25.5,49.5,358.0,14.3,9.9,98.0,76
2026-03-31T22:00,23.9,69,0.0,8.8,1008.1,23.6,45.8,281.0,11.6,9.0,98.0,76
2026-03-31T23:00,23.4,72,0.0,8.4,1007.9,22.0,41.6,206.0,9.8,8.4,96.0,76
2026-04-01T00:00,24.0,70,0.0,9.4,1008.2,21.8,39.5,197.0,11.7,8.5,91.0,76
2026-04-01T01:00,23.9,70,0.0,10.1,1008.4,21.0,36.9,329.0,17.2,9.3,87.0,75
2026-04-01T02:00,23.7,72,0.0,9.4,1008.8,23.7,38.2,527.0,24.5,10.6,82.0,75
2026-04-01T03:00,24.9,67,0.0,9.9,1009.6,25.4,41.1,634.0,27.6,12.3,85.0,75
2026-04-01T04:00,26.4,58,0.0,13.3,1010.2,21.7,40.0,552.0,22.5,15.0,102.0,75
2026-04-01T05:00,27.4,53,0.0,13.4,1010.5,20.4,38.0,378.0,13.2,18.1,127.0,74
2026-04-01T06:00,27.9,50,0.0,15.3,1010.8,19.8,37.0,249.0,6.1,19.9,144.0,74
2026-04-01T07:00,28.5,48,0.0,14.9,1010.8,18.6,36.4,225.0,3.8,19.2,146.0,74
2026-04-01T08:00,28.6,48,0.0,14.8,1010.0,16.9,35.6,245.0,3.7,17.2,141.0,73
2026-04-01T09:00,29.0,44,0.0,13.3,1009.1,16.0,36.6,267.0,4.2,15.7,134.0,73
2026-04-01T10:00,28.9,44,0.0,12.8,1007.8,14.8,34.9,277.0,4.8,15.6,126.0,72
2026-04-01T11:00,28.0,50,0.0,14.9,1007.0,14.3,34.5,288.0,5.9,16.0,116.0,80
2026-04-01T12:00,27.0,56,0.0,15.9,1007.7,18.1,43.4,300.0,8.2,16.6,105.0,87
2026-04-01T13:00,26.2,60,0.0,15.4,1007.9,17.7,42.0,311.0,10.9,16.0,97.0,88
2026-04-01T14:00,25.6,63,0.0,12.5,1008.3,17.9,39.8,322.0,14.8,15.0,85.0,81
2026-04-01T15:00,25.2,66,0.0,12.3,1008.9,19.2,39.0,334.0,18.0,14.3,75.0,70
2026-04-01T16:00,24.9,70,0.0,10.8,1009.5,20.0,39.0,357.0,20.1,14.0,70.0,70
2026-04-01T17:00,24.7,73,0.0,9.1,1009.8,20.7,39.6,382.0,21.6,13.8,66.0,70
2026-04-01T18:00,24.7,76,0.0,8.5,1009.3,21.3,40.0,381.0,22.2,13.4,64.0,69
2026-04-01T19:00,24.9,77,0.0,11.5,1009.4,21.3,39.7,326.0,21.1,12.4,63.0,69
2026-04-01T20:00,25.0,76,0.0,11.7,1009.6,20.7,38.9,245.0,19.1,11.1,62.0,68
2026-04-01T21:00,24.5,78,0.0,7.7,1008.6,20.5,38.3,191.0,17.8,10.3,60.0,67
2026-04-01T22:00,24.1,80,0.0,4.3,1008.4,21.0,38.8,181.0,17.7,10.1,55.0,67
2026-04-01T23:00,23.6,83,0.0,6.5,1007.8,22.1,41.4,197.0,18.4,10.4,50.0,67
2026-04-02T00:00,23.2,86,0.0,1.6,1008.5,18.7,36.1,239.0,14.3,9.5,58.0,67
2026-04-02T01:00,23.4,85,0.0,1.2,1008.1,19.6,38.0,329.0,16.4,10.4,60.0,66
2026-04-02T02:00,23.2,87,0.2,6.9,1009.0,22.9,42.6,445.0,19.3,11.9,63.0,66
2026-04-02T03:00,23.8,79,0.3,12.8,1010.1,23.3,61.7,521.0,20.6,13.6,67.0,66
2026-04-02T04:00,21.4,82,3.3,15.1,1011.5,24.2,69.2,522.0,19.0,15.8,71.0,66
2026-04-02T05:00,21.5,81,0.1,10.7,1012.4,25.4,79.2,483.0,15.8,18.3,76.0,66
2026-04-02T06:00,23.8,74,0.0,4.9,1011.9,27.5,95.9,447.0,13.1,20.8,82.0,67
2026-04-02T07:00,24.2,72,0.0,8.7,1012.1,28.8,101.3,428.0,11.2,23.7,89.0,67
2026-04-02T08:00,24.0,73,0.4,11.0,1011.3,31.5,110.8,413.0,9.8,26.5,97.0,68
2026-04-02T09:00,24.2,75,0.2,10.7,1010.6,33.2,115.9,403.0,9.2,27.5,101.0,69
2026-04-02T10:00,21.8,82,5.0,6.5,1010.4,32.8,114.8,400.0,9.4,25.1,99.0,71
2026-04-02T11:00,23.9,73,0.0,8.3,1009.2,29.4,103.1,404.0,10.5,20.8,93.0,73
2026-04-02T12:00,20.3,86,0.9,1.7,1009.9,21.0,59.5,413.0,11.5,14.9,90.0,74
2026-04-02T13:00,20.5,86,0.0,7.2,1009.2,20.9,57.0,433.0,16.1,14.5,83.0,74
2026-04-02T14:00,20.5,86,0.0,1.9,1008.9,21.2,51.7,460.0,22.4,14.1,73.0,74
2026-04-02T15:00,20.5,85,0.0,1.6,1009.4,17.8,35.0,477.0,26.3,14.4,66.0,75
2026-04-02T16:00,20.5,85,0.0,1.3,1010.0,12.4,25.6,467.0,25.2,16.2,66.0,75
2026-04-02T17:00,20.5,87,0.0,4.4,1010.5,11.3,21.7,449.0,21.7,18.6,69.0,74
2026-04-02T18:00,18.2,92,0.0,21.7,1011.1,12.0,21.1,462.0,19.3,20.2,70.0,73
2026-04-02T19:00,19.1,89,1.4,6.4,1010.3,12.4,20.7,541.0,19.4,19.8,67.0,72
2026-04-02T20:00,19.1,91,0.0,6.0,1009.9,13.2,20.4,653.0,20.6,18.5,63.0,72
2026-04-02T21:00,19.5,90,0.0,7.6,1009.2,13.3,20.5,736.0,21.7,17.9,59.0,71
2026-04-02T22:00,18.8,91,0.0,7.6,1008.4,13.1,21.2,742.0,22.2,18.8,56.0,70
2026-04-02T23:00,17.9,94,0.0,8.1,1008.0,13.6,21.3,720.0,22.6,20.5,52.0,70
2026-04-03T00:00,17.7,95,0.0,7.4,1008.8,14.6,26.0,754.0,19.1,16.3,53.0,69
2026-04-03T01:00,17.8,93,0.0,6.7,1009.1,16.4,27.2,944.0,22.1,20.4,50.0,68
2026-04-03T02:00,18.0,91,0.0,4.7,1009.6,19.7,29.2,1190.0,26.1,26.1,46.0,68
2026-04-03T03:00,19.1,87,0.0,4.1,1010.3,19.7,30.6,1277.0,27.1,30.2,49.0,68
2026-04-03T04:00,20.8,78,0.0,2.7,1011.0,16.3,27.0,1051.0,22.5,31.8,63.0,68
2026-04-03T05:00,22.6,71,0.0,3.6,1011.2,13.6,23.3,666.0,15.0,32.0,83.0,67
2026-04-03T06:00,24.0,61,0.0,8.3,1011.6,12.5,21.9,370.0,9.0,30.5,100.0,66
2026-04-03T07:00,24.9,54,0.0,11.3,1011.0,12.2,21.9,269.0,6.1,26.4,112.0,64
2026-04-03T08:00,25.2,52,0.0,12.6,1010.5,12.0,22.5,257.0,4.6,20.6,120.0,63
2026-04-03T09:00,25.2,52,0.0,12.9,1009.5,10.7,22.0,264.0,4.0,16.2,124.0,61
2026-04-03T10:00,25.4,51,0.0,12.9,1008.6,10.4,23.0,268.0,3.8,14.7,122.0,59
2026-04-03T11:00,24.9,54,0.0,13.5,1008.1,10.5,23.4,291.0,4.5,14.5,115.0,57
2026-04-03T12:00,24.5,64,0.0,12.8,1007.8,12.7,29.7,334.0,6.6,12.1,104.0,56
2026-04-03T13:00,24.0,66,0.0,11.5,1007.7,13.7,30.6,414.0,11.7,12.3,91.0,55
2026-04-03T14:00,23.4,69,0.0,10.1,1008.2,15.8,29.9,514.0,18.9,12.7,73.0,55
2026-04-03T15:00,23.3,72,0.0,10.2,1008.5,18.2,32.7,581.0,25.5,13.0,58.0,54
2026-04-03T16:00,23.2,74,0.0,9.2,1009.5,20.7,35.2,595.0,31.7,13.5,49.0,54
2026-04-03T17:00,23.0,76,0.0,7.8,1010.0,23.9,37.4,577.0,37.2,13.9,44.0,54
2026-04-03T18:00,23.1,71,0.0,6.8,1009.8,24.9,37.7,532.0,38.9,13.7,44.0,56
2026-04-03T19:00,23.3,69,0.0,7.4,1009.5,23.5,35.9,444.0,33.8,12.2,52.0,57
2026-04-03T20:00,22.9,69,0.0,6.6,1009.4,21.1,32.4,330.0,24.9,9.9,65.0,58
2026-04-03T21:00,22.5,68,0.0,8.0,1008.7,18.5,28.3,246.0,17.7,8.3,75.0,58
2026-04-03T22:00,22.0,68,0.0,9.2,1008.5,16.4,24.4,181.0,13.2,7.6,79.0,59
2026-04-03T23:00,21.7,70,0.0,9.7,1008.6,15.1,21.7,147.0,10.3,7.5,80.0,59
2026-04-04T00:00,21.4,80,0.0,7.3,1008.9,15.9,24.5,234.0,12.3,8.4,79.0,59
2026-04-04T01:00,20.9,84,0.0,5.9,1009.2,16.9,24.8,586.0,20.6,10.4,73.0,59
2026-04-04T02:00,20.5,87,0.0,4.9,1009.8,23.2,31.5,1059.0,31.7,13.2,65.0,59
2026-04-04T03:00,21.8,85,0.0,2.7,1010.3,23.9,31.0,1310.0,36.6,15.6,67.0,60
2026-04-04T04:00,24.0,74,0.0,2.2,1010.9,17.3,27.9,1121.0,29.4,17.3,89.0,60
2026-04-04T05:00,25.7,65,0.0,4.5,1011.0,15.8,32.5,709.0,16.1,18.5,122.0,60
2026-04-04T06:00,27.0,56,0.0,7.6,1010.9,15.7,36.0,386.0,5.9,18.6,145.0,60
2026-04-04T07:00,27.5,53,0.0,11.9,1010.8,14.7,35.9,278.0,2.8,16.7,150.0,61
2026-04-04T08:00,27.5,51,0.0,14.3,1010.4,13.6,34.1,259.0,2.9,13.6,145.0,61
2026-04-04T09:00,27.5,50,0.0,14.4,1009.6,12.7,29.8,262.0,3.5,11.4,139.0,61
2026-04-04T10:00,27.4,48,0.0,14.5,1008.6,12.6,27.7,269.0,3.5,10.9,135.0,63
2026-04-04T11:00,26.9,50,0.0,14.1,1008.1,12.9,26.9,298.0,4.1,11.3,130.0,78
2026-04-04T12:00,25.6,53,0.0,14.2,1008.7,10.7,21.2,333.0,6.5,11.8,124.0,91
2026-04-04T13:00,24.9,58,0.0,12.8,1009.0,11.7,22.8,380.0,12.3,11.9,112.0,98
2026-04-04T14:00,24.0,66,0.0,12.5,1009.3,14.1,22.9,433.0,20.2,12.1,96.0,96
2026-04-04T15:00,23.8,68,0.0,14.0,1009.7,16.1,24.5,460.0,26.0,12.1,84.0,86
2026-04-04T16:00,23.7,68,0.0,13.6,1009.9,16.6,24.9,440.0,27.8,11.8,79.0,72
2026-04-04T17:00,23.8,69,0.0,13.8,1010.9,17.3,25.0,393.0,27.4,11.3,78.0,61
2026-04-04T18:00,24.1,68,0.0,12.2,1010.7,17.3,24.6,348.0,26.0,10.6,78.0,60
2026-04-04T19:00,24.0,68,0.0,10.6,1010.4,16.3,23.3,313.0,23.5,9.6,77.0,59
2026-04-04T20:00,23.5,71,0.0,8.6,1010.3,15.7,22.4,281.0,20.1,8.4,77.0,59
2026-04-04T21:00,23.1,73,0.0,7.5,1009.7,16.1,22.7,256.0,17.5,7.8,76.0,58
2026-04-04T22:00,22.9,75,0.0,7.6,1009.5,16.3,22.8,205.0,15.6,7.8,73.0,58
2026-04-04T23:00,22.6,76,0.0,7.4,1009.3,16.4,22.8,161.0,14.6,8.4,69.0,58
2026-04-05T00:00,22.1,83,0.0,7.9,1009.7,14.2,18.7,231.0,12.0,8.2,71.0,58
2026-04-05T01:00,22.4,81,0.0,6.7,1009.9,15.6,19.7,558.0,22.1,10.6,62.0,58
2026-04-05T02:00,22.4,81,0.0,6.2,1010.3,24.3,28.8,998.0,35.5,14.1,51.0,58
2026-04-05T03:00,23.4,79,0.0,5.2,1011.1,27.4,32.0,1226.0,41.6,17.1,52.0,58
2026-04-05T04:00,24.8,71,0.0,5.4,1011.3,20.7,29.0,1031.0,33.3,19.5,76.0,58
2026-04-05T05:00,26.4,62,0.0,6.3,1011.6,19.1,29.1,624.0,17.7,21.6,113.0,59
2026-04-05T06:00,26.9,56,0.0,9.3,1011.9,18.8,29.9,315.0,5.9,22.4,140.0,59
2026-04-05T07:00,26.9,56,0.0,10.5,1011.8,17.6,29.0,236.0,2.5,21.2,149.0,59
2026-04-05T08:00,27.0,55,0.0,9.7,1011.1,16.6,27.8,255.0,2.9,18.7,148.0,59
2026-04-05T09:00,27.0,54,0.0,9.4,1009.9,16.1,27.2,283.0,4.0,16.9,145.0,60
2026-04-05T10:00,27.6,52,0.0,11.4,1009.3,15.4,26.3,282.0,4.3,16.5,142.0,60
2026-04-05T11:00,26.5,59,0.0,12.5,1008.6,15.1,26.0,291.0,5.2,16.8,136.0,72
2026-04-05T12:00,26.4,53,0.0,11.4,1008.8,15.7,27.7,338.0,8.9,19.5,131.0,90
2026-04-05T13:00,25.5,58,0.0,11.7,1008.8,16.5,28.5,454.0,15.5,18.2,114.0,101
2026-04-05T14:00,24.7,64,0.0,9.7,1009.1,19.0,28.3,607.0,24.8,16.4,91.0,102
2026-04-05T15:00,24.1,69,0.0,9.8,1009.4,20.6,29.8,738.0,32.6,15.0,72.0,91
2026-04-05T16:00,23.9,70,0.0,9.1,1010.0,21.8,31.3,846.0,38.0,14.4,61.0,75
2026-04-05T17:00,23.5,73,0.0,7.7,1010.2,23.8,33.5,931.0,41.8,14.2,55.0,63
2026-04-05T18:00,23.8,76,0.0,7.8,1010.3,25.8,36.2,929.0,42.8,13.6,52.0,63
2026-04-05T19:00,24.0,76,0.0,9.6,1010.2,26.2,37.5,773.0,39.4,12.1,54.0,64
2026-04-05T20:00,23.8,77,0.0,9.5,1009.7,24.9,37.1,531.0,33.1,10.3,58.0,65
2026-04-05T21:00,23.6,79,0.0,8.8,1009.2,23.5,36.6,340.0,27.2,8.8,63.0,66
2026-04-05T22:00,23.6,79,0.0,8.9,1008.8,22.2,36.6,238.0,22.1,8.0,66.0,66
2026-04-05T23:00,23.5,78,0.0,8.2,1008.6,21.3,36.6,188.0,17.5,7.5,69.0,67
2026-04-06T00:00,23.3,79,0.1,8.8,1008.6,21.3,37.7,214.0,17.5,8.2,66.0,67
2026-04-06T01:00,23.5,77,0.0,10.3,1009.0,22.0,41.2,392.0,19.4,9.2,69.0,68
2026-04-06T02:00,23.7,76,0.0,8.7,1009.3,24.4,44.2,647.0,21.8,10.6,73.0,68
2026-04-06T03:00,25.0,71,0.1,7.4,1009.8,24.2,49.5,779.0,21.9,12.0,79.0,68
2026-04-06T04:00,26.2,64,0.1,13.2,1010.1,22.5,52.3,662.0,17.3,13.8,91.0,68
2026-04-06T05:00,27.4,59,0.1,14.0,1010.5,21.9,52.3,423.0,10.4,15.6,104.0,68
2026-04-06T06:00,27.4,59,0.0,13.4,1010.8,23.6,64.3,244.0,5.1,16.2,113.0,69
2026-04-06T07:00,28.1,57,0.1,16.5,1010.4,26.1,83.8,202.0,3.1,14.7,112.0,69
2026-04-06T08:00,28.5,56,0.0,18.6,1009.8,24.7,77.8,219.0,2.7,12.0,107.0,70
2026-04-06T09:00,28.6,57,0.0,19.0,1008.7,24.0,75.7,247.0,2.9,9.9,100.0,70
2026-04-06T10:00,28.0,61,0.0,20.9,1007.7,22.2,69.2,278.0,3.5,9.0,93.0,71
2026-04-06T11:00,27.7,63,0.1,22.5,1007.2,20.4,57.4,320.0,4.8,8.6,85.0,72
2026-04-06T12:00,26.8,70,0.0,20.9,1007.0,18.7,51.3,345.0,5.7,8.4,81.0,72
2026-04-06T13:00,26.2,74,0.1,20.9,1006.9,17.2,41.9,337.0,8.1,8.4,75.0,72
2026-04-06T14:00,25.7,81,0.1,17.8,1007.0,17.2,35.7,312.0,11.3,8.3,68.0,73
2026-04-06T15:00,25.5,86,0.0,19.4,1007.2,17.5,35.2,288.0,13.3,8.1,62.0,72
2026-04-06T16:00,25.4,87,0.0,19.2,1007.7,17.1,33.4,274.0,12.9,7.8,60.0,72
2026-04-06T17:00,25.3,88,0.0,18.9,1007.8,17.1,33.9,261.0,11.2,7.3,59.0,72
2026-04-06T18:00,25.4,90,0.1,21.5,1007.5,17.1,33.9,244.0,9.5,6.9,59.0,71
2026-04-06T19:00,25.2,91,0.0,20.6,1007.5,16.8,33.2,218.0,7.9,6.4,59.0,70
2026-04-06T20:00,25.4,88,0.0,19.7,1007.1,16.1,31.5,188.0,6.2,5.9,60.0,69
2026-04-06T21:00,25.1,88,0.0,18.1,1006.7,15.4,30.2,166.0,4.9,5.5,61.0,69
2026-04-06T22:00,25.0,89,0.1,15.5,1006.2,14.7,28.9,151.0,4.0,5.2,62.0,68
2026-04-06T23:00,24.8,91,0.0,14.1,1005.8,14.4,29.3,144.0,3.4,5.1,64.0,67
2026-04-07T00:00,24.9,88,0.1,17.5,1005.9,15.3,37.0,161.0,4.2,5.6,66.0,67
2026-04-07T01:00,24.9,84,0.0,18.5,1006.0,15.8,38.0,228.0,5.8,6.6,66.0,66
2026-04-07T02:00,25.0,82,0.0,18.5,1006.1,17.7,43.2,318.0,8.0,8.0,66.0,66
2026-04-07T03:00,25.7,81,0.0,15.8,1006.9,21.2,59.0,370.0,9.0,9.2,72.0,65
2026-04-07T04:00,26.9,67,0.0,17.7,1007.4,24.0,65.0,343.0,7.7,9.8,88.0,65
2026-04-07T05:00,27.8,60,0.0,19.6,1007.5,25.4,62.4,278.0,5.2,10.2,109.0,65
2026-04-07T06:00,28.8,53,0.0,21.5,1007.8,25.8,61.7,229.0,3.4,10.5,125.0,65
2026-04-07T07:00,29.1,52,0.0,20.5,1007.6,27.4,69.2,219.0,2.8,10.7,133.0,65
2026-04-07T08:00,29.2,52,0.0,19.2,1006.8,29.3,80.3,227.0,2.8,10.7,137.0,66
2026-04-07T09:00,29.0,54,0.0,18.6,1006.0,31.0,88.9,241.0,3.3,10.9,138.0,66
2026-04-07T10:00,28.9,51,0.0,18.3,1005.2,31.4,91.0,260.0,3.8,11.3,137.0,67
2026-04-07T11:00,28.5,51,0.0,17.9,1004.7,31.0,85.9,286.0,4.8,11.7,132.0,67
2026-04-07T12:00,27.5,58,0.0,17.5,1004.6,27.9,72.6,316.0,7.3,11.6,124.0,79
2026-04-07T13:00,26.5,67,0.0,17.3,1004.5,24.3,52.4,350.0,11.9,11.5,109.0,87
2026-04-07T14:00,25.6,72,0.0,16.9,1004.5,22.6,38.9,388.0,18.3,11.4,88.0,87
2026-04-07T15:00,25.4,74,0.0,17.3,1004.8,23.4,36.9,424.0,22.7,11.2,73.0,79
2026-04-07T16:00,25.0,82,0.0,15.1,1005.2,23.9,35.9,469.0,23.6,11.1,69.0,71
2026-04-07T17:00,24.6,85,0.0,11.0,1005.8,23.9,35.2,513.0,22.6,10.9,70.0,71
2026-04-07T18:00,24.8,85,0.0,11.2,1005.9,23.7,34.5,522.0,20.9,10.5,74.0,72
2026-04-07T19:00,24.6,83,0.0,10.3,1006.3,23.2,33.4,465.0,18.4,9.7,79.0,73
2026-04-07T20:00,24.1,84,0.0,7.7,1005.9,22.6,32.0,373.0,15.2,8.8,86.0,73
2026-04-07T21:00,23.6,88,0.0,9.3,1005.3,22.1,30.7,299.0,12.4,8.0,93.0,74
2026-04-07T22:00,23.5,90,0.0,10.2,1005.1,21.7,30.0,243.0,10.2,7.3,98.0,74
2026-04-07T23:00,23.4,89,0.0,10.5,1004.8,21.5,29.6,206.0,8.4,6.8,103.0,75
2026-04-08T00:00,23.2,89,0.0,8.3,1004.6,21.2,29.1,247.0,6.4,7.0,115.0,76
2026-04-08T01:00,23.2,89,0.0,7.3,1005.1,21.7,28.9,445.0,9.8,8.3,112.0,76
2026-04-08T02:00,23.4,89,0.0,6.1,1005.8,24.2,31.5,721.0,14.2,10.4,110.0,77
2026-04-08T03:00,24.7,82,0.0,2.9,1006.7,25.1,35.6,895.0,16.7,13.6,113.0,77
2026-04-08T04:00,26.2,69,0.0,2.6,1007.4,26.3,45.8,872.0,15.2,19.3,128.0,78
2026-04-08T05:00,27.8,59,0.0,2.7,1007.8,30.3,64.3,747.0,11.7,26.3,148.0,78
2026-04-08T06:00,28.5,57,0.0,6.1,1008.1,35.7,85.9,628.0,8.6,31.0,167.0,78
2026-04-08T07:00,28.9,59,0.0,9.5,1008.0,40.2,105.2,545.0,6.6,31.8,184.0,79
2026-04-08T08:00,29.0,60,0.0,12.0,1007.6,41.7,115.5,468.0,5.1,30.3,198.0,96
2026-04-08T09:00,28.8,58,0.0,12.9,1007.1,41.2,116.2,415.0,4.8,28.3,203.0,113
2026-04-08T10:00,28.5,59,0.0,13.9,1006.5,39.2,106.6,390.0,5.8,26.1,192.0,133
2026-04-08T11:00,28.3,60,0.0,13.0,1005.9,36.9,97.8,390.0,7.9,23.3,171.0,150
2026-04-08T12:00,27.6,64,0.0,11.9,1005.6,32.1,80.6,419.0,9.8,18.6,139.0,159
2026-04-08T13:00,26.7,72,0.0,12.1,1005.8,30.7,72.4,498.0,16.7,17.0,122.0,161
2026-04-08T14:00,25.7,80,0.0,9.7,1006.3,30.3,57.0,606.0,26.2,14.9,98.0,157
2026-04-08T15:00,25.1,84,0.0,9.2,1006.8,31.3,56.1,687.0,33.3,13.2,80.0,145
2026-04-08T16:00,24.8,85,0.0,8.2,1007.4,32.1,55.9,712.0,35.8,12.6,74.0,122
2026-04-08T17:00,24.4,87,0.0,5.6,1007.9,33.4,56.0,709.0,35.9,12.6,73.0,96
2026-04-08T18:00,24.4,89,0.0,5.4,1008.4,34.9,56.9,704.0,35.2,12.5,73.0,87
2026-04-08T19:00,24.2,90,0.0,4.7,1008.6,36.0,57.5,707.0,34.1,11.9,71.0,88
2026-04-08T20:00,23.6,93,0.0,5.9,1008.6,39.0,63.3,708.0,32.2,11.3,70.0,89
2026-04-08T21:00,23.0,95,0.0,5.6,1008.4,41.4,66.1,702.0,30.3,11.2,68.0,91
2026-04-08T22:00,22.5,97,0.0,4.2,1008.2,40.5,65.2,667.0,27.7,11.7,65.0,93
2026-04-08T23:00,22.1,99,0.0,2.5,1008.4,39.9,66.1,625.0,25.0,12.7,61.0,94
2026-04-09T00:00,22.1,99,0.0,2.6,1008.8,43.3,71.9,640.0,22.8,12.4,66.0,96
2026-04-09T01:00,21.9,99,0.0,4.3,1009.5,50.1,81.0,773.0,27.2,14.1,66.0,98
2026-04-09T02:00,21.6,98,0.0,3.3,1010.4,58.9,90.8,962.0,32.9,16.7,68.0,100
2026-04-09T03:00,22.8,89,0.0,0.8,1010.9,45.6,78.2,1084.0,35.0,20.4,79.0,104
2026-04-09T04:00,25.0,72,0.0,1.4,1011.4,43.5,92.4,1087.0,30.1,26.7,108.0,106
2026-04-09T05:00,27.7,56,0.0,4.6,1011.7,44.9,112.2,1024.0,21.6,34.0,146.0,108
2026-04-09T06:00,29.0,55,0.0,6.9,1012.0,47.1,124.3,926.0,14.3,37.9,176.0,109
2026-04-09T07:00,29.7,56,0.0,8.7,1011.8,46.9,122.5,780.0,9.8,35.7,191.0,111
2026-04-09T08:00,30.0,56,0.0,11.0,1011.3,43.4,109.4,600.0,6.6,30.1,198.0,111
2026-04-09T09:00,30.1,55,0.0,11.7,1010.3,40.0,96.2,462.0,5.1,25.0,196.0,112
2026-04-09T10:00,29.5,57,0.0,13.5,1009.8,37.5,87.3,399.0,5.5,21.8,183.0,114
2026-04-09T11:00,28.2,61,0.0,15.3,1009.6,35.0,82.0,378.0,7.6,19.0,160.0,138
2026-04-09T12:00,27.5,66,0.0,15.1,1009.5,31.9,75.2,379.0,10.8,15.0,134.0,154
2026-04-09T13:00,26.9,65,0.0,12.5,1010.1,32.7,74.3,400.0,15.2,14.3,122.0,158
2026-04-09T14:00,26.1,74,0.0,10.8,1010.8,33.1,68.0,444.0,21.3,13.4,104.0,154
2026-04-09T15:00,25.6,77,0.0,8.2,1011.3,34.1,73.6,498.0,26.3,12.9,89.0,140
2026-04-09T16:00,25.3,80,0.0,6.5,1012.3,35.4,68.9,572.0,29.5,13.2,79.0,119
2026-04-09T17:00,25.0,82,0.0,7.4,1013.0,36.0,65.2,658.0,31.6,13.9,71.0,112
2026-04-09T18:00,24.6,86,0.0,8.3,1013.4,35.7,63.3,714.0,32.1,14.3,66.0,112
2026-04-09T19:00,24.8,86,0.0,6.6,1013.0,35.0,62.2,731.0,30.1,14.1,63.0,112
2026-04-09T20:00,24.2,88,0.0,8.0,1012.9,34.3,60.5,720.0,26.4,13.5,62.0,112
2026-04-09T21:00,23.9,89,0.0,6.1,1012.2,33.3,58.8,669.0,23.1,13.2,62.0,112
2026-04-09T22:00,24.0,87,0.0,3.5,1011.4,32.2,59.1,507.0,20.0,13.1,62.0,111
2026-04-09T23:00,24.0,86,0.0,3.4,1011.3,31.4,60.1,306.0,17.3,13.2,61.0,110
2026-04-10T00:00,23.9,84,0.0,5.8,1011.5,31.7,61.9,269.0,19.7,14.1,58.0,109
2026-04-10T01:00,23.9,81,0.0,6.0,1012.2,31.2,65.4,579.0,26.4,14.5,55.0,108
2026-04-10T02:00,24.0,78,0.0,5.6,1013.0,34.2,69.6,1054.0,35.1,15.3,52.0,106
2026-04-10T03:00,26.0,65,0.0,3.2,1013.9,38.3,72.6,1344.0,38.5,18.1,61.0,104
2026-04-10T04:00,28.9,46,0.0,2.8,1014.1,35.2,86.6,1269.0,31.3,25.3,92.0,103
2026-04-10T05:00,30.9,36,0.0,5.6,1014.5,32.2,81.3,1010.0,18.8,34.5,135.0,102
2026-04-10T06:00,31.5,36,0.0,9.4,1014.5,31.5,78.7,764.0,9.0,39.3,168.0,101
2026-04-10T07:00,31.8,35,0.0,11.3,1014.0,28.6,69.6,580.0,5.1,35.8,183.0,99
2026-04-10T08:00,31.7,34,0.0,11.4,1013.3,27.3,61.9,409.0,3.9,27.9,187.0,98
2026-04-10T09:00,31.2,36,0.0,11.4,1012.4,26.5,57.3,296.0,4.0,21.4,184.0,96
2026-04-10T10:00,31.8,36,0.0,11.5,1011.8,25.2,53.0,274.0,4.8,18.3,172.0,95
2026-04-10T11:00,31.0,41,0.0,13.6,1011.6,24.1,50.6,310.0,6.8,16.6,153.0,118
2026-04-10T12:00,29.7,49,0.0,12.5,1011.5,29.3,63.6,347.0,10.6,16.9,150.0,138
2026-04-10T13:00,28.3,56,0.0,12.0,1011.7,29.3,59.0,374.0,16.3,15.3,130.0,150
2026-04-10T14:00,26.6,70,0.0,10.7,1012.2,30.0,55.2,403.0,24.2,13.1,101.0,149
2026-04-10T15:00,25.9,78,0.0,8.0,1012.7,30.4,56.7,415.0,29.9,11.6,79.0,135
2026-04-10T16:00,25.4,82,0.0,6.6,1012.4,30.7,59.6,399.0,31.8,11.4,68.0,112
2026-04-10T17:00,25.0,85,0.0,7.8,1012.6,31.7,63.1,366.0,31.6,11.9,64.0,91
2026-04-10T18:00,24.9,86,0.0,9.9,1013.3,32.6,63.6,332.0,29.5,12.0,63.0,91
2026-04-10T19:00,24.8,85,0.0,8.0,1012.6,31.3,60.8,301.0,24.6,11.2,66.0,91
2026-04-10T20:00,24.6,85,0.0,9.0,1012.4,28.8,56.9,269.0,17.9,9.9,72.0,90
2026-04-10T21:00,24.5,84,0.0,8.8,1011.7,26.7,52.5,243.0,12.5,8.9,78.0,90
2026-04-10T22:00,24.4,84,0.0,7.2,1011.1,25.2,49.9,215.0,9.5,8.2,82.0,89
2026-04-10T23:00,24.0,87,0.0,7.0,1010.7,24.2,51.2,193.0,7.8,7.8,84.0,89
2026-04-11T00:00,24.1,90,0.0,8.0,1010.5,24.2,53.0,209.0,8.4,7.9,83.0,88
2026-04-11T01:00,24.4,88,0.0,9.7,1010.9,25.2,58.6,308.0,11.6,8.7,82.0,87
2026-04-11T02:00,24.6,86,0.0,9.8,1011.6,28.7,66.8,446.0,15.8,10.0,82.0,87
2026-04-11T03:00,26.1,77,0.0,9.9,1012.3,32.8,84.8,521.0,17.7,11.5,86.0,86
2026-04-11T04:00,28.0,67,0.0,11.2,1012.7,37.1,107.3,471.0,15.0,13.7,99.0,86
2026-04-11T05:00,29.6,58,0.0,11.5,1012.5,41.7,132.2,358.0,10.1,16.1,116.0,86
2026-04-11T06:00,31.1,52,0.0,13.1,1012.5,46.1,155.5,272.0,6.2,17.8,129.0,87
2026-04-11T07:00,32.0,47,0.0,14.2,1012.0,48.7,163.0,246.0,4.6,18.2,135.0,88
2026-04-11T08:00,32.6,44,0.0,14.8,1011.3,50.1,164.4,246.0,4.1,17.8,137.0,90
2026-04-11T09:00,33.1,40,0.0,14.2,1010.4,51.2,165.3,258.0,4.6,17.1,135.0,92
2026-04-11T10:00,33.1,39,0.0,14.6,1009.7,52.6,165.8,272.0,5.7,16.3,127.0,94
2026-04-11T11:00,32.7,39,0.0,14.3,1009.0,53.8,163.9,299.0,7.8,15.2,114.0,97
2026-04-11T12:00,31.8,43,0.0,11.6,1008.4,43.4,130.4,354.0,12.2,14.7,104.0,99
2026-04-11T13:00,30.0,53,0.0,10.5,1008.6,44.4,120.1,472.0,19.3,13.5,86.0,100
2026-04-11T14:00,27.8,66,0.0,9.4,1009.2,45.1,108.5,619.0,28.9,11.7,62.0,102
2026-04-11T15:00,27.0,68,0.0,6.9,1009.9,44.4,108.3,706.0,35.2,10.4,45.0,104
2026-04-11T16:00,26.6,68,0.0,10.5,1010.4,43.2,105.7,687.0,35.5,9.9,42.0,105
2026-04-11T17:00,26.6,63,0.0,12.1,1010.3,41.4,103.4,607.0,32.4,9.7,46.0,106
2026-04-11T18:00,26.5,65,0.0,12.2,1010.7,39.6,99.0,516.0,28.4,9.4,51.0,107
2026-04-11T19:00,26.0,68,0.0,10.4,1010.2,36.7,89.9,409.0,23.4,8.5,55.0,108
2026-04-11T20:00,25.6,70,0.0,11.4,1009.6,33.3,79.4,290.0,17.6,7.4,59.0,109
2026-04-11T21:00,25.4,70,0.0,10.7,1008.9,31.1,72.2,218.0,13.2,6.8,62.0,109
2026-04-11T22:00,25.1,70,0.0,9.0,1008.3,30.5,71.2,196.0,10.5,6.6,61.0,110
2026-04-11T23:00,24.6,74,0.0,7.2,1008.1,30.7,73.6,220.0,9.3,6.8,59.0,110
2026-04-12T00:00,24.0,78,0.0,5.4,1008.2,31.1,76.6,338.0,11.9,8.0,53.0,111
2026-04-12T01:00,23.5,80,0.0,6.3,1008.2,32.6,77.5,657.0,20.6,10.0,45.0,112
2026-04-12T02:00,23.3,79,0.0,6.7,1008.6,39.3,85.0,1070.0,32.2,12.8,35.0,112
2026-04-12T03:00,25.4,65,0.0,3.7,1009.2,43.0,82.7,1304.0,38.1,16.2,38.0,113
2026-04-12T04:00,28.6,46,0.0,4.1,1009.5,43.4,116.9,1186.0,32.7,20.8,65.0,114
2026-04-12T05:00,32.7,29,0.0,3.6,1009.6,46.6,168.1,889.0,21.6,25.8,105.0,115
2026-04-12T06:00,34.5,23,0.0,1.5,1009.7,46.3,191.4,653.0,12.5,28.7,139.0,116
2026-04-12T07:00,34.8,27,0.0,7.0,1009.0,43.9,187.7,576.0,8.0,27.5,162.0,116
2026-04-12T08:00,34.3,39,0.0,12.1,1008.2,41.1,170.4,560.0,5.5,24.2,178.0,115
2026-04-12T09:00,34.1,37,0.0,14.2,1007.5,39.9,157.4,550.0,4.8,21.6,186.0,114
2026-04-12T10:00,33.5,37,0.0,14.2,1006.8,40.0,151.8,523.0,6.2,21.2,183.0,113
2026-04-12T11:00,32.2,45,0.0,12.1,1006.4,42.8,153.2,502.0,9.4,21.6,172.0,112
2026-04-12T12:00,31.2,50,0.0,10.9,1006.4,37.4,123.9,508.0,14.1,20.9,163.0,120
2026-04-12T13:00,30.0,57,0.0,9.9,1006.7,38.5,115.9,574.0,19.1,18.5,139.0,140
2026-04-12T14:00,28.0,72,0.0,9.1,1007.2,38.9,105.2,667.0,26.0,15.2,106.0,148
2026-04-12T15:00,27.0,77,0.0,7.9,1007.5,35.2,101.3,704.0,30.2,12.6,80.0,141
2026-04-12T16:00,26.5,80,0.0,8.8,1008.2,34.0,97.8,633.0,29.7,11.5,69.0,123
2026-04-12T17:00,26.2,81,0.0,9.2,1008.9,34.1,98.3,506.0,26.6,11.1,66.0,107
2026-04-12T18:00,26.0,81,0.0,8.8,1009.2,34.6,98.5,404.0,23.0,10.7,66.0,106
2026-04-12T19:00,25.8,80,0.0,8.1,1008.9,34.5,99.0,361.0,19.3,9.9,68.0,106
2026-04-12T20:00,25.4,80,0.0,6.5,1008.3,32.9,92.9,343.0,15.1,9.0,72.0,105
2026-04-12T21:00,25.1,79,0.0,7.2,1007.8,29.5,76.6,321.0,11.8,8.3,75.0,105
2026-04-12T22:00,24.8,75,0.0,8.2,1007.2,25.0,58.2,263.0,9.3,7.6,77.0,105
2026-04-12T23:00,24.5,74,0.0,9.3,1006.9,21.8,46.4,201.0,7.6,7.1,78.0,105
2026-04-13T00:00,24.6,78,0.0,8.8,1007.4,21.5,40.3,208.0,9.1,7.7,74.0,104
2026-04-13T01:00,24.8,81,0.0,8.3,1007.5,21.6,38.6,365.0,13.9,8.9,71.0,103
2026-04-13T02:00,25.1,81,0.0,7.4,1008.0,25.2,41.6,591.0,20.2,10.6,68.0,101
2026-04-13T03:00,26.8,75,0.0,7.4,1008.9,27.5,49.5,713.0,23.2,12.1,71.0,100
2026-04-13T04:00,28.8,66,0.0,9.9,1009.5,29.7,65.2,622.0,19.8,13.5,88.0,99
2026-04-13T05:00,30.9,54,0.0,11.2,1009.6,34.2,95.7,426.0,13.1,14.8,111.0,97
2026-04-13T06:00,31.5,51,0.0,15.2,1009.7,42.1,142.0,277.0,7.7,15.4,127.0,96
2026-04-13T07:00,32.3,45,0.0,16.2,1009.4,47.8,163.9,239.0,5.4,14.7,130.0,96
2026-04-13T08:00,32.9,40,0.0,16.8,1008.9,49.2,161.1,249.0,4.5,13.2,126.0,96
2026-04-13T09:00,33.4,37,0.0,16.1,1008.2,47.6,150.9,265.0,4.5,11.9,120.0,97
2026-04-13T10:00,33.0,38,0.0,15.5,1007.6,42.8,133.6,273.0,5.3,11.1,113.0,98
2026-04-13T11:00,32.3,42,0.0,15.8,1007.0,37.6,115.3,287.0,7.0,10.4,104.0,98
2026-04-13T12:00,30.8,49,0.0,17.7,1006.8,27.2,81.3,316.0,9.2,9.5,96.0,97
2026-04-13T13:00,29.5,54,0.0,16.2,1006.7,27.2,71.0,373.0,12.5,9.2,89.0,97
2026-04-13T14:00,28.3,60,0.0,13.8,1007.0,27.5,60.1,444.0,16.9,8.8,79.0,96
2026-04-13T15:00,27.9,62,0.0,10.6,1007.6,25.0,54.2,492.0,19.3,8.4,73.0,95
2026-04-13T16:00,27.5,64,0.0,9.4,1008.1,21.7,44.8,503.0,18.0,8.0,74.0,94
2026-04-13T17:00,27.3,65,0.0,9.9,1008.6,18.5,39.5,491.0,14.8,7.6,79.0,93
2026-04-13T18:00,26.9,67,0.0,8.4,1008.9,16.5,38.1,455.0,11.7,7.1,84.0,91
2026-04-13T19:00,26.5,70,0.0,9.0,1008.4,15.1,34.8,379.0,9.2,6.4,87.0,90
2026-04-13T20:00,26.1,72,0.0,10.9,1007.9,13.6,28.2,278.0,6.8,5.7,89.0,88
2026-04-13T21:00,26.0,73,0.0,11.4,1007.2,12.4,23.9,205.0,5.2,5.3,90.0,86
2026-04-13T22:00,26.0,71,0.0,13.2,1006.5,12.1,26.9,162.0,4.3,5.2,89.0,85
2026-04-13T23:00,26.0,72,0.0,12.8,1006.3,12.2,28.8,145.0,4.3,5.4,87.0,83
2026-04-14T00:00,25.8,77,0.0,11.3,1006.4,14.8,44.5,196.0,6.4,6.1,83.0,83
2026-04-14T01:00,25.8,77,0.0,10.4,1006.9,16.0,43.9,391.0,10.9,6.8,78.0,82
2026-04-14T02:00,25.9,76,0.0,9.1,1007.4,19.8,51.8,653.0,16.9,7.8,72.0,82
2026-04-14T03:00,27.5,69,0.0,7.2,1008.0,25.7,74.0,795.0,20.1,9.3,73.0,81
2026-04-14T04:00,29.8,57,0.0,8.1,1008.2,34.5,130.9,698.0,17.6,11.7,88.0,81
2026-04-14T05:00,31.8,48,0.0,9.4,1008.6,44.9,191.4,481.0,12.2,14.6,110.0,81
2026-04-14T06:00,32.0,50,0.0,13.1,1009.0,54.7,238.0,312.0,7.9,16.5,127.0,82
2026-04-14T07:00,32.9,45,0.0,13.3,1008.6,60.5,258.0,260.0,5.9,16.6,134.0,83
2026-04-14T08:00,33.3,43,0.0,14.4,1007.8,62.4,253.3,256.0,4.9,15.6,137.0,84
2026-04-14T09:00,33.2,42,0.0,15.0,1007.2,61.9,240.3,268.0,5.0,14.4,135.0,86
2026-04-14T10:00,32.5,44,0.0,15.0,1006.5,58.8,217.0,287.0,6.4,13.2,128.0,87
2026-04-14T11:00,31.9,47,0.0,13.5,1006.0,51.9,178.3,321.0,8.9,11.7,117.0,88
2026-04-14T12:00,30.8,52,0.0,11.6,1005.5,43.1,139.7,365.0,11.9,11.5,107.0,90
2026-04-14T13:00,29.3,55,0.0,12.3,1005.7,33.9,97.1,430.0,16.1,10.7,98.0,91
2026-04-14T14:00,27.9,58,0.0,9.4,1006.0,29.0,70.5,505.0,21.7,9.5,87.0,92
2026-04-14T15:00,27.0,66,0.0,9.2,1006.4,25.6,58.6,551.0,25.1,8.7,79.0,92
2026-04-14T16:00,26.4,74,0.0,8.6,1006.9,24.8,51.8,549.0,24.3,8.5,79.0,92
2026-04-14T17:00,25.9,78,0.0,8.5,1007.5,25.3,50.6,518.0,21.3,8.6,84.0,92
2026-04-14T18:00,25.8,79,0.0,8.6,1007.4,26.4,52.9,474.0,18.4,8.6,87.0,93
2026-04-14T19:00,25.6,79,0.0,6.2,1007.2,27.2,55.3,413.0,16.2,8.2,88.0,94
2026-04-14T20:00,25.2,80,0.0,5.3,1006.4,27.0,55.1,340.0,14.1,7.7,89.0,95
2026-04-14T21:00,25.0,80,0.0,7.2,1005.7,25.9,51.6,284.0,12.6,7.4,88.0,96
2026-04-14T22:00,25.0,78,0.0,8.8,1005.2,24.7,48.0,228.0,11.2,7.5,86.0,97
2026-04-14T23:00,25.0,77,0.0,7.7,1004.9,23.7,45.1,189.0,10.3,7.9,82.0,98
2026-04-15T00:00,24.6,80,0.0,5.2,1004.6,23.1,42.3,247.0,12.6,8.6,74.0,99
2026-04-15T01:00,24.6,80,0.0,5.6,1005.0,25.4,46.7,518.0,21.3,10.4,66.0,100
2026-04-15T02:00,24.7,80,0.0,5.2,1005.5,32.9,54.7,887.0,33.0,13.1,55.0,101
2026-04-15T03:00,26.4,75,0.0,3.7,1006.2,33.4,56.1,1087.0,39.2,16.0,58.0,102
2026-04-15T04:00,28.4,68,0.0,5.8,1006.5,32.4,72.2,950.0,34.8,19.6,85.0,103
2026-04-15T05:00,30.0,62,0.0,8.0,1006.9,34.2,86.8,644.0,24.9,23.4,126.0,103
2026-04-15T06:00,30.8,60,0.0,10.7,1007.2,37.8,101.3,404.0,16.5,25.7,159.0,102
2026-04-15T07:00,31.5,57,0.0,12.2,1007.0,40.2,107.6,324.0,11.9,25.5,181.0,100
2026-04-15T08:00,32.0,53,0.0,12.6,1006.4,39.5,103.1,309.0,8.8,23.7,196.0,98
2026-04-15T09:00,32.2,50,0.0,12.9,1005.4,37.5,100.1,311.0,7.4,21.5,199.0,96
2026-04-15T10:00,32.0,51,0.0,12.3,1004.6,35.2,97.8,320.0,7.9,18.7,182.0,94
2026-04-15T11:00,31.2,56,0.0,12.4,1004.1,32.8,95.0,346.0,10.1,15.5,153.0,119
2026-04-15T12:00,29.2,67,0.0,13.5,1004.3,30.4,91.7,370.0,12.8,13.1,128.0,139
2026-04-15T13:00,28.0,73,0.0,13.0,1004.4,29.5,81.5,381.0,17.1,11.9,112.0,148
2026-04-15T14:00,26.9,79,0.0,11.2,1004.8,27.9,63.3,390.0,23.0,10.2,91.0,145
2026-04-15T15:00,26.5,81,0.0,9.7,1005.4,26.3,55.9,405.0,26.8,9.0,75.0,131
2026-04-15T16:00,26.1,82,0.0,9.4,1005.9,23.8,47.3,449.0,26.6,9.0,71.0,108
2026-04-15T17:00,25.7,84,0.0,7.9,1006.0,22.1,39.0,499.0,24.4,9.5,74.0,89
2026-04-15T18:00,25.7,80,0.0,7.8,1005.9,20.8,33.4,503.0,21.8,9.8,77.0,88
2026-04-15T19:00,25.8,73,0.0,10.0,1005.4,19.5,29.3,414.0,19.3,9.4,80.0,88
2026-04-15T20:00,25.7,69,0.0,10.9,1005.1,17.7,25.1,279.0,16.5,8.6,83.0,87
2026-04-15T21:00,25.5,68,0.0,11.3,1004.7,15.5,21.0,180.0,13.9,8.0,87.0,86
2026-04-15T22:00,25.4,66,0.0,10.8,1004.4,13.3,17.5,143.0,11.1,7.4,93.0,85
2026-04-15T23:00,25.0,66,0.0,10.2,1004.0,11.9,15.8,144.0,8.4,7.0,99.0,84
2026-04-16T00:00,24.9,72,0.0,10.8,1003.8,11.4,16.6,189.0,7.5,7.0,103.0,83
2026-04-16T01:00,24.9,72,0.0,10.9,1004.3,12.1,17.1,325.0,11.0,7.8,102.0,82
2026-04-16T02:00,25.2,70,0.0,10.8,1004.9,15.0,20.2,507.0,15.7,9.0,100.0,81
2026-04-16T03:00,26.6,67,0.0,10.4,1005.7,17.3,24.2,603.0,17.9,10.4,103.0,79
2026-04-16T04:00,28.1,59,0.0,12.4,1006.3,17.3,25.5,530.0,15.2,12.2,114.0,78
2026-04-16T05:00,29.3,53,0.0,12.6,1006.6,16.4,25.1,371.0,10.0,14.2,130.0,77
2026-04-16T06:00,29.6,50,0.0,15.4,1007.3,15.7,24.5,251.0,6.0,15.5,141.0,75
2026-04-16T07:00,29.8,50,0.0,16.1,1007.3,14.7,23.5,219.0,4.4,15.5,143.0,73
2026-04-16T08:00,29.9,53,0.0,16.4,1006.9,14.6,23.8,226.0,4.0,14.9,140.0,71
2026-04-16T09:00,30.2,50,0.0,15.6,1006.1,14.8,24.9,244.0,4.5,14.4,136.0,74
2026-04-16T10:00,30.1,51,0.0,14.8,1005.4,15.5,27.3,265.0,5.3,14.4,133.0,81
2026-04-16T11:00,29.5,54,0.0,14.6,1004.8,16.8,31.2,297.0,6.9,14.5,128.0,88
2026-04-16T12:00,28.5,60,0.0,12.5,1004.3,21.0,43.3,336.0,10.6,14.8,121.0,93
2026-04-16T13:00,27.8,65,0.0,11.2,1004.4,23.9,49.1,390.0,17.5,14.7,107.0,95
2026-04-16T14:00,26.9,71,0.0,9.3,1004.8,26.5,49.2,450.0,27.1,14.6,87.0,90
2026-04-16T15:00,26.4,76,0.0,8.9,1005.4,29.0,54.7,492.0,34.4,14.4,71.0,78
2026-04-16T16:00,26.1,79,0.0,9.8,1006.3,30.3,57.3,505.0,38.0,14.4,63.0,63
2026-04-16T17:00,25.9,80,0.0,9.6,1006.8,31.5,58.6,499.0,39.4,14.3,59.0,63
2026-04-16T18:00,25.7,81,0.0,9.3,1007.2,32.0,59.6,479.0,38.1,13.8,59.0,64
2026-04-16T19:00,25.6,80,0.0,8.7,1007.2,31.0,59.5,440.0,32.9,12.3,64.0,65
2026-04-16T20:00,25.3,83,0.0,8.3,1006.6,28.8,57.9,387.0,25.0,10.3,73.0,66
2026-04-16T21:00,25.0,85,0.0,8.6,1006.4,26.7,56.0,333.0,18.3,8.8,81.0,67
2026-04-16T22:00,24.9,85,0.0,9.4,1006.2,24.7,54.2,268.0,13.6,8.0,88.0,68
2026-04-16T23:00,24.9,84,0.0,9.6,1006.2,23.1,51.3,203.0,10.0,7.7,94.0,69
2026-04-17T00:00,25.0,85,0.0,11.1,1006.3,21.3,43.9,188.0,8.2,7.6,100.0,70
2026-04-17T01:00,24.8,86,0.0,10.8,1006.7,21.1,40.9,277.0,11.8,8.3,98.0,71
2026-04-17T02:00,25.0,86,0.0,10.4,1007.3,22.8,39.6,417.0,16.6,9.4,97.0,71
2026-04-17T03:00,26.6,77,0.0,10.8,1008.2,24.4,41.6,499.0,19.0,10.7,101.0,72
2026-04-17T04:00,28.6,66,0.0,11.9,1009.0,24.6,41.8,461.0,16.5,12.6,116.0,73
2026-04-17T05:00,30.9,54,0.0,11.3,1009.3,24.9,45.1,364.0,11.5,14.7,136.0,73
2026-04-17T06:00,32.3,45,0.0,13.3,1009.3,24.2,49.2,287.0,7.6,16.1,150.0,74
2026-04-17T07:00,33.0,43,0.0,14.9,1009.1,23.2,51.3,255.0,5.8,16.0,151.0,75
2026-04-17T08:00,33.3,40,0.0,15.5,1008.6,22.2,51.7,243.0,5.0,15.2,146.0,76
2026-04-17T09:00,33.5,38,0.0,15.7,1007.9,21.2,50.3,246.0,5.4,14.4,138.0,78
2026-04-17T10:00,33.2,37,0.0,14.8,1007.2,20.5,50.1,263.0,6.5,14.0,129.0,87
2026-04-17T11:00,32.6,36,0.0,13.4,1006.6,20.3,51.0,296.0,8.8,13.6,117.0,93
2026-04-17T12:00,31.4,36,0.0,13.4,1006.8,19.0,47.1,345.0,13.6,13.0,103.0,97
2026-04-17T13:00,29.9,43,0.0,12.1,1006.6,19.6,44.1,428.0,22.0,12.6,87.0,94
2026-04-17T14:00,28.0,55,0.0,10.5,1007.1,21.5,40.6,527.0,33.5,12.0,65.0,84
2026-04-17T15:00,27.3,59,0.0,8.7,1007.7,22.5,40.9,588.0,40.8,11.5,49.0,77
2026-04-17T16:00,26.6,66,0.0,8.9,1008.3,22.4,40.3,586.0,40.4,11.2,46.0,76
2026-04-17T17:00,26.0,72,0.0,8.8,1009.0,21.7,39.0,546.0,35.9,10.9,48.0,75
2026-04-17T18:00,25.6,75,0.0,7.9,1009.0,20.9,37.7,493.0,31.0,10.5,52.0,74
2026-04-17T19:00,25.2,81,0.0,7.7,1008.9,20.0,37.0,426.0,26.4,9.7,55.0,73
2026-04-17T20:00,24.9,84,0.0,7.7,1008.5,18.9,36.7,346.0,21.3,8.7,59.0,72
2026-04-17T21:00,24.5,87,0.0,8.2,1007.9,17.9,36.4,281.0,17.2,8.1,62.0,72
2026-04-17T22:00,24.2,86,0.0,8.0,1007.3,17.0,35.9,228.0,14.5,7.9,63.0,71
2026-04-17T23:00,24.1,86,0.0,8.2,1007.0,16.6,37.5,190.0,12.8,8.0,62.0,70
2026-04-18T00:00,24.1,85,0.0,8.6,1007.1,14.9,36.8,205.0,11.1,7.8,67.0,70
2026-04-18T01:00,23.9,86,0.0,9.7,1007.5,16.2,43.2,329.0,14.3,8.9,69.0,69
2026-04-18T02:00,24.2,84,0.0,9.7,1007.9,20.4,53.4,506.0,18.6,10.5,72.0,69
2026-04-18T03:00,25.9,75,0.0,9.9,1008.5,23.6,77.1,600.0,20.3,12.3,82.0,68
2026-04-18T04:00,27.5,64,0.0,10.6,1008.8,29.2,121.5,525.0,17.1,14.6,103.0,68
2026-04-18T05:00,28.9,55,0.0,12.2,1009.3,32.4,137.8,367.0,11.3,17.2,131.0,69
2026-04-18T06:00,29.1,54,0.0,14.0,1009.5,32.4,134.6,248.0,6.8,18.9,151.0,69
2026-04-18T07:00,30.1,50,0.0,14.2,1009.4,31.2,123.4,219.0,4.9,19.1,158.0,70
2026-04-18T08:00,30.4,49,0.0,14.5,1009.0,29.3,109.0,229.0,4.3,18.4,157.0,71
2026-04-18T09:00,30.4,49,0.0,14.3,1008.1,27.0,94.1,248.0,4.6,17.5,153.0,71
2026-04-18T10:00,30.1,47,0.0,14.2,1007.3,24.2,78.5,269.0,5.3,16.7,147.0,81
2026-04-18T11:00,29.4,55,0.0,14.6,1007.0,22.4,66.4,299.0,7.0,15.7,138.0,97
2026-04-18T12:00,27.9,64,0.0,14.0,1006.9,20.1,55.1,326.0,9.7,15.1,129.0,109
2026-04-18T13:00,27.0,70,0.0,14.0,1007.0,20.7,55.1,338.0,15.4,14.5,116.0,114
2026-04-18T14:00,26.1,75,0.0,13.2,1007.6,23.7,55.6,348.0,23.3,13.7,97.0,111
2026-04-18T15:00,25.8,76,0.0,10.7,1008.0,27.4,64.5,377.0,30.0,13.1,81.0,99
2026-04-18T16:00,25.5,77,0.0,7.2,1008.2,29.6,67.8,458.0,35.1,13.2,70.0,83
2026-04-18T17:00,25.0,79,0.0,6.4,1008.3,31.7,68.5,559.0,39.1,13.7,62.0,74
2026-04-18T18:00,24.8,77,0.0,8.1,1008.7,32.4,68.5,610.0,39.7,13.5,58.0,75
2026-04-18T19:00,24.6,79,0.0,8.2,1008.7,30.5,65.7,568.0,34.6,12.1,61.0,76
2026-04-18T20:00,24.4,83,0.0,7.6,1008.2,27.2,60.1,476.0,26.1,10.2,69.0,77
2026-04-18T21:00,24.0,85,0.0,8.6,1007.6,24.0,53.6,391.0,19.0,8.7,75.0,77
2026-04-18T22:00,23.8,86,0.0,7.8,1007.1,21.5,48.1,313.0,14.9,8.1,77.0,78
2026-04-18T23:00,23.6,87,0.0,8.3,1006.7,19.9,45.2,242.0,12.2,7.9,78.0,78
2026-04-19T00:00,23.8,90,0.0,9.2,1006.5,18.8,36.7,230.0,11.2,8.4,79.0,79
2026-04-19T01:00,23.8,89,0.0,8.5,1006.8,19.2,36.4,343.0,13.7,9.6,81.0,79
2026-04-19T02:00,24.2,85,0.0,7.4,1007.4,21.9,38.2,517.0,16.9,11.4,84.0,79
2026-04-19T03:00,25.9,76,0.0,7.7,1008.0,21.9,40.5,609.0,18.1,13.4,92.0,79
2026-04-19T04:00,27.5,68,0.0,8.5,1008.5,21.5,39.2,533.0,15.2,16.1,111.0,79
2026-04-19T05:00,28.9,61,0.0,10.2,1008.8,21.7,37.5,376.0,10.2,19.1,136.0,79
2026-04-19T06:00,29.5,59,0.0,13.3,1009.3,21.8,36.7,259.0,6.3,20.9,154.0,78
2026-04-19T07:00,30.2,56,0.0,14.9,1009.3,21.2,36.3,231.0,4.7,20.7,160.0,77
2026-04-19T08:00,30.6,54,0.0,14.9,1008.7,20.8,37.3,242.0,4.1,19.4,159.0,76
2026-04-19T09:00,30.9,53,0.0,14.5,1007.9,20.3,38.5,263.0,4.5,18.2,155.0,75
2026-04-19T10:00,30.8,53,0.0,14.1,1007.3,19.8,40.2,288.0,5.7,17.5,149.0,90
2026-04-19T11:00,30.3,53,0.0,13.7,1006.8,19.8,41.8,324.0,7.9,17.0,140.0,104
2026-04-19T12:00,29.4,53,0.0,12.6,1006.6,12.4,25.0,360.0,10.4,14.8,129.0,114
2026-04-19T13:00,28.3,60,0.0,11.2,1006.8,13.2,23.1,392.0,15.0,14.0,118.0,118
2026-04-19T14:00,26.8,72,0.0,11.7,1006.9,14.6,20.9,425.0,21.5,12.8,102.0,114
2026-04-19T15:00,26.0,79,0.0,10.9,1007.5,16.1,21.1,459.0,27.3,12.2,88.0,103
2026-04-19T16:00,25.8,81,0.0,9.6,1007.8,17.6,22.2,515.0,32.3,12.7,77.0,88
2026-04-19T17:00,25.5,84,0.0,6.6,1008.4,19.7,24.2,573.0,36.5,13.7,68.0,70
2026-04-19T18:00,25.0,85,0.0,6.3,1008.6,21.8,26.3,577.0,37.5,14.1,64.0,69
2026-04-19T19:00,24.9,86,0.0,7.5,1008.4,21.8,26.5,478.0,33.2,13.1,66.0,68
2026-04-19T20:00,24.5,88,0.0,8.2,1007.8,20.0,25.4,326.0,25.7,11.4,73.0,67
2026-04-19T21:00,24.4,89,0.0,8.6,1007.2,18.4,25.9,215.0,19.1,10.0,79.0,66
2026-04-19T22:00,24.2,90,0.0,9.6,1007.0,17.3,28.5,182.0,14.3,8.9,83.0,66
2026-04-19T23:00,24.0,91,0.0,8.8,1007.2,16.8,32.8,190.0,10.5,8.1,86.0,65
2026-04-20T00:00,24.2,95,0.0,7.6,1006.9,16.2,31.5,220.0,8.5,7.9,89.0,65
2026-04-20T01:00,24.1,95,0.0,7.7,1007.0,16.9,32.6,285.0,11.6,8.7,87.0,65
2026-04-20T02:00,24.5,93,0.0,8.1,1007.4,20.0,36.7,371.0,15.8,10.0,86.0,65
2026-04-20T03:00,26.2,83,0.0,10.6,1008.1,22.3,48.3,421.0,17.6,11.8,90.0,65
2026-04-20T04:00,27.9,74,0.0,9.9,1008.8,23.7,57.6,399.0,14.9,14.8,106.0,65
2026-04-20T05:00,29.5,65,0.0,9.9,1008.8,25.7,67.5,341.0,9.9,18.4,128.0,65
2026-04-20T06:00,30.5,62,0.0,11.0,1008.7,28.3,77.3,294.0,6.0,20.9,145.0,65
2026-04-20T07:00,31.3,59,0.0,12.5,1008.3,30.3,81.5,273.0,4.6,21.7,155.0,66
2026-04-20T08:00,31.6,56,0.0,13.6,1007.8,30.5,79.9,262.0,4.4,21.5,161.0,66
2026-04-20T09:00,31.5,53,0.0,14.1,1006.9,29.6,76.1,263.0,4.9,20.6,160.0,70
2026-04-20T10:00,31.4,51,0.0,13.6,1006.4,27.6,67.5,280.0,5.9,18.6,150.0,86
2026-04-20T11:00,30.9,52,0.0,13.7,1006.0,25.7,59.4,308.0,7.6,16.0,135.0,99
2026-04-20T12:00,29.1,59,0.0,13.8,1005.9,21.2,44.7,335.0,11.3,14.8,120.0,109
2026-04-20T13:00,28.0,66,0.0,12.7,1006.2,20.1,39.2,359.0,16.2,13.9,104.0,112
2026-04-20T14:00,26.7,78,0.0,13.1,1006.7,20.1,34.7,382.0,23.0,12.6,83.0,107
2026-04-20T15:00,26.1,81,0.0,11.1,1007.2,21.4,34.5,399.0,27.8,11.7,66.0,94
2026-04-20T16:00,25.9,81,0.0,9.2,1007.8,21.8,34.7,413.0,28.8,11.5,60.0,75
2026-04-20T17:00,25.6,81,0.0,7.4,1008.1,21.5,34.7,422.0,27.8,11.6,59.0,72
2026-04-20T18:00,25.5,84,0.0,9.0,1008.0,21.7,34.5,415.0,26.2,11.5,58.0,72
2026-04-20T19:00,25.4,85,0.0,7.9,1008.3,21.6,34.0,382.0,24.3,10.7,56.0,72
2026-04-20T20:00,25.1,86,0.0,8.8,1007.9,21.0,32.9,333.0,21.8,9.6,55.0,72
2026-04-20T21:00,24.8,87,0.0,7.7,1007.7,19.9,31.3,289.0,19.3,8.8,55.0,72
2026-04-20T22:00,24.6,89,0.0,6.3,1007.3,18.5,29.2,248.0,16.7,8.4,56.0,72
2026-04-20T23:00,24.4,91,0.0,7.8,1007.0,17.6,29.1,212.0,14.1,8.3,57.0,73
2026-04-21T00:00,24.5,92,0.0,8.6,1006.8,17.1,33.2,204.0,11.1,8.1,62.0,73
2026-04-21T01:00,24.5,93,0.0,9.0,1007.0,17.6,36.0,253.0,13.5,8.9,62.0,73
2026-04-21T02:00,24.8,92,0.0,9.8,1007.5,20.1,40.5,331.0,16.7,10.1,62.0,73
2026-04-21T03:00,26.3,83,0.0,12.6,1008.1,21.5,50.9,374.0,17.8,11.7,68.0,73
2026-04-21T04:00,27.9,69,0.0,12.3,1008.6,22.3,61.9,344.0,15.0,14.1,84.0,73
2026-04-21T05:00,29.2,61,0.0,13.5,1008.9,23.3,66.1,280.0,10.2,16.9,105.0,73
2026-04-21T06:00,29.8,58,0.0,14.9,1008.9,24.3,69.8,232.0,6.4,18.5,120.0,72
2026-04-21T07:00,30.5,54,0.0,15.3,1008.6,24.1,69.4,221.0,4.6,17.7,123.0,72
2026-04-21T08:00,31.0,50,0.0,15.4,1008.0,23.1,68.7,228.0,3.8,15.7,119.0,71
2026-04-21T09:00,31.1,47,0.0,15.5,1007.0,22.2,68.5,241.0,3.9,14.1,113.0,71
2026-04-21T10:00,30.5,51,0.0,15.7,1006.5,21.9,67.1,262.0,4.5,13.5,105.0,70
2026-04-21T11:00,29.8,56,0.0,15.4,1006.0,21.6,64.0,289.0,5.9,13.3,95.0,70
2026-04-21T12:00,28.8,58,0.0,14.0,1005.6,22.0,61.2,313.0,9.2,13.7,86.0,69
2026-04-21T13:00,27.8,64,0.0,12.7,1005.6,21.1,54.9,323.0,14.5,13.2,74.0,69
2026-04-21T14:00,26.6,75,0.0,11.2,1006.0,20.4,44.1,329.0,21.7,12.6,57.0,69
2026-04-21T15:00,26.1,81,0.0,11.1,1006.4,21.1,40.3,349.0,27.1,12.1,44.0,69
2026-04-21T16:00,26.0,82,0.0,9.1,1006.8,21.1,39.1,411.0,29.2,12.0,39.0,69
2026-04-21T17:00,25.7,83,0.0,8.2,1007.3,21.3,38.5,487.0,29.4,12.2,37.0,69
2026-04-21T18:00,25.6,86,0.0,7.9,1007.4,21.7,37.8,515.0,28.3,11.9,37.0,69
2026-04-21T19:00,25.5,88,0.0,6.0,1007.5,21.2,36.6,448.0,25.5,10.9,38.0,69
2026-04-21T20:00,25.2,90,0.0,6.5,1007.1,20.1,35.2,332.0,21.5,9.6,41.0,69
2026-04-21T21:00,25.0,92,0.0,8.4,1006.8,18.6,32.9,242.0,18.0,8.5,43.0,69
2026-04-21T22:00,25.0,92,0.0,8.8,1006.2,17.5,31.3,204.0,15.5,7.8,43.0,69
2026-04-21T23:00,24.9,92,0.0,9.9,1006.0,16.6,29.9,191.0,13.5,7.4,43.0,69
2026-04-22T00:00,24.7,93,0.0,8.9,1006.2,14.7,27.1,199.0,9.8,7.2,49.0,69
2026-04-22T01:00,25.0,91,0.0,9.4,1006.4,14.8,27.1,241.0,10.5,8.6,51.0,69
2026-04-22T02:00,25.5,87,0.0,11.0,1006.9,16.4,29.0,303.0,11.4,10.5,54.0,68
2026-04-22T03:00,26.8,79,0.0,12.3,1007.9,15.9,31.4,337.0,11.3,12.2,59.0,68
2026-04-22T04:00,28.1,71,0.0,13.7,1008.3,15.6,31.9,314.0,9.4,13.4,70.0,68
2026-04-22T05:00,29.2,66,0.0,14.3,1008.5,16.0,32.9,263.0,6.6,14.3,83.0,67
2026-04-22T06:00,30.1,61,0.0,15.8,1008.1,16.4,33.8,225.0,4.5,14.7,93.0,66
2026-04-22T07:00,30.7,60,0.0,16.7,1007.7,16.4,34.7,215.0,3.6,14.2,97.0,66
2026-04-22T08:00,31.3,56,0.0,15.8,1006.7,16.1,34.8,218.0,3.3,13.2,97.0,65
2026-04-22T09:00,31.1,57,0.0,16.1,1005.9,15.9,34.5,226.0,3.6,12.3,94.0,64
2026-04-22T10:00,30.3,63,0.0,17.1,1005.4,15.7,34.1,239.0,4.2,11.8,89.0,64
2026-04-22T11:00,29.5,70,0.0,16.7,1005.0,15.5,33.1,258.0,5.4,11.4,81.0,63
2026-04-22T12:00,28.6,74,0.0,14.5,1004.7,11.7,20.8,274.0,8.2,11.4,74.0,63
2026-04-22T13:00,27.9,78,0.0,14.6,1004.9,12.0,20.9,286.0,13.0,11.4,65.0,62
2026-04-22T14:00,26.9,84,0.0,12.6,1005.0,13.1,20.4,295.0,19.6,11.4,53.0,61
2026-04-22T15:00,26.8,86,0.0,11.6,1005.4,14.3,21.7,297.0,23.5,11.2,45.0,60
2026-04-22T16:00,26.5,88,0.0,10.3,1005.8,14.1,21.6,290.0,22.4,10.9,45.0,60
2026-04-22T17:00,26.4,90,0.0,7.9,1006.2,13.6,20.5,275.0,18.7,10.5,49.0,59
2026-04-22T18:00,26.4,89,0.0,8.9,1006.4,13.2,19.6,255.0,15.2,9.9,52.0,59
2026-04-22T19:00,26.4,89,0.0,8.9,1006.4,12.8,18.9,224.0,12.8,9.1,54.0,58
2026-04-22T20:00,26.1,90,0.0,10.0,1006.2,12.4,18.6,186.0,10.7,8.2,55.0,57
2026-04-22T21:00,25.9,91,0.0,10.6,1005.5,12.2,18.7,160.0,9.1,7.5,56.0,56
2026-04-22T22:00,25.7,93,0.0,10.5,1005.5,12.1,18.7,149.0,8.3,7.2,55.0,56
2026-04-22T23:00,25.5,93,0.0,9.8,1005.4,12.0,18.8,149.0,8.0,7.3,54.0,55
2026-04-23T00:00,25.5,95,0.0,11.2,1005.5,12.1,19.4,165.0,7.6,7.6,56.0,55
2026-04-23T01:00,25.5,94,0.0,12.6,1005.9,12.6,20.3,214.0,9.3,8.4,55.0,55
2026-04-23T02:00,26.0,90,0.0,14.6,1006.4,14.8,23.0,280.0,11.4,9.7,55.0,54
2026-04-23T03:00,27.2,82,0.0,14.6,1007.3,16.1,27.1,319.0,12.3,10.9,59.0,54
2026-04-23T04:00,28.3,75,0.0,14.1,1007.6,16.9,29.9,304.0,10.6,12.2,70.0,54
2026-04-23T05:00,29.5,71,0.0,13.4,1007.5,17.6,32.5,262.0,7.5,13.6,85.0,54
2026-04-23T06:00,30.0,66,0.0,14.5,1008.0,18.2,35.5,229.0,5.1,14.4,97.0,55
2026-04-23T07:00,30.9,62,0.0,15.8,1007.7,18.3,37.4,218.0,4.0,14.2,102.0,55
2026-04-23T08:00,31.5,57,0.0,16.1,1007.0,18.3,39.3,216.0,3.7,13.4,104.0,55
2026-04-23T09:00,31.5,58,0.0,16.4,1006.3,18.3,40.5,222.0,4.0,12.7,102.0,55
2026-04-23T10:00,31.2,60,0.0,15.9,1005.7,18.2,41.0,237.0,4.9,12.3,97.0,55
2026-04-23T11:00,31.0,61,0.0,14.0,1005.4,18.0,39.0,260.0,6.5,12.1,89.0,56
2026-04-23T12:00,29.8,67,0.0,12.1,1004.9,12.5,22.6,289.0,9.6,12.9,80.0,56
2026-04-23T13:00,29.0,71,0.0,7.3,1005.6,13.9,22.6,327.0,15.5,13.1,68.0,56
2026-04-23T14:00,28.0,76,0.0,8.7,1006.2,15.4,21.9,371.0,23.5,13.3,51.0,56
2026-04-23T15:00,27.2,82,0.0,10.7,1006.1,16.5,22.5,411.0,28.9,13.3,39.0,56
2026-04-23T16:00,26.8,86,0.0,10.8,1006.2,16.8,23.1,456.0,29.6,13.0,35.0,56
2026-04-23T17:00,26.5,87,0.0,6.8,1007.2,17.2,24.6,498.0,27.7,12.5,36.0,57
2026-04-23T18:00,26.5,89,0.0,6.5,1006.9,17.8,25.9,500.0,25.2,11.9,38.0,57
2026-04-23T19:00,26.4,90,0.0,6.0,1006.8,18.0,26.8,428.0,22.6,11.1,39.0,57
2026-04-23T20:00,26.1,92,0.0,6.9,1006.3,17.5,27.1,315.0,19.4,10.2,41.0,58
2026-04-23T21:00,26.1,92,0.0,8.0,1006.1,16.5,26.5,229.0,16.4,9.3,43.0,58
2026-04-23T22:00,25.9,93,0.0,7.1,1006.1,15.1,25.6,192.0,13.3,8.3,46.0,59
2026-04-23T23:00,25.7,94,0.0,6.4,1006.1,14.3,25.4,182.0,10.4,7.5,49.0,59
2026-04-24T00:00,25.6,97,0.0,7.1,1005.9,14.4,28.2,192.0,9.6,7.4,50.0,59
2026-04-24T01:00,25.8,96,0.0,7.7,1006.4,15.1,28.6,237.0,10.7,8.9,50.0,59
2026-04-24T02:00,26.1,93,0.0,8.5,1007.0,17.1,32.8,304.0,12.2,11.0,52.0,60
2026-04-24T03:00,27.5,83,0.0,11.7,1007.7,17.5,36.4,342.0,12.6,12.9,57.0,60
2026-04-24T04:00,29.0,76,0.0,10.9,1007.9,18.5,38.2,324.0,11.0,14.7,70.0,60
2026-04-24T05:00,30.1,72,0.0,11.7,1008.0,19.6,40.7,278.0,8.3,16.3,88.0,60
2026-04-24T06:00,30.2,69,0.0,14.0,1008.1,21.0,44.9,243.0,6.2,17.2,101.0,60
2026-04-24T07:00,31.0,64,0.0,14.4,1007.8,21.5,47.4,232.0,5.0,16.9,108.0,60
2026-04-24T08:00,31.2,63,0.0,14.5,1007.3,21.1,48.1,232.0,4.3,15.8,110.0,61
2026-04-24T09:00,31.0,64,0.0,15.5,1006.7,20.1,44.9,239.0,4.3,14.8,109.0,61
2026-04-24T10:00,30.6,68,0.0,16.5,1006.0,19.2,43.1,250.0,4.8,14.0,102.0,61
2026-04-24T11:00,30.3,67,0.0,14.7,1005.9,18.2,39.5,268.0,6.1,13.3,91.0,61
2026-04-24T12:00,29.7,70,0.0,13.1,1005.4,15.7,31.3,294.0,9.4,13.4,80.0,61
2026-04-24T13:00,28.8,75,0.0,11.3,1005.4,15.7,28.8,338.0,16.2,13.4,67.0,62
2026-04-24T14:00,27.7,83,0.0,8.7,1006.0,16.2,26.3,390.0,25.7,13.4,49.0,62
2026-04-24T15:00,27.1,88,0.0,7.9,1006.7,18.7,26.7,419.0,33.0,13.5,35.0,62
2026-04-24T16:00,26.9,89,0.0,6.8,1007.2,19.7,27.5,410.0,36.6,13.8,29.0,62
2026-04-24T17:00,26.6,90,0.0,5.8,1007.5,20.7,28.6,379.0,38.1,14.1,26.0,62
2026-04-24T18:00,26.5,92,0.0,7.6,1007.7,21.6,29.6,343.0,37.7,14.1,26.0,63
2026-04-24T19:00,26.5,91,0.0,6.9,1007.2,21.8,30.2,302.0,34.8,13.5,28.0,63
2026-04-24T20:00,26.2,92,0.0,5.4,1007.0,20.8,30.4,255.0,30.0,12.5,31.0,63
2026-04-24T21:00,25.8,95,0.0,8.0,1006.9,19.6,30.7,221.0,25.3,11.6,35.0,63
2026-04-24T22:00,25.4,97,0.0,7.5,1007.0,18.2,30.9,200.0,20.8,10.7,39.0,64
2026-04-24T23:00,25.1,98,0.0,6.8,1006.9,17.0,31.7,191.0,16.4,9.8,42.0,64
2026-04-25T00:00,25.1,99,0.0,6.9,1006.6,13.6,25.8,209.0,10.8,8.5,49.0,64
2026-04-25T01:00,25.0,99,0.0,6.5,1006.9,14.4,28.1,283.0,14.2,9.6,47.0,64
2026-04-25T02:00,25.3,96,0.0,6.5,1007.4,18.2,32.1,384.0,18.7,11.2,46.0,64
2026-04-25T03:00,27.0,84,0.0,6.0,1008.1,20.2,40.2,444.0,21.0,13.3,52.0,64
2026-04-25T04:00,28.8,76,0.0,6.4,1008.7,23.1,51.8,424.0,18.9,16.4,73.0,64
2026-04-25T05:00,30.2,70,0.0,8.8,1008.9,26.5,65.2,364.0,14.5,19.9,103.0,65
2026-04-25T06:00,31.4,65,0.0,10.5,1008.7,28.9,73.3,312.0,10.7,21.8,125.0,65
2026-04-25T07:00,32.3,59,0.0,12.2,1008.4,29.6,77.1,284.0,8.1,20.9,135.0,66
2026-04-25T08:00,33.0,56,0.0,12.6,1007.6,28.4,74.0,265.0,6.1,18.4,138.0,67
2026-04-25T09:00,33.0,56,0.0,13.3,1007.0,27.4,72.4,260.0,5.4,16.3,136.0,68
2026-04-25T10:00,32.8,56,0.0,13.9,1006.3,26.9,71.0,272.0,6.3,15.3,129.0,68
2026-04-25T11:00,32.0,59,0.0,13.5,1006.1,26.6,68.9,298.0,8.5,14.7,118.0,69
2026-04-25T12:00,30.5,64,0.0,11.7,1005.8,20.9,53.6,332.0,12.6,13.9,106.0,70
2026-04-25T13:00,29.6,68,0.0,10.7,1005.8,21.4,47.4,379.0,18.2,13.0,92.0,77
2026-04-25T14:00,28.4,75,0.0,9.7,1006.3,22.1,43.5,435.0,25.8,11.8,72.0,75
2026-04-25T15:00,27.9,77,0.0,8.9,1006.9,22.4,45.6,482.0,30.8,10.9,57.0,71
2026-04-25T16:00,27.6,78,0.0,8.0,1007.4,22.1,44.2,525.0,30.8,10.5,53.0,71
2026-04-25T17:00,27.3,79,0.0,7.6,1007.7,21.7,42.6,561.0,28.2,10.4,54.0,72
2026-04-25T18:00,27.2,82,0.0,8.0,1007.7,21.3,41.2,557.0,25.2,10.1,56.0,72
2026-04-25T19:00,27.1,81,0.0,7.7,1007.4,20.8,40.7,484.0,22.4,9.5,56.0,72
2026-04-25T20:00,26.9,81,0.0,6.2,1006.9,20.0,40.0,373.0,19.2,8.7,56.0,72
2026-04-25T21:00,26.6,81,0.0,6.4,1006.4,19.0,39.8,283.0,16.3,8.2,57.0,72
2026-04-25T22:00,26.4,81,0.0,6.9,1006.1,18.2,40.6,226.0,13.4,7.9,59.0,72
2026-04-25T23:00,26.1,82,0.0,7.6,1006.0,17.5,40.7,191.0,10.8,7.7,61.0,72
2026-04-26T00:00,26.0,86,0.0,8.6,1005.9,17.1,38.9,208.0,10.7,8.1,61.0,72
2026-04-26T01:00,26.1,86,0.0,9.4,1006.1,17.4,38.5,332.0,15.3,9.1,58.0,72
2026-04-26T02:00,26.5,84,0.0,8.3,1006.5,19.9,39.5,508.0,21.5,10.6,55.0,72
2026-04-26T03:00,28.5,75,0.0,8.1,1007.0,22.9,43.4,603.0,24.6,12.1,59.0,72
2026-04-26T04:00,30.9,63,0.0,11.0,1007.4,24.1,48.3,532.0,21.6,13.8,79.0,73
2026-04-26T05:00,32.7,53,0.0,13.0,1007.4,24.6,50.1,380.0,15.5,15.5,106.0,73
2026-04-26T06:00,33.5,51,0.0,13.7,1007.4,25.3,54.2,265.0,10.4,16.4,126.0,72
2026-04-26T07:00,34.3,47,0.0,14.8,1006.8,26.0,62.4,235.0,7.7,16.1,133.0,72
2026-04-26T08:00,35.0,43,0.0,15.3,1006.2,26.4,66.4,241.0,6.1,15.0,132.0,72
2026-04-26T09:00,35.2,41,0.0,15.5,1005.3,26.1,67.8,258.0,5.7,13.9,128.0,72
2026-04-26T10:00,35.2,39,0.0,15.5,1004.4,25.4,65.7,275.0,6.6,12.8,120.0,72
2026-04-26T11:00,34.7,39,0.0,14.6,1003.9,24.6,61.9,303.0,8.6,11.7,108.0,71
2026-04-26T12:00,33.5,43,0.0,12.8,1003.6,18.4,41.0,343.0,13.1,11.6,95.0,71
2026-04-26T13:00,32.0,48,0.0,11.9,1003.9,18.9,37.5,413.0,19.3,11.4,82.0,71
2026-04-26T14:00,30.1,60,0.0,11.1,1004.2,19.7,34.6,495.0,27.7,11.1,64.0,71
2026-04-26T15:00,29.1,65,0.0,9.9,1004.8,19.8,33.3,546.0,33.4,10.8,51.0,71
2026-04-26T16:00,28.6,69,0.0,8.8,1005.2,19.4,31.8,542.0,33.9,10.7,46.0,70
2026-04-26T17:00,28.2,72,0.0,7.8,1005.4,18.6,29.9,505.0,31.7,10.8,46.0,70
2026-04-26T18:00,28.0,74,0.0,8.0,1005.5,18.0,28.9,461.0,28.8,10.5,47.0,70
2026-04-26T19:00,27.8,76,0.0,7.7,1005.1,17.4,28.6,412.0,25.5,9.7,48.0,70
2026-04-26T20:00,27.1,80,0.0,6.6,1004.5,16.6,28.5,355.0,21.6,8.7,49.0,69
2026-04-26T21:00,26.8,83,0.0,7.3,1004.2,16.0,28.8,306.0,18.2,7.9,51.0,69
2026-04-26T22:00,26.5,85,0.0,7.6,1003.8,15.4,29.0,256.0,15.4,7.6,52.0,69
2026-04-26T23:00,26.3,87,0.0,8.2,1003.5,14.9,29.2,213.0,13.0,7.5,53.0,68
2026-04-27T00:00,26.2,88,0.0,8.5,1003.2,14.6,29.8,218.0,10.8,7.4,58.0,68
2026-04-27T01:00,26.4,88,0.0,9.6,1003.4,15.8,33.6,324.0,13.3,8.1,59.0,68
2026-04-27T02:00,27.0,85,0.0,8.9,1003.8,18.1,36.1,479.0,16.5,9.0,60.0,68
2026-04-27T03:00,28.8,75,0.0,9.9,1004.4,20.7,43.7,561.0,17.6,10.1,67.0,68
2026-04-27T04:00,30.5,65,0.0,12.4,1004.6,22.0,51.7,496.0,14.6,11.5,83.0,67
2026-04-27T05:00,31.8,58,0.0,13.8,1004.8,23.2,55.2,360.0,9.5,13.1,104.0,67
2026-04-27T06:00,32.7,54,0.0,14.0,1004.5,23.9,57.0,257.0,5.6,14.0,120.0,67
2026-04-27T07:00,32.8,55,0.0,15.7,1004.2,23.8,56.0,232.0,4.1,13.8,125.0,67
2026-04-27T08:00,33.2,53,0.0,15.1,1003.7,23.2,53.8,241.0,3.9,13.1,125.0,67
2026-04-27T09:00,33.3,52,0.0,15.4,1002.7,22.6,51.9,258.0,4.3,12.4,122.0,67
2026-04-27T10:00,32.9,55,0.0,15.2,1001.8,22.1,50.2,269.0,5.1,12.1,118.0,66
2026-04-27T11:00,32.5,56,0.0,14.5,1001.1,21.9,49.4,288.0,6.6,12.0,112.0,66
2026-04-27T12:00,31.4,58,0.0,13.5,1001.2,17.4,38.1,330.0,9.2,11.2,102.0,66
2026-04-27T13:00,30.5,63,0.0,13.0,1001.4,17.9,35.6,424.0,14.3,11.0,91.0,66
2026-04-27T14:00,29.5,69,0.0,10.4,1001.4,19.0,33.2,543.0,21.3,10.8,77.0,66
2026-04-27T15:00,28.9,73,0.0,9.3,1001.5,19.2,33.5,614.0,25.7,10.5,67.0,65
2026-04-27T16:00,28.6,75,0.0,9.2,1002.2,18.9,32.9,603.0,25.5,10.1,66.0,65
2026-04-27T17:00,28.5,75,0.0,8.9,1002.8,18.5,32.7,545.0,22.7,9.6,70.0,65
2026-04-27T18:00,28.5,75,0.0,11.4,1002.5,18.2,33.3,479.0,19.6,9.0,74.0,65
2026-04-27T19:00,28.4,75,0.0,11.6,1002.3,17.9,33.8,411.0,16.6,8.3,78.0,65
2026-04-27T20:00,27.9,77,0.0,10.8,1002.0,17.5,33.8,336.0,13.2,7.5,82.0,65
2026-04-27T21:00,27.5,80,0.0,11.2,1001.4,16.9,32.7,275.0,10.5,7.0,85.0,65
2026-04-27T22:00,27.2,80,0.0,11.1,1001.5,16.6,31.1,227.0,8.7,6.8,87.0,66
2026-04-27T23:00,27.0,81,0.0,10.9,1001.4,16.3,29.3,193.0,7.5,6.9,89.0,66
2026-04-28T00:00,27.6,79,0.0,13.4,1000.4,15.4,28.0,197.0,5.9,6.7,99.0,66
2026-04-28T01:00,27.5,80,0.0,12.5,1000.5,16.2,27.8,277.0,8.9,7.3,98.0,66
2026-04-28T02:00,27.9,78,0.0,10.6,1001.6,18.1,30.5,395.0,12.8,8.2,97.0,66
2026-04-28T03:00,29.5,70,0.0,12.3,1002.3,20.7,36.2,459.0,14.6,9.2,100.0,66
2026-04-28T04:00,31.0,61,0.0,14.7,1003.1,21.0,40.2,413.0,12.3,10.4,111.0,66
2026-04-28T05:00,32.0,57,0.0,15.7,1003.4,21.3,44.0,313.0,7.8,11.7,125.0,66
2026-04-28T06:00,32.1,57,0.0,15.5,1004.4,21.8,50.2,237.0,4.4,12.4,135.0,66
2026-04-28T07:00,32.5,56,0.0,15.4,1004.1,21.7,51.8,217.0,3.3,12.2,136.0,65
2026-04-28T08:00,32.9,54,0.0,15.8,1003.5,21.2,52.4,222.0,3.1,11.5,133.0,65
2026-04-28T09:00,32.8,54,0.0,16.6,1002.7,20.9,52.0,236.0,3.6,10.9,129.0,65
2026-04-28T10:00,32.5,55,0.0,16.7,1001.8,20.1,47.8,257.0,4.3,10.6,125.0,72
2026-04-28T11:00,32.2,56,0.0,15.7,1001.0,19.5,42.8,287.0,5.5,10.3,119.0,78
2026-04-28T12:00,31.2,59,0.0,12.5,1001.2,18.7,45.4,318.0,8.7,11.5,111.0,82
2026-04-28T13:00,30.5,64,0.0,11.5,1001.3,17.3,34.1,348.0,12.8,11.0,99.0,82
2026-04-28T14:00,29.5,70,0.0,11.5,1001.7,17.3,29.2,378.0,18.3,10.4,83.0,76
2026-04-28T15:00,29.0,73,0.0,13.7,1001.8,17.6,33.8,407.0,21.7,9.8,71.0,65
2026-04-28T16:00,28.7,74,0.0,11.1,1002.5,18.0,38.1,445.0,21.1,9.4,68.0,64
2026-04-28T17:00,28.5,73,0.0,11.2,1003.6,18.2,40.7,481.0,18.5,9.0,69.0,64
2026-04-28T18:00,28.3,75,0.0,9.9,1003.1,18.1,41.1,483.0,15.8,8.7,71.0,64
2026-04-28T19:00,28.0,78,0.0,9.2,1002.9,17.8,39.6,419.0,13.5,8.3,72.0,64
2026-04-28T20:00,27.6,81,0.0,8.8,1002.4,17.6,38.8,320.0,11.2,7.9,74.0,64
2026-04-28T21:00,27.4,83,0.0,7.9,1002.1,17.6,39.3,244.0,9.5,7.7,75.0,64
2026-04-28T22:00,27.0,85,0.0,7.9,1001.9,17.6,39.5,205.0,8.3,7.5,75.0,64
2026-04-28T23:00,26.9,87,0.0,7.8,1001.7,17.6,39.8,189.0,7.6,7.5,75.0,64
2026-04-29T00:00,26.8,89,0.0,7.2,1001.7,19.1,46.9,213.0,7.8,7.8,79.0,64
2026-04-29T01:00,26.6,90,0.0,7.8,1002.0,20.0,46.0,313.0,11.0,8.9,78.0,65
2026-04-29T02:00,27.0,89,0.0,5.3,1002.7,23.1,47.5,452.0,15.4,10.6,77.0,65
2026-04-29T03:00,28.5,81,0.0,6.5,1003.3,27.3,62.6,535.0,17.6,12.7,84.0,66
2026-04-29T04:00,30.3,70,0.0,7.3,1003.7,30.7,74.0,508.0,15.8,15.8,105.0,66
2026-04-29T05:00,32.0,62,0.0,8.1,1003.8,33.6,82.2,426.0,11.9,19.4,134.0,67
2026-04-29T06:00,32.3,63,0.0,11.3,1004.1,36.6,87.1,356.0,8.6,21.5,155.0,68
2026-04-29T07:00,32.4,63,0.0,13.2,1003.7,37.5,87.1,321.0,6.8,21.2,164.0,69
2026-04-29T08:00,32.8,60,0.0,13.7,1003.3,35.6,83.1,300.0,5.6,19.4,165.0,71
2026-04-29T09:00,32.8,59,0.0,13.8,1002.5,33.2,77.5,293.0,5.4,17.5,160.0,72
2026-04-29T10:00,32.8,58,0.0,13.2,1001.6,31.1,73.1,303.0,6.1,15.6,147.0,89
2026-04-29T11:00,32.3,61,0.0,12.7,1001.5,29.9,73.6,328.0,7.8,13.6,127.0,103
2026-04-29T12:00,31.2,64,0.0,12.5,1001.4,31.3,72.2,366.0,12.6,13.3,116.0,113
2026-04-29T13:00,30.5,66,0.0,10.1,1001.3,30.5,75.4,432.0,17.9,12.4,101.0,115
2026-04-29T14:00,29.4,70,0.0,8.0,1001.5,30.5,67.5,510.0,25.1,11.0,81.0,108
2026-04-29T15:00,28.8,76,0.0,8.6,1001.8,30.6,70.1,555.0,29.2,9.9,68.0,92
2026-04-29T16:00,28.1,83,0.0,10.6,1002.0,28.2,57.7,543.0,27.3,9.1,69.0,80
2026-04-29T17:00,27.9,85,0.0,8.2,1002.5,24.9,42.6,496.0,22.2,8.5,77.0,81
2026-04-29T18:00,27.9,86,0.0,6.0,1002.7,22.6,33.5,439.0,17.6,8.0,85.0,81
2026-04-29T19:00,27.8,86,0.0,4.3,1002.7,22.5,34.7,368.0,14.5,7.6,89.0,82
2026-04-29T20:00,27.5,87,0.0,5.2,1002.2,24.1,42.5,285.0,11.9,7.2,93.0,82
2026-04-29T21:00,27.2,88,0.0,6.4,1001.8,25.6,49.0,225.0,9.9,7.1,96.0,83
2026-04-29T22:00,27.0,89,0.0,6.5,1001.7,26.5,53.1,192.0,8.6,7.3,97.0,83
2026-04-29T23:00,26.8,90,0.0,7.4,1001.5,27.2,56.2,181.0,8.0,7.7,98.0,84
2026-04-30T00:00,26.9,92,0.0,8.9,1001.4,27.6,59.0,207.0,8.6,8.5,96.0,85
2026-04-30T01:00,27.0,90,0.0,9.7,1001.9,28.4,60.5,308.0,11.6,9.0,96.0,86
2026-04-30T02:00,27.5,87,0.0,8.0,1002.4,29.8,61.0,446.0,15.5,9.8,97.0,86
2026-04-30T03:00,29.1,76,0.0,8.9,1003.2,31.8,71.7,520.0,17.3,10.9,102.0,87
2026-04-30T04:00,31.0,64,0.0,10.5,1003.8,31.7,74.5,466.0,14.8,12.6,116.0,87
2026-04-30T05:00,32.4,56,0.0,12.4,1004.1,31.1,74.7,347.0,10.0,14.6,134.0,88
2026-04-30T06:00,33.2,52,0.0,12.4,1004.2,30.9,78.0,258.0,6.3,15.7,145.0,87
2026-04-30T07:00,34.0,50,0.0,13.5,1003.8,29.9,80.3,236.0,4.8,15.1,144.0,87
2026-04-30T08:00,33.9,52,0.0,14.2,1003.5,28.1,79.4,243.0,4.3,13.6,136.0,86
2026-04-30T09:00,33.7,53,0.0,13.9,1002.8,25.7,72.2,259.0,4.5,12.4,127.0,85
2026-04-30T10:00,33.1,56,0.0,14.0,1002.2,23.3,62.4,280.0,5.1,11.8,118.0,85
2026-04-30T11:00,32.5,57,0.0,12.9,1001.7,21.8,53.9,311.0,6.3,11.6,108.0,84
2026-04-30T12:00,31.5,61,0.0,13.5,1001.7,18.0,39.5,345.0,9.4,11.7,96.0,85
2026-04-30T13:00,30.8,65,0.0,11.7,1001.5,18.7,38.8,389.0,15.6,11.6,84.0,82
2026-04-30T14:00,29.5,73,0.0,10.2,1001.5,20.4,36.9,437.0,24.0,11.5,68.0,81
2026-04-30T15:00,29.0,77,0.0,9.4,1002.2,21.7,39.7,460.0,29.1,11.2,58.0,80
2026-04-30T16:00,28.6,79,0.0,8.8,1002.9,21.8,40.3,442.0,28.0,10.6,58.0,79
2026-04-30T17:00,28.3,80,0.0,9.7,1003.1,21.0,39.6,399.0,23.6,9.7,65.0,79
2026-04-30T18:00,28.5,77,0.0,12.3,1002.9,20.1,38.5,352.0,19.4,8.9,70.0,79
2026-04-30T19:00,28.5,75,0.0,10.6,1002.8,19.4,37.7,300.0,16.6,8.2,73.0,78
2026-04-30T20:00,28.4,74,0.0,12.4,1002.4,18.9,37.0,244.0,14.0,7.5,75.0,78
2026-04-30T21:00,28.5,72,0.0,14.4,1001.8,18.3,36.8,203.0,11.8,7.0,77.0,78
2026-04-30T22:00,28.5,71,0.0,14.5,1001.6,17.6,36.4,176.0,9.5,6.6,80.0,77
2026-04-30T23:00,28.4,71,0.0,13.8,1001.4,16.8,35.6,165.0,7.6,6.3,83.0,76
2026-05-01T00:00,28.7,71,0.0,13.2,1001.5,16.8,40.9,189.0,7.4,6.6,84.0,75
2026-05-01T01:00,28.8,70,0.0,13.4,1001.8,16.7,37.6,288.0,10.4,7.0,81.0,74
2026-05-01T02:00,29.4,68,0.0,14.1,1002.5,18.9,41.3,424.0,14.4,7.7,77.0,73
2026-05-01T03:00,31.0,62,0.0,13.5,1003.1,23.1,52.3,498.0,16.3,8.6,79.0,72
2026-05-01T04:00,32.3,56,0.0,15.7,1003.7,26.1,74.5,449.0,14.0,10.0,92.0,72
2026-05-01T05:00,33.3,52,0.0,14.9,1003.9,30.7,109.7,338.0,9.5,11.6,112.0,71
2026-05-01T06:00,34.2,52,0.0,14.7,1003.9,36.7,146.2,257.0,6.1,12.8,126.0,71
2026-05-01T07:00,35.0,49,0.0,14.2,1003.7,41.8,177.4,241.0,4.9,13.3,131.0,71
2026-05-01T08:00,35.8,46,0.0,13.5,1002.9,44.1,186.3,255.0,4.8,13.4,132.0,73
2026-05-01T09:00,35.8,45,0.0,14.3,1002.1,43.3,175.6,280.0,5.4,13.1,129.0,74
2026-05-01T10:00,35.4,46,0.0,14.3,1001.1,40.7,155.5,314.0,6.9,12.4,121.0,76
2026-05-01T11:00,34.4,50,0.0,13.9,1000.4,36.7,127.1,359.0,9.3,11.4,109.0,77
2026-05-01T12:00,32.7,55,0.0,13.0,1000.3,31.4,101.0,405.0,11.7,10.0,99.0,78
2026-05-01T13:00,31.7,60,0.0,13.1,999.8,27.9,71.5,456.0,15.3,9.5,92.0,80
2026-05-01T14:00,31.2,60,0.0,10.7,1000.2,25.9,56.3,508.0,20.1,8.9,81.0,80
2026-05-01T15:00,31.1,58,0.0,8.4,1000.9,23.6,49.1,531.0,22.5,8.3,76.0,81
2026-05-01T16:00,31.0,56,0.0,10.9,1001.4,21.7,45.6,512.0,20.5,7.8,79.0,81
2026-05-01T17:00,30.7,56,0.0,10.2,1002.1,20.4,45.5,465.0,16.2,7.3,87.0,81
2026-05-01T18:00,30.2,58,0.0,10.2,1002.5,19.6,46.8,406.0,12.3,6.9,94.0,81
2026-05-01T19:00,30.0,60,0.0,12.8,1001.9,18.8,44.5,328.0,9.6,6.4,98.0,81
2026-05-01T20:00,29.7,61,0.0,13.5,1001.3,17.6,39.3,238.0,7.3,5.9,100.0,81
2026-05-01T21:00,29.7,59,0.0,13.6,1000.9,16.6,38.0,175.0,5.6,5.6,101.0,81
2026-05-01T22:00,29.6,59,0.0,14.6,1000.6,16.2,38.9,144.0,4.4,5.3,100.0,81
2026-05-01T23:00,29.5,61,0.0,15.6,1000.4,16.1,40.3,139.0,4.0,5.2,96.0,81
2026-05-02T00:00,29.1,65,0.0,14.1,1000.1,16.9,46.0,182.0,4.5,5.2,94.0,80
2026-05-02T01:00,29.0,63,0.0,12.8,1000.3,20.5,65.7,327.0,8.6,6.1,87.0,80
2026-05-02T02:00,29.7,60,0.0,13.5,1000.9,27.5,92.2,520.0,14.2,7.3,79.0,81
2026-05-02T03:00,31.4,57,0.0,13.3,1001.5,36.9,126.2,622.0,17.1,8.5,77.0,82
2026-05-02T04:00,33.0,51,0.0,15.5,1002.0,47.7,182.5,541.0,14.9,9.6,88.0,83
2026-05-02T05:00,34.2,46,0.0,17.1,1002.2,55.1,215.6,368.0,10.1,10.7,105.0,85
2026-05-02T06:00,34.8,43,0.0,16.1,1002.8,57.0,224.4,238.0,6.3,11.2,117.0,87
2026-05-02T07:00,35.5,40,0.0,17.3,1002.5,54.0,211.4,207.0,4.8,10.8,120.0,89
2026-05-02T08:00,35.5,41,0.0,18.9,1001.8,48.4,185.3,220.0,4.4,10.0,118.0,90
2026-05-02T09:00,35.5,41,0.0,19.4,1001.3,40.6,147.6,240.0,4.6,9.2,116.0,90
2026-05-02T10:00,35.0,42,0.0,19.1,1000.5,33.4,112.7,262.0,5.7,8.8,116.0,90
2026-05-02T11:00,34.2,45,0.0,18.3,999.8,28.8,85.9,291.0,7.4,8.6,116.0,89
2026-05-02T12:00,32.8,47,0.0,17.6,999.5,21.7,58.7,316.0,9.6,8.8,113.0,89
2026-05-02T13:00,31.8,51,0.0,17.1,999.3,21.3,48.7,333.0,11.9,8.5,109.0,88
2026-05-02T14:00,30.7,56,0.0,15.2,999.5,21.7,46.3,344.0,14.9,8.1,104.0,87
2026-05-02T15:00,30.2,58,0.0,13.5,1000.1,21.0,41.9,344.0,16.5,7.8,101.0,87
2026-05-02T16:00,30.0,57,0.0,13.5,1000.7,19.6,37.0,329.0,15.4,7.6,103.0,86
2026-05-02T17:00,30.0,57,0.0,13.0,1001.2,18.0,33.1,303.0,12.9,7.4,107.0,86
2026-05-02T18:00,30.0,56,0.0,15.5,1000.9,16.9,30.4,273.0,10.4,7.1,111.0,86
2026-05-02T19:00,30.0,56,0.0,14.8,1000.6,15.8,28.1,235.0,8.3,6.5,114.0,86
2026-05-02T20:00,29.6,56,0.0,13.1,999.8,14.4,25.1,194.0,6.3,5.9,117.0,86
2026-05-02T21:00,29.5,56,0.0,12.7,999.7,13.2,22.2,167.0,4.9,5.4,119.0,85
2026-05-02T22:00,29.1,60,0.0,13.0,999.2,12.1,20.1,150.0,4.0,5.2,118.0,85
2026-05-02T23:00,28.8,62,0.0,11.8,999.1,11.3,19.1,147.0,3.7,5.2,116.0,85
2026-05-03T00:00,28.7,66,0.0,13.9,999.2,11.8,27.8,193.0,5.0,5.5,115.0,84
2026-05-03T01:00,28.4,67,0.0,12.2,999.7,12.3,26.0,344.0,9.7,6.3,109.0,84
2026-05-03T02:00,28.6,68,0.0,10.8,1000.5,14.8,29.3,543.0,16.1,7.6,101.0,83
2026-05-03T03:00,30.4,64,0.0,8.1,1001.3,18.4,39.0,659.0,19.6,9.3,101.0,82
2026-05-03T04:00,32.9,52,0.0,6.5,1001.8,22.5,62.2,611.0,17.7,12.1,118.0,80
2026-05-03T05:00,35.4,41,0.0,6.8,1002.3,28.2,94.3,478.0,12.9,15.3,143.0,78
2026-05-03T06:00,35.7,44,0.0,10.6,1002.2,33.6,124.8,369.0,9.0,17.5,161.0,76
2026-05-03T07:00,36.2,43,0.0,12.6,1002.2,35.9,135.5,318.0,7.0,18.0,167.0,74
2026-05-03T08:00,36.7,42,0.0,13.9,1001.7,35.2,128.1,291.0,5.8,17.4,166.0,82
2026-05-03T09:00,36.5,41,0.0,14.4,1001.2,33.4,120.1,287.0,5.8,16.3,160.0,93
2026-05-03T10:00,36.1,41,0.0,13.7,1000.4,33.1,122.5,306.0,7.4,14.6,148.0,104
2026-05-03T11:00,35.2,46,0.0,12.9,1000.0,33.1,124.3,348.0,10.2,12.4,131.0,114
2026-05-03T12:00,33.0,55,0.0,12.8,999.5,31.4,121.1,420.0,13.8,10.9,115.0,120
2026-05-03T13:00,31.5,65,0.0,10.3,999.3,30.0,103.1,561.0,19.0,10.0,102.0,120
2026-05-03T14:00,30.1,71,0.0,7.0,999.5,28.6,75.4,731.0,26.0,8.7,85.0,111
2026-05-03T15:00,29.5,73,0.0,6.1,999.7,27.8,88.0,816.0,30.1,7.8,73.0,95
2026-05-03T16:00,29.1,71,0.0,16.7,1001.2,27.5,84.5,746.0,28.7,7.8,73.0,75
2026-05-03T17:00,29.0,70,0.0,9.9,1001.6,27.2,81.3,592.0,24.3,8.2,78.0,74
2026-05-03T18:00,29.9,56,0.0,10.0,1001.4,27.8,85.0,451.0,20.0,8.3,82.0,75
2026-05-03T19:00,30.5,47,0.0,11.2,1001.1,28.6,94.1,350.0,16.5,7.8,83.0,76
2026-05-03T20:00,31.0,40,0.0,13.0,1000.8,28.3,98.0,262.0,13.1,7.1,84.0,77
2026-05-03T21:00,29.9,49,0.0,10.2,1000.2,27.3,94.3,202.0,10.7,6.7,83.0,78
2026-05-03T22:00,30.3,40,0.0,10.6,999.7,26.3,88.0,161.0,9.1,6.8,79.0,79
2026-05-03T23:00,29.5,42,0.0,14.3,1000.4,26.3,90.1,148.0,8.4,7.1,74.0,81
2026-05-04T00:00,29.4,44,0.0,11.2,1000.3,33.3,151.8,204.0,12.3,8.6,67.0,82
2026-05-04T01:00,29.0,43,0.0,11.7,1000.8,34.1,150.4,409.0,18.7,10.3,61.0,84
2026-05-04T02:00,30.1,35,0.0,13.1,1001.6,39.6,183.0,683.0,27.3,12.5,55.0,86
2026-05-04T03:00,32.6,27,0.0,11.0,1002.3,48.2,204.0,822.0,30.9,14.3,60.0,88
2026-05-04T04:00,35.7,17,0.0,11.3,1002.8,66.1,396.7,694.0,24.9,15.2,88.0,91
2026-05-04T05:00,38.7,9,0.0,14.7,1003.2,75.0,504.8,431.0,13.9,15.5,129.0,95
2026-05-04T06:00,40.2,7,0.0,15.3,1003.2,39.9,246.8,233.0,5.6,15.2,158.0,99
2026-05-04T07:00,41.0,7,0.0,16.5,1002.7,31.0,178.3,181.0,2.7,13.7,167.0,99
2026-05-04T08:00,41.0,7,0.0,15.5,1002.1,28.4,159.7,193.0,2.5,11.6,165.0,99
2026-05-04T09:00,41.2,7,0.0,15.4,1001.3,28.2,162.1,223.0,3.6,10.2,160.0,98
2026-05-04T10:00,40.8,8,0.0,16.7,1000.4,31.2,185.8,260.0,6.1,10.4,153.0,99
2026-05-04T11:00,39.3,14,0.0,16.4,999.6,44.0,244.0,316.0,10.1,11.3,143.0,101
2026-05-04T12:00,38.0,16,0.0,11.0,999.6,46.4,233.8,378.0,13.8,13.4,141.0,114
2026-05-04T13:00,36.0,23,0.0,11.1,999.6,51.0,206.8,457.0,18.4,12.1,126.0,125
2026-05-04T14:00,32.7,42,0.0,12.5,1000.4,51.5,200.7,543.0,24.7,10.2,106.0,125
2026-05-04T15:00,31.9,45,0.0,9.0,1001.1,52.3,204.0,591.0,28.2,8.8,91.0,113
2026-05-04T16:00,31.5,44,0.0,5.7,1001.9,54.0,210.5,576.0,26.5,8.2,86.0,113
2026-05-04T17:00,31.0,46,0.0,6.3,1002.8,55.1,221.2,524.0,22.0,8.1,86.0,115
2026-05-04T18:00,30.4,49,0.0,9.9,1002.7,54.8,229.1,466.0,18.1,8.0,86.0,118
2026-05-04T19:00,30.0,49,0.0,6.9,1002.8,53.1,229.1,408.0,15.8,7.7,85.0,121
2026-05-04T20:00,29.5,50,0.0,5.8,1002.8,50.8,223.5,346.0,14.1,7.5,84.0,124
2026-05-04T21:00,28.8,53,0.0,7.4,1002.6,48.0,211.4,294.0,12.7,7.4,83.0,127
2026-05-04T22:00,28.5,57,0.0,10.1,1002.7,44.7,197.4,233.0,11.0,7.4,82.0,129
2026-05-04T23:00,28.4,59,0.0,11.4,1002.6,41.3,179.7,184.0,9.7,7.5,82.0,131
2026-05-05T00:00,28.6,59,0.0,10.5,1002.9,35.2,147.1,223.0,7.9,6.9,91.0,133
2026-05-05T01:00,28.6,60,0.0,9.1,1003.4,33.9,134.6,440.0,14.1,8.1,85.0,133
2026-05-05T02:00,29.0,59,0.0,6.5,1004.1,35.5,123.4,745.0,22.5,9.9,78.0,133
2026-05-05T03:00,30.9,53,0.0,5.1,1004.6,37.7,125.7,953.0,27.1,12.3,83.0,132
2026-05-05T04:00,33.0,45,0.0,5.7,1005.1,39.5,149.5,981.0,24.3,16.3,112.0,130
2026-05-05T05:00,34.5,41,0.0,6.9,1005.6,42.1,161.1,910.0,17.7,20.9,152.0,125
2026-05-05T06:00,34.0,48,0.0,12.0,1006.5,44.8,156.0,799.0,12.0,23.4,180.0,118
2026-05-05T07:00,33.5,50,0.0,15.2,1006.7,44.0,137.8,632.0,8.6,22.1,183.0,119
2026-05-05T08:00,33.2,52,0.0,16.6,1006.5,38.5,116.4,424.0,6.1,18.7,174.0,120
2026-05-05T09:00,32.5,60,0.0,16.9,1006.3,33.3,104.5,282.0,5.0,15.9,160.0,121
2026-05-05T10:00,31.8,65,0.0,16.0,1005.9,29.9,98.7,261.0,5.2,14.5,143.0,122
2026-05-05T11:00,31.8,67,0.0,14.5,1005.5,29.0,100.6,306.0,6.7,13.6,121.0,122
2026-05-05T12:00,31.2,65,0.0,13.7,1005.4,24.7,72.9,356.0,10.6,13.6,102.0,127
2026-05-05T13:00,30.1,76,0.0,11.3,1005.5,23.9,66.8,391.0,19.3,13.8,84.0,125
2026-05-05T14:00,29.1,81,0.0,9.2,1005.8,24.0,60.5,430.0,31.4,14.2,58.0,115
2026-05-05T15:00,28.4,88,0.0,5.9,1006.2,27.0,55.8,471.0,41.5,14.8,37.0,112
2026-05-05T16:00,28.0,89,0.0,6.7,1006.6,28.6,58.4,535.0,48.6,16.2,25.0,110
2026-05-05T17:00,27.6,90,0.0,5.4,1007.1,30.5,60.1,602.0,53.7,17.8,17.0,107
2026-05-05T18:00,27.3,95,0.0,7.6,1007.1,33.6,60.8,607.0,54.7,18.3,14.0,104
2026-05-05T19:00,27.4,93,0.0,10.7,1007.2,34.1,60.8,486.0,49.1,16.4,17.0,102
2026-05-05T20:00,27.1,94,0.0,8.9,1006.9,31.1,56.2,303.0,39.3,13.3,25.0,100
2026-05-05T21:00,26.9,94,0.0,5.8,1006.6,29.0,56.2,186.0,30.7,11.0,31.0,98
2026-05-05T22:00,26.6,94,0.0,3.3,1006.4,26.5,56.8,185.0,24.4,10.3,34.0,97
2026-05-05T23:00,26.4,95,0.0,1.1,1006.4,25.6,60.5,250.0,19.4,10.4,36.0,95
2026-05-06T00:00,25.6,98,0.0,5.4,1006.7,34.1,75.4,363.0,26.4,12.7,28.0,94
2026-05-06T01:00,25.4,96,0.0,4.8,1007.0,39.1,83.6,569.0,27.6,14.5,30.0,94
2026-05-06T02:00,25.5,93,0.0,3.5,1007.5,41.1,88.5,823.0,29.0,17.2,35.0,94
2026-05-06T03:00,27.4,79,0.0,2.1,1007.8,36.9,95.9,967.0,28.5,20.1,49.0,95
2026-05-06T04:00,30.6,60,0.0,1.5,1008.0,37.3,110.4,911.0,24.4,24.1,81.0,95
2026-05-06T05:00,33.3,49,0.0,5.4,1008.0,39.2,119.0,745.0,18.4,28.4,122.0,94
2026-05-06T06:00,32.5,63,0.0,13.4,1008.2,39.5,117.1,584.0,13.1,30.0,150.0,94
2026-05-06T07:00,32.5,61,0.0,14.0,1007.8,36.6,109.2,455.0,9.4,26.8,154.0,94
2026-05-06T08:00,32.5,60,0.0,15.3,1007.2,32.1,95.9,331.0,6.4,20.9,145.0,93
2026-05-06T09:00,32.2,61,0.0,16.4,1006.7,28.3,85.0,250.0,4.8,16.3,132.0,92
2026-05-06T10:00,31.8,61,0.0,15.1,1005.9,26.1,78.7,241.0,4.5,14.4,118.0,92
2026-05-06T11:00,31.5,60,0.0,15.2,1005.3,24.9,74.3,275.0,5.6,13.8,102.0,92
2026-05-06T12:00,30.5,62,0.0,12.6,1005.3,27.3,86.6,307.0,9.2,14.1,90.0,91
2026-05-06T13:00,29.8,67,0.0,11.4,1004.6,26.5,78.5,319.0,14.8,13.9,75.0,92
2026-05-06T14:00,27.9,82,0.0,10.6,1004.1,26.2,71.0,330.0,22.5,13.5,55.0,92
2026-05-06T15:00,27.5,84,0.0,11.2,1005.0,27.1,62.6,343.0,28.2,13.2,40.0,92
2026-05-06T16:00,27.5,85,0.0,9.4,1005.7,27.4,61.7,370.0,30.1,12.9,35.0,92
2026-05-06T17:00,27.2,87,0.0,7.6,1005.9,27.0,58.3,401.0,30.1,12.7,34.0,92
2026-05-06T18:00,27.5,88,0.0,9.1,1005.9,26.8,55.8,409.0,29.0,12.3,35.0,92
2026-05-06T19:00,27.2,89,0.0,7.7,1005.2,26.7,53.3,375.0,27.1,11.7,36.0,91
2026-05-06T20:00,27.0,90,0.0,7.6,1004.4,25.4,51.0,317.0,24.1,10.9,38.0,90
2026-05-06T21:00,26.9,92,0.0,8.5,1004.2,23.5,48.9,267.0,21.0,10.1,41.0,90
2026-05-06T22:00,26.5,95,0.0,9.6,1003.7,21.2,45.1,229.0,17.5,9.0,45.0,89
2026-05-06T23:00,26.3,96,0.0,9.4,1003.8,19.2,41.1,197.0,13.8,7.9,49.0,89
2026-05-07T00:00,26.5,94,0.0,12.5,1003.8,16.1,32.2,187.0,8.6,7.2,56.0,88
2026-05-07T01:00,26.6,93,0.0,12.8,1004.0,15.9,31.1,216.0,9.2,8.3,58.0,87
2026-05-07T02:00,27.4,89,0.0,14.2,1004.6,16.7,33.4,265.0,9.9,9.9,62.0,85
2026-05-07T03:00,28.8,78,0.0,15.1,1005.1,17.3,40.4,296.0,9.9,11.4,68.0,82
2026-05-07T04:00,30.1,70,0.0,15.5,1005.3,18.6,45.6,286.0,8.5,13.0,80.0,81
2026-05-07T05:00,31.2,64,0.0,15.7,1005.4,20.3,54.0,256.0,6.3,14.5,96.0,79
2026-05-07T06:00,31.9,63,0.0,16.1,1005.5,21.8,60.3,234.0,4.6,15.3,107.0,77
2026-05-07T07:00,32.3,61,0.0,15.8,1005.3,22.3,64.0,228.0,3.8,14.9,111.0,76
2026-05-07T08:00,32.5,59,0.0,16.1,1005.1,21.5,60.3,229.0,3.4,13.8,110.0,75
2026-05-07T09:00,32.1,61,0.0,16.6,1004.7,20.0,51.3,237.0,3.6,12.8,107.0,74
2026-05-07T10:00,31.6,65,0.0,16.5,1004.3,18.7,44.5,256.0,4.1,12.2,102.0,73
2026-05-07T11:00,31.0,68,0.0,15.7,1004.0,18.1,40.6,282.0,5.2,11.8,95.0,72
2026-05-07T12:00,30.1,74,0.0,17.1,1003.5,15.8,39.0,299.0,7.1,12.2,85.0,72
2026-05-07T13:00,29.5,78,0.0,16.7,1003.5,16.1,37.0,298.0,10.4,11.8,76.0,71
2026-05-07T14:00,28.8,83,0.0,14.2,1003.9,16.4,35.6,288.0,14.8,11.3,63.0,70
2026-05-07T15:00,28.6,85,0.0,13.9,1003.8,16.8,33.4,282.0,17.9,10.8,54.0,69
2026-05-07T16:00,28.4,87,0.0,14.9,1004.3,16.6,32.6,290.0,18.3,10.4,51.0,68
2026-05-07T17:00,28.2,88,0.0,10.5,1005.6,16.7,32.1,303.0,17.2,9.9,52.0,67
2026-05-07T18:00,28.1,89,0.0,8.8,1005.7,17.3,32.6,305.0,16.0,9.6,52.0,66
2026-05-07T19:00,28.1,88,0.0,6.5,1005.6,17.6,32.6,285.0,14.8,9.4,52.0,65
2026-05-07T20:00,27.8,90,0.0,7.9,1004.7,17.2,32.0,254.0,13.4,9.3,51.0,64
2026-05-07T21:00,27.5,91,0.0,8.4,1004.0,16.7,30.5,232.0,12.3,9.2,51.0,64
2026-05-07T22:00,27.3,92,0.0,7.6,1003.7,16.1,29.3,222.0,11.5,8.9,50.0,63
2026-05-07T23:00,27.1,93,0.0,7.3,1003.4,15.8,28.5,221.0,10.9,8.6,48.0,63
2026-05-08T00:00,26.9,95,0.0,6.5,1003.8,15.4,27.6,235.0,9.9,8.7,50.0,62
2026-05-08T01:00,27.0,95,0.0,7.2,1004.3,16.2,29.4,280.0,11.1,10.9,52.0,62
2026-05-08T02:00,27.6,90,0.0,8.1,1004.9,17.5,31.8,341.0,12.6,14.1,57.0,62
2026-05-08T03:00,28.7,83,0.0,8.6,1005.3,17.9,34.9,378.0,13.1,17.0,66.0,62
2026-05-08T04:00,30.0,74,0.0,7.9,1005.9,19.4,38.3,370.0,11.6,19.7,85.0,62
2026-05-08T05:00,31.3,67,0.0,8.1,1006.0,21.7,42.8,339.0,9.0,22.2,110.0,62
2026-05-08T06:00,31.6,67,0.0,12.0,1006.3,24.0,47.3,310.0,6.8,23.3,127.0,63
2026-05-08T07:00,32.0,65,0.0,13.6,1006.2,24.8,48.3,290.0,5.4,22.1,133.0,63
2026-05-08T08:00,32.0,65,0.0,14.2,1006.1,23.3,46.1,274.0,4.5,19.5,132.0,63
2026-05-08T09:00,31.9,65,0.0,14.3,1005.9,21.1,43.2,268.0,4.2,17.2,127.0,63
2026-05-08T10:00,31.6,66,0.0,13.9,1005.4,19.2,41.4,282.0,4.4,15.6,116.0,63
2026-05-08T11:00,31.4,68,0.0,13.3,1005.0,18.0,40.7,306.0,5.3,14.3,100.0,63
2026-05-08T12:00,30.8,69,0.0,13.0,1005.0,18.6,47.4,325.0,7.8,13.0,83.0,64
2026-05-08T13:00,30.0,76,0.0,12.3,1005.2,18.1,44.1,332.0,13.0,13.0,72.0,64
2026-05-08T14:00,29.2,82,0.0,12.6,1005.6,17.7,39.9,332.0,20.1,12.9,56.0,64
2026-05-08T15:00,28.9,85,0.0,11.7,1006.0,18.7,35.9,329.0,24.9,12.6,45.0,64
2026-05-08T16:00,28.5,87,0.0,12.1,1006.5,18.7,34.2,325.0,25.2,11.7,42.0,64
2026-05-08T17:00,28.4,88,0.0,13.0,1006.8,18.0,32.2,316.0,23.2,10.6,44.0,64
2026-05-08T18:00,28.5,88,0.0,12.5,1006.9,17.0,30.7,299.0,21.3,9.6,45.0,64
2026-05-08T19:00,28.4,88,0.1,10.5,1007.0,16.5,30.0,262.0,20.1,9.0,45.0,64
2026-05-08T20:00,28.3,87,0.1,8.7,1006.9,16.2,28.9,216.0,18.9,8.6,45.0,64
2026-05-08T21:00,27.8,92,0.0,8.0,1006.2,15.8,28.1,185.0,18.0,8.5,44.0,64
2026-05-08T22:00,27.4,95,0.0,7.2,1005.8,15.5,28.1,173.0,17.5,8.3,41.0,64
2026-05-08T23:00,27.1,97,0.0,5.9,1006.0,15.4,28.1,177.0,17.3,8.3,38.0,64
2026-05-09T00:00,27.0,97,0.0,6.0,1006.1,20.1,33.3,206.0,17.5,10.0,37.0,64
2026-05-09T01:00,27.1,96,0.0,4.5,1006.8,20.9,34.0,290.0,18.4,12.9,40.0,64
2026-05-09T02:00,27.5,92,0.0,3.6,1007.4,21.8,37.4,399.0,19.6,17.1,44.0,65
2026-05-09T03:00,28.8,82,0.0,5.3,1008.1,20.4,39.1,461.0,19.1,20.6,54.0,65
2026-05-09T04:00,30.1,74,0.0,7.5,1008.4,19.8,45.1,428.0,15.6,23.4,74.0,65
2026-05-09T05:00,31.0,68,0.0,10.3,1008.5,21.7,48.2,347.0,10.5,25.6,98.0,65
2026-05-09T06:00,31.5,65,0.0,12.2,1008.5,23.2,49.7,283.0,6.5,26.0,116.0,65
2026-05-09T07:00,32.0,63,0.0,13.4,1008.0,22.7,49.0,260.0,4.7,23.4,121.0,65
2026-05-09T08:00,32.0,64,0.0,13.8,1007.7,21.1,48.3,255.0,3.9,19.1,119.0,65
2026-05-09T09:00,32.0,64,0.0,14.4,1007.0,19.4,46.9,256.0,3.9,15.6,114.0,65
2026-05-09T10:00,31.8,66,0.0,14.6,1006.4,18.3,45.6,265.0,4.2,14.1,107.0,65
2026-05-09T11:00,31.4,67,0.0,14.2,1005.9,17.3,43.4,281.0,5.2,13.4,98.0,65
2026-05-09T12:00,30.5,71,0.0,13.6,1005.9,19.0,47.8,295.0,8.1,13.2,87.0,65
2026-05-09T13:00,29.8,75,0.0,12.4,1005.8,18.6,47.1,307.0,13.1,13.3,76.0,65
2026-05-09T14:00,28.9,81,0.0,11.1,1006.2,18.7,44.2,317.0,20.1,13.5,60.0,65
2026-05-09T15:00,28.4,86,0.0,10.1,1006.5,20.3,42.3,320.0,25.4,13.7,48.0,65
2026-05-09T16:00,28.1,87,0.0,9.6,1007.0,21.1,43.0,316.0,27.8,13.9,43.0,65
2026-05-09T17:00,28.0,89,0.0,9.2,1007.3,21.8,43.4,305.0,28.6,14.0,42.0,65
2026-05-09T18:00,28.0,90,0.0,8.7,1007.1,22.3,42.8,285.0,28.0,13.8,42.0,65
2026-05-09T19:00,27.9,90,0.0,10.1,1006.8,21.9,40.9,248.0,25.3,12.9,44.0,66
2026-05-09T20:00,27.6,90,0.0,9.6,1006.5,20.4,37.6,201.0,21.2,11.5,47.0,66
2026-05-09T21:00,27.5,90,0.0,9.6,1006.1,18.9,35.0,169.0,17.6,10.4,49.0,67
2026-05-09T22:00,27.2,92,0.0,9.1,1006.0,17.6,32.6,157.0,15.3,9.4,49.0,67
2026-05-09T23:00,27.0,93,0.0,9.1,1005.6,16.9,30.4,160.0,13.5,8.5,48.0,67
2026-05-10T00:00,26.9,94,0.0,8.6,1005.5,15.8,27.9,179.0,11.2,8.1,52.0,67
2026-05-10T01:00,27.0,93,0.0,8.3,1005.9,17.1,29.0,233.0,11.6,10.3,56.0,67
2026-05-10T02:00,27.6,89,0.0,8.5,1006.5,18.3,36.2,303.0,12.1,13.2,61.0,67
2026-05-10T03:00,29.0,80,0.0,9.0,1007.3,22.5,54.5,344.0,11.8,15.7,70.0,66
2026-05-10T04:00,30.2,73,0.0,10.5,1007.4,19.8,47.3,325.0,9.9,17.2,85.0,67
2026-05-10T05:00,31.0,69,0.0,12.7,1007.6,21.4,51.8,275.0,7.2,18.2,102.0,67
2026-05-10T06:00,31.5,67,0.0,13.3,1007.5,22.9,55.8,237.0,5.1,18.4,115.0,67
2026-05-10T07:00,32.3,61,0.0,14.4,1007.2,23.6,59.5,226.0,4.0,17.2,119.0,66
2026-05-10T08:00,32.5,61,0.0,15.3,1006.7,23.7,61.7,225.0,3.6,15.2,117.0,67
2026-05-10T09:00,32.4,61,0.0,15.9,1005.9,23.1,60.8,233.0,3.8,13.6,113.0,67
2026-05-10T10:00,32.0,64,0.0,16.0,1005.0,21.8,57.9,250.0,4.4,12.8,106.0,67
2026-05-10T11:00,31.6,66,0.0,15.5,1004.5,20.0,53.3,274.0,5.6,12.4,96.0,67
2026-05-10T12:00,30.9,68,0.0,13.2,1004.2,18.4,48.8,297.0,8.4,12.3,85.0,68
2026-05-10T13:00,30.2,72,0.0,11.7,1004.2,17.6,45.1,312.0,14.3,12.4,71.0,68
2026-05-10T14:00,29.5,78,0.0,10.1,1004.7,17.9,41.0,326.0,21.7,12.8,56.0,68
2026-05-10T15:00,29.0,82,0.0,9.1,1005.1,19.6,39.3,346.0,26.8,13.1,46.0,67
2026-05-10T16:00,28.5,84,0.0,9.5,1005.3,20.4,39.9,390.0,27.9,13.2,43.0,67
2026-05-10T17:00,28.2,87,0.0,8.4,1005.7,20.7,39.6,440.0,26.8,13.2,45.0,67
2026-05-10T18:00,28.1,89,0.0,8.6,1005.7,20.4,38.3,450.0,24.8,12.9,47.0,67
2026-05-10T19:00,28.1,89,0.0,9.6,1005.5,19.4,36.2,383.0,21.8,12.0,50.0,67
2026-05-10T20:00,27.8,91,0.0,8.1,1004.8,18.2,33.8,277.0,17.9,10.8,53.0,67
2026-05-10T21:00,27.5,93,0.0,8.5,1004.6,17.2,31.9,197.0,14.6,9.7,56.0,67
2026-05-10T22:00,27.2,94,0.0,8.7,1004.3,16.6,31.3,169.0,12.5,8.8,57.0,67
2026-05-10T23:00,27.1,94,0.0,7.4,1004.2,16.4,31.4,169.0,11.0,8.0,57.0,66
2026-05-11T00:00,26.9,95,0.0,7.7,1004.1,17.1,31.8,187.0,11.4,8.0,55.0,66
2026-05-11T01:00,27.0,95,0.0,8.7,1004.6,17.2,33.3,239.0,12.1,9.7,59.0,66
2026-05-11T02:00,27.9,89,0.0,9.3,1005.3,18.3,37.0,309.0,13.0,12.0,64.0,67
2026-05-11T03:00,29.0,81,0.0,10.2,1006.1,19.6,45.3,350.0,12.9,14.0,73.0,67
2026-05-11T04:00,30.2,73,0.0,12.0,1006.4,21.2,50.6,330.0,10.7,15.4,88.0,66
2026-05-11T05:00,31.0,70,0.0,13.4,1006.5,23.0,54.1,279.0,7.5,16.5,106.0,66
2026-05-11T06:00,31.8,67,0.0,14.8,1006.7,23.7,55.9,240.0,5.0,16.9,119.0,67
2026-05-11T07:00,32.5,63,0.0,15.6,1006.3,23.2,55.2,229.0,3.8,16.2,122.0,67
2026-05-11T08:00,32.8,63,0.0,15.6,1005.8,22.7,54.7,229.0,3.4,14.8,121.0,67
2026-05-11T09:00,32.8,62,0.0,14.3,1004.9,22.4,53.8,239.0,3.7,13.9,117.0,66
2026-05-11T10:00,32.8,63,0.0,14.3,1004.1,22.3,53.4,261.0,4.2,14.1,114.0,66
2026-05-11T11:00,32.3,66,0.0,13.5,1003.6,22.1,52.4,292.0,5.5,14.8,109.0,66
2026-05-11T12:00,31.4,70,0.0,12.8,1003.2,21.9,51.1,318.0,9.1,16.4,102.0,67
2026-05-11T13:00,30.4,75,0.0,11.0,1003.3,21.0,46.2,334.0,16.7,16.7,85.0,67
2026-05-11T14:00,29.5,79,0.0,8.3,1003.8,20.5,41.1,346.0,27.2,17.0,63.0,67
2026-05-11T15:00,29.0,83,0.0,8.3,1003.9,22.2,37.6,356.0,35.0,17.1,45.0,67
2026-05-11T16:00,28.7,86,0.0,8.6,1004.2,22.4,36.0,372.0,37.9,16.7,38.0,68
2026-05-11T17:00,28.5,86,0.0,8.8,1004.5,22.5,34.5,387.0,38.0,16.0,36.0,68
2026-05-11T18:00,28.5,88,0.0,7.9,1004.8,21.8,33.8,383.0,36.3,15.0,36.0,68
2026-05-11T19:00,28.4,88,0.0,7.7,1004.6,20.3,32.1,346.0,32.2,13.3,39.0,68
2026-05-11T20:00,28.2,90,0.0,7.4,1004.3,18.7,30.4,291.0,26.2,11.3,43.0,68
2026-05-11T21:00,28.0,92,0.0,6.0,1003.7,17.6,29.3,246.0,21.3,9.8,47.0,68
2026-05-11T22:00,27.8,93,0.0,7.3,1003.4,17.5,30.6,215.0,18.5,8.9,47.0,68
2026-05-11T23:00,27.7,93,0.0,8.9,1003.1,17.4,31.8,195.0,16.7,8.6,47.0,68
2026-05-12T00:00,28.0,92,0.0,9.0,1002.8,17.0,27.8,200.0,16.9,9.6,45.0,68
2026-05-12T01:00,28.0,92,0.0,8.7,1003.1,16.2,29.6,256.0,16.3,12.0,50.0,68
2026-05-12T02:00,28.6,88,0.0,9.7,1003.8,16.6,36.1,338.0,15.4,15.3,58.0,68
2026-05-12T03:00,29.7,80,0.0,7.8,1004.4,17.9,44.8,387.0,14.0,18.1,70.0,68
2026-05-12T04:00,31.0,72,0.0,8.4,1004.6,20.1,53.2,370.0,11.5,20.1,89.0,68
2026-05-12T05:00,32.2,67,0.0,9.5,1004.7,22.8,62.2,320.0,8.5,21.6,112.0,68
2026-05-12T06:00,33.8,57,0.0,9.5,1004.4,25.3,68.9,281.0,6.2,22.3,129.0,68
2026-05-12T07:00,34.4,54,0.0,10.3,1003.6,26.3,73.6,266.0,5.0,21.9,138.0,68
2026-05-12T08:00,34.9,51,0.0,10.8,1002.8,27.0,77.5,261.0,4.5,20.8,141.0,68
2026-05-12T09:00,34.8,52,0.0,12.0,1002.0,28.7,88.7,271.0,4.8,19.7,141.0,69
2026-05-12T10:00,34.2,53,0.0,12.5,1001.1,31.1,102.9,302.0,5.7,19.1,137.0,69
2026-05-12T11:00,33.3,56,0.0,12.0,1000.5,32.9,114.8,348.0,7.4,18.6,129.0,70
2026-05-12T12:00,33.5,57,0.0,10.3,1000.4,33.8,119.0,387.0,11.2,18.0,117.0,83
2026-05-12T13:00,32.0,62,0.0,9.8,1000.3,32.7,110.4,415.0,18.9,17.0,97.0,89
2026-05-12T14:00,30.7,71,0.0,7.0,1000.9,30.4,88.7,436.0,28.6,15.9,72.0,85
2026-05-12T15:00,30.0,79,0.0,9.1,1001.2,28.9,66.8,449.0,35.6,15.0,54.0,74
2026-05-12T16:00,29.6,82,0.0,8.4,1001.5,27.6,56.6,444.0,38.0,14.6,46.0,75
2026-05-12T17:00,29.4,82,0.0,7.1,1002.0,27.0,49.1,430.0,37.7,14.3,45.0,75
2026-05-12T18:00,29.4,81,0.0,8.4,1001.9,24.7,42.6,432.0,35.7,13.8,46.0,75
2026-05-12T19:00,29.1,81,0.0,6.6,1001.7,22.1,36.2,467.0,31.4,12.4,49.0,76
2026-05-12T20:00,28.8,82,0.0,4.6,1001.3,20.4,33.6,519.0,25.5,10.7,55.0,76
2026-05-12T21:00,28.4,84,0.0,2.7,1000.8,20.8,35.7,559.0,21.0,9.7,59.0,76
2026-05-12T22:00,28.1,85,0.0,2.4,1000.3,22.5,40.5,575.0,19.4,9.8,59.0,76
2026-05-12T23:00,27.6,88,0.0,4.9,1000.2,23.2,42.8,580.0,19.3,10.6,56.0,77
2026-05-13T00:00,27.5,93,0.0,4.7,1000.3,39.7,75.9,589.0,34.5,11.1,29.0,77
2026-05-13T01:00,27.3,93,0.0,5.6,1000.9,34.5,61.9,626.0,33.5,11.6,38.0,79
2026-05-13T02:00,28.5,86,0.0,4.0,1001.4,31.7,51.3,667.0,31.7,12.3,51.0,81
2026-05-13T03:00,30.8,70,0.0,5.3,1002.0,30.9,54.5,659.0,28.3,12.4,69.0,82
2026-05-13T04:00,32.7,58,0.0,7.2,1002.4,34.1,79.9,554.0,21.6,11.4,97.0,83
2026-05-13T05:00,34.2,53,0.0,8.7,1002.7,45.8,137.4,399.0,13.2,9.7,129.0,85
2026-05-13T06:00,35.7,45,0.0,13.1,1002.6,59.8,194.2,282.0,6.9,8.1,149.0,87
2026-05-13T07:00,36.2,39,0.0,17.3,1002.2,63.8,200.2,241.0,4.4,6.7,148.0,90
2026-05-13T08:00,36.3,38,0.0,19.8,1001.8,53.9,153.2,239.0,4.1,5.4,136.0,93
2026-05-13T09:00,36.6,35,0.0,20.5,1001.1,34.8,83.8,246.0,4.6,4.5,123.0,95
2026-05-13T10:00,36.3,36,0.0,19.9,1000.5,20.1,38.5,254.0,5.7,4.2,112.0,96
2026-05-13T11:00,35.3,39,0.0,20.4,1000.0,16.4,26.8,273.0,7.7,4.3,101.0,95
2026-05-13T12:00,34.6,42,0.0,22.4,999.5,15.5,27.8,299.0,9.5,4.1,91.0,94
2026-05-13T13:00,33.3,46,0.0,19.5,999.4,15.0,22.9,343.0,12.5,4.3,84.0,92
2026-05-13T14:00,32.2,50,0.0,16.8,999.5,15.2,22.5,395.0,16.6,4.6,73.0,90
2026-05-13T15:00,31.8,51,0.0,14.1,1000.2,15.5,23.5,424.0,19.1,4.9,66.0,89
2026-05-13T16:00,31.4,53,0.0,15.2,1000.6,15.8,24.6,415.0,18.8,5.1,64.0,88
2026-05-13T17:00,30.9,56,0.0,15.3,1001.0,16.6,26.1,382.0,17.0,5.1,64.0,87
2026-05-13T18:00,30.8,58,0.0,13.9,1000.7,17.7,28.1,340.0,14.9,5.1,65.0,86
2026-05-13T19:00,30.2,60,0.0,13.2,1000.6,18.5,29.7,285.0,12.9,4.8,65.0,85
2026-05-13T20:00,29.6,66,0.0,11.9,1000.4,19.0,31.1,220.0,10.7,4.5,65.0,85
2026-05-13T21:00,29.0,71,0.0,11.7,1000.3,18.5,30.3,172.0,8.8,4.2,64.0,85
2026-05-13T22:00,28.6,75,0.0,13.2,1000.5,13.7,22.4,150.0,7.4,4.2,62.0,85
2026-05-13T23:00,28.5,78,0.0,14.1,1000.7,9.7,15.3,145.0,6.4,4.2,60.0,84
2026-05-14T00:00,28.2,84,0.0,14.0,1001.0,8.2,13.6,158.0,5.5,4.0,60.0,83
2026-05-14T01:00,27.9,87,0.0,15.0,1001.5,7.8,12.3,204.0,6.9,4.5,59.0,80
2026-05-14T02:00,28.5,86,0.0,15.7,1002.5,8.6,13.0,268.0,8.6,5.1,58.0,77
2026-05-14T03:00,29.6,79,0.0,17.4,1003.0,11.3,17.8,305.0,9.4,5.5,61.0,75
2026-05-14T04:00,30.6,73,0.0,18.4,1003.6,12.6,20.5,286.0,8.1,5.5,71.0,74
2026-05-14T05:00,31.5,69,0.0,18.9,1004.0,13.1,21.7,239.0,5.9,5.3,83.0,72
2026-05-14T06:00,32.3,64,0.0,20.1,1004.3,12.9,21.8,203.0,4.1,5.0,92.0,69
2026-05-14T07:00,32.5,62,0.0,20.6,1003.7,13.0,21.4,192.0,3.4,4.7,93.0,65
2026-05-14T08:00,32.8,62,0.0,19.8,1003.1,12.5,20.8,192.0,3.2,4.4,90.0,60
2026-05-14T09:00,32.7,62,0.0,19.2,1002.5,12.5,21.2,198.0,3.4,4.2,85.0,57
2026-05-14T10:00,32.3,63,0.0,18.6,1001.7,12.7,21.9,215.0,3.9,4.1,79.0,55
2026-05-14T11:00,31.6,67,0.0,18.2,1001.1,12.9,22.9,238.0,4.8,4.1,71.0,54
2026-05-14T12:00,31.0,69,0.0,18.0,1000.7,15.9,34.1,251.0,6.3,4.2,65.0,54
2026-05-14T13:00,29.8,75,0.0,18.1,1000.5,15.6,32.2,245.0,8.7,4.4,58.0,54
2026-05-14T14:00,29.1,78,0.0,17.3,1000.7,15.4,30.9,230.0,11.9,4.6,49.0,54
2026-05-14T15:00,28.9,78,0.0,16.9,1001.0,11.5,22.8,215.0,14.0,4.8,42.0,54
2026-05-14T16:00,28.6,80,0.0,16.3,1001.6,11.1,21.2,206.0,14.2,4.9,40.0,53
2026-05-14T17:00,28.5,81,0.0,15.9,1002.2,11.0,20.9,198.0,13.4,5.0,39.0,53
2026-05-14T18:00,28.7,82,0.0,14.2,1001.8,10.8,20.9,187.0,12.1,4.9,40.0,52
2026-05-14T19:00,28.6,82,0.0,13.6,1001.9,10.4,21.2,170.0,10.2,4.6,41.0,52
2026-05-14T20:00,28.4,84,0.0,14.8,1001.6,9.8,20.9,150.0,7.9,4.1,43.0,51
2026-05-14T21:00,28.2,85,0.0,14.5,1001.2,9.5,21.3,137.0,6.1,3.8,45.0,50
2026-05-14T22:00,28.2,85,0.0,14.7,1001.2,9.3,21.8,133.0,5.2,3.7,46.0,49
2026-05-14T23:00,28.2,85,0.0,16.0,1001.2,9.2,22.6,136.0,4.8,3.8,46.0,48
2026-05-15T00:00,28.5,80,0.0,15.4,1001.5,9.9,24.3,149.0,4.9,3.7,52.0,48
2026-05-15T01:00,28.3,80,0.0,14.2,1002.0,9.9,24.7,180.0,5.6,3.9,52.0,48
2026-05-15T02:00,28.9,76,0.0,17.5,1003.0,12.4,32.2,221.0,6.5,4.2,52.0,49
2026-05-15T03:00,29.9,68,0.0,16.2,1003.6,14.2,37.4,245.0,6.8,4.4,55.0,50
2026-05-15T04:00,30.9,63,0.1,18.7,1004.1,14.4,37.7,235.0,5.9,4.5,62.0,50
2026-05-15T05:00,31.8,60,0.0,17.7,1004.7,14.5,38.4,208.0,4.3,4.5,72.0,50
2026-05-15T06:00,32.4,58,0.0,17.4,1005.1,14.7,38.3,188.0,3.1,4.5,79.0,50
2026-05-15T07:00,32.8,56,0.0,17.3,1004.4,14.5,36.7,185.0,2.7,4.4,81.0,50
2026-05-15T08:00,32.9,58,0.0,17.3,1003.8,14.1,34.7,189.0,2.6,4.3,81.0,51
2026-05-15T09:00,32.8,59,0.0,16.9,1003.1,13.7,33.5,198.0,2.9,4.3,79.0,51
2026-05-15T10:00,32.5,62,0.0,16.4,1002.2,13.6,34.3,215.0,3.6,4.4,75.0,51
2026-05-15T11:00,32.0,64,0.0,16.1,1001.5,13.8,36.1,237.0,4.6,4.5,69.0,51
2026-05-15T12:00,31.5,66,0.0,15.3,1001.3,11.9,28.6,253.0,6.5,4.8,65.0,51
2026-05-15T13:00,30.4,72,0.0,14.5,1001.2,12.7,31.1,260.0,9.1,5.0,57.0,51
2026-05-15T14:00,29.5,79,0.0,13.4,1001.6,13.4,30.7,261.0,12.7,5.3,47.0,50
2026-05-15T15:00,29.0,83,0.0,12.1,1002.1,12.9,27.1,257.0,15.4,5.5,39.0,50
2026-05-15T16:00,28.7,84,0.0,11.3,1002.7,11.6,23.4,246.0,16.6,5.7,36.0,50
2026-05-15T17:00,28.5,85,0.0,11.7,1003.2,11.4,22.1,230.0,16.9,5.9,36.0,50
2026-05-15T18:00,28.7,83,0.0,12.8,1003.3,11.0,21.1,212.0,16.2,5.9,37.0,50
2026-05-15T19:00,28.5,84,0.0,13.7,1003.3,10.1,19.7,192.0,13.8,5.5,40.0,50
2026-05-15T20:00,28.2,85,0.0,12.6,1002.8,9.3,19.2,171.0,10.3,4.8,44.0,50
2026-05-15T21:00,28.0,86,0.0,10.9,1002.4,9.1,19.6,157.0,7.6,4.4,48.0,50
2026-05-15T22:00,27.9,86,0.0,10.6,1002.7,9.5,22.4,149.0,6.6,4.4,49.0,50
2026-05-15T23:00,27.8,86,0.0,9.1,1003.2,10.2,25.6,148.0,6.3,4.6,50.0,50
2026-05-16T00:00,27.7,86,0.0,9.6,1003.5,11.4,28.2,161.0,6.9,5.3,51.0,50
2026-05-16T01:00,27.6,86,0.0,9.0,1003.8,12.4,30.6,205.0,7.5,5.6,53.0,51
2026-05-16T02:00,28.5,79,0.0,8.8,1004.3,15.7,44.4,263.0,8.2,6.1,57.0,51
2026-05-16T03:00,29.7,71,0.0,9.8,1004.8,17.5,51.1,297.0,8.3,6.4,63.0,51
2026-05-16T04:00,31.0,65,0.0,10.8,1005.3,19.2,55.9,283.0,7.1,6.5,75.0,51
2026-05-16T05:00,31.8,61,0.0,11.8,1005.2,20.7,59.4,244.0,5.4,6.4,91.0,52
2026-05-16T06:00,32.8,58,0.0,12.8,1005.1,22.1,62.9,215.0,4.0,6.2,102.0,52
2026-05-16T07:00,33.0,57,0.0,14.2,1004.7,22.6,65.4,208.0,3.4,5.9,106.0,53
2026-05-16T08:00,33.3,55,0.0,13.4,1004.3,23.0,67.5,212.0,3.2,5.4,105.0,54
2026-05-16T09:00,33.2,55,0.0,13.9,1004.0,23.5,70.5,221.0,3.5,5.1,102.0,55
2026-05-16T10:00,32.6,57,0.0,14.3,1003.6,24.0,73.8,239.0,4.1,5.0,96.0,55
2026-05-16T11:00,31.8,61,0.0,14.4,1003.2,24.7,77.5,264.0,5.3,5.0,87.0,56
2026-05-16T12:00,31.2,63,0.0,13.1,1003.2,27.0,86.6,282.0,8.0,5.6,86.0,57
2026-05-16T13:00,30.0,69,0.0,12.6,1003.4,27.1,87.3,290.0,11.1,5.7,74.0,59
2026-05-16T14:00,28.9,76,0.0,11.5,1003.5,26.5,82.7,291.0,15.3,5.8,57.0,60
2026-05-16T15:00,28.5,80,0.0,10.4,1004.2,25.0,75.7,285.0,19.0,6.0,44.0,61
2026-05-16T16:00,28.2,83,0.0,9.3,1004.8,23.2,66.6,268.0,21.9,6.4,37.0,62
2026-05-16T17:00,28.0,84,0.0,9.9,1005.4,22.9,61.2,242.0,24.1,6.9,32.0,63
2026-05-16T18:00,28.1,85,0.0,11.2,1005.2,22.5,59.5,216.0,24.3,7.0,31.0,64
2026-05-16T19:00,27.8,87,0.0,11.9,1005.2,21.5,57.3,189.0,21.0,6.4,34.0,65
2026-05-16T20:00,27.4,89,0.0,11.5,1004.8,20.4,56.1,161.0,15.5,5.5,39.0,66
2026-05-16T21:00,27.2,88,0.0,11.9,1004.6,19.2,54.4,142.0,11.0,4.8,44.0,67
2026-05-16T22:00,27.0,88,0.0,11.7,1004.5,18.3,52.2,136.0,8.4,4.4,47.0,68
2026-05-16T23:00,27.0,87,0.0,12.0,1004.6,17.8,51.9,139.0,6.7,4.1,49.0,69
2026-05-17T00:00,27.1,88,0.0,12.7,1004.8,18.1,54.5,150.0,5.4,4.0,52.0,70
2026-05-17T01:00,27.0,88,0.0,11.7,1005.2,17.8,51.0,176.0,5.9,4.5,53.0,70
2026-05-17T02:00,27.6,82,0.0,12.4,1005.7,19.5,60.3,211.0,6.6,5.2,56.0,71
2026-05-17T03:00,28.9,74,0.0,12.3,1006.2,22.2,72.6,231.0,6.8,5.8,62.0,71
2026-05-17T04:00,30.5,64,0.0,12.5,1006.7,24.9,78.7,224.0,5.9,6.1,75.0,71
2026-05-17T05:00,32.0,56,0.0,13.1,1007.0,27.1,86.4,202.0,4.5,6.3,92.0,72
2026-05-17T06:00,33.3,44,0.0,13.5,1007.2,27.9,88.9,186.0,3.4,6.3,104.0,72
2026-05-17T07:00,33.7,45,0.0,14.5,1006.9,27.3,89.6,182.0,2.9,6.0,107.0,73
2026-05-17T08:00,33.9,44,0.0,14.7,1006.4,25.9,85.0,184.0,2.7,5.5,105.0,73
2026-05-17T09:00,33.8,45,0.0,15.2,1005.8,24.8,80.6,188.0,2.9,5.2,101.0,74
2026-05-17T10:00,33.2,46,0.0,15.4,1005.1,23.7,76.4,198.0,3.4,5.1,95.0,74
2026-05-17T11:00,32.2,52,0.0,15.3,1004.6,22.9,71.7,210.0,4.3,5.2,88.0,74
2026-05-17T12:00,31.1,63,0.0,15.1,1004.4,26.0,86.1,217.0,5.7,5.3,82.0,74
2026-05-17T13:00,29.6,71,0.0,14.6,1004.4,25.6,77.8,213.0,7.8,5.3,72.0,73
2026-05-17T14:00,28.4,79,0.0,13.6,1004.5,25.7,70.1,203.0,10.6,5.4,58.0,73
2026-05-17T15:00,28.0,81,0.0,13.4,1004.7,23.4,60.3,192.0,12.6,5.4,47.0,73
2026-05-17T16:00,27.9,82,0.0,14.1,1005.2,22.2,54.0,182.0,13.1,5.5,43.0,73
2026-05-17T17:00,27.7,83,0.0,14.3,1005.7,22.5,54.1,172.0,12.7,5.5,43.0,73
2026-05-17T18:00,28.0,80,0.0,14.6,1005.3,22.7,54.4,162.0,11.7,5.4,44.0,73
2026-05-17T19:00,27.7,83,0.0,13.7,1005.1,22.3,53.2,151.0,9.9,5.0,46.0,73
2026-05-17T20:00,27.4,85,0.0,13.9,1004.4,21.5,51.7,140.0,7.5,4.3,49.0,73
2026-05-17T21:00,27.2,86,0.0,13.9,1004.0,20.7,51.2,133.0,5.7,3.9,52.0,73
2026-05-17T22:00,27.1,87,0.0,13.3,1003.8,20.0,50.5,129.0,4.8,3.8,54.0,73
2026-05-17T23:00,27.0,86,0.0,13.3,1004.0,19.4,49.0,130.0,4.3,3.9,55.0,73
2026-05-18T00:00,27.0,85,0.0,14.1,1003.9,18.4,46.6,140.0,4.2,3.5,55.0,74
2026-05-18T01:00,27.1,82,0.0,14.6,1004.0,18.7,46.7,170.0,5.1,3.9,56.0,74
2026-05-18T02:00,27.9,76,0.0,17.0,1004.5,20.5,55.2,210.0,6.3,4.5,57.0,74
2026-05-18T03:00,28.8,71,0.0,18.0,1005.0,24.2,63.8,234.0,6.8,4.9,61.0,74
2026-05-18T04:00,30.0,65,0.0,18.4,1005.3,25.3,66.6,228.0,6.0,5.1,69.0,74
2026-05-18T05:00,31.0,61,0.0,17.5,1005.4,26.1,69.2,207.0,4.5,5.1,80.0,74
2026-05-18T06:00,32.0,58,0.0,18.4,1005.3,26.2,70.1,191.0,3.4,5.0,87.0,74
2026-05-18T07:00,32.2,57,0.0,19.1,1005.1,25.6,68.2,187.0,2.9,4.8,88.0,74
2026-05-18T08:00,32.2,56,0.0,19.6,1004.6,24.9,66.4,187.0,2.7,4.5,86.0,74
2026-05-18T09:00,32.1,59,0.0,19.6,1004.2,24.7,65.7,192.0,2.9,4.3,83.0,74
2026-05-18T10:00,31.7,62,0.0,19.7,1003.7,24.6,64.5,206.0,3.4,4.3,78.0,74
2026-05-18T11:00,31.2,64,0.0,19.8,1003.1,24.4,62.9,224.0,4.3,4.3,72.0,74
2026-05-18T12:00,30.8,66,0.0,18.9,1002.4,24.7,61.9,235.0,6.0,4.4,66.0,74
2026-05-18T13:00,29.6,72,0.0,18.4,1002.5,24.6,60.5,233.0,8.0,4.5,60.0,74
2026-05-18T14:00,28.8,77,0.0,17.6,1002.5,24.3,56.8,224.0,10.7,4.8,52.0,74
2026-05-18T15:00,28.5,79,0.0,16.9,1002.7,21.0,48.4,213.0,12.6,4.9,46.0,73
2026-05-18T16:00,28.5,79,0.0,17.9,1003.1,18.7,43.8,203.0,12.9,5.0,44.0,73
2026-05-18T17:00,28.5,80,0.0,17.0,1003.4,17.8,41.4,191.0,12.4,5.0,45.0,73
2026-05-18T18:00,28.5,80,0.0,16.4,1003.1,17.4,40.9,179.0,11.4,4.9,46.0,72
2026-05-18T19:00,28.4,81,0.0,17.3,1003.1,16.8,40.0,164.0,9.7,4.6,48.0,72
2026-05-18T20:00,28.2,83,0.0,15.1,1002.4,16.2,39.5,149.0,7.5,4.1,51.0,71
2026-05-18T21:00,28.2,82,0.0,15.6,1002.1,15.9,39.6,139.0,5.8,3.8,53.0,71
2026-05-18T22:00,28.2,81,0.0,15.9,1001.8,15.8,39.9,134.0,5.0,3.7,54.0,71
2026-05-18T23:00,28.2,82,0.0,16.6,1001.8,15.7,40.0,134.0,4.6,3.8,54.0,70
2026-05-19T00:00,28.3,82,0.0,16.8,1001.9,16.1,39.6,144.0,4.5,3.7,57.0,70
2026-05-19T01:00,28.3,82,0.0,17.2,1002.3,16.2,39.8,173.0,5.2,3.9,58.0,70
2026-05-19T02:00,29.0,79,0.0,19.7,1003.0,19.3,48.5,211.0,6.2,4.2,59.0,69
2026-05-19T03:00,30.0,72,0.0,21.3,1003.4,22.2,60.5,235.0,6.6,4.5,62.0,69
2026-05-19T04:00,31.0,67,0.0,21.2,1003.9,23.5,65.4,229.0,5.8,4.7,70.0,69
2026-05-19T05:00,31.9,66,0.0,20.2,1004.1,23.1,63.8,207.0,4.5,4.8,80.0,69
2026-05-19T06:00,32.8,63,0.0,19.6,1004.2,23.7,67.5,192.0,3.5,4.9,87.0,69
2026-05-19T07:00,33.0,63,0.0,19.5,1003.8,24.4,70.8,190.0,3.1,4.8,90.0,69
2026-05-19T08:00,33.1,63,0.0,19.6,1003.1,24.8,71.0,194.0,3.0,4.7,91.0,68
2026-05-19T09:00,32.9,65,0.0,19.2,1002.5,24.5,67.8,204.0,3.3,4.6,89.0,68
2026-05-19T10:00,32.5,67,0.0,18.6,1002.0,24.1,64.7,224.0,4.1,4.6,84.0,68
2026-05-19T11:00,31.9,71,0.0,17.7,1001.4,23.1,59.5,249.0,5.2,4.6,76.0,68
2026-05-19T12:00,31.5,70,0.0,17.1,1001.3,22.8,58.7,264.0,6.8,4.7,70.0,68
2026-05-19T13:00,30.4,76,0.0,16.1,1001.4,21.4,49.8,259.0,9.1,4.9,62.0,68
2026-05-19T14:00,29.5,82,0.0,14.7,1001.5,20.4,42.7,245.0,12.2,5.2,52.0,68
2026-05-19T15:00,29.0,86,0.0,12.6,1002.0,16.6,34.3,231.0,14.4,5.4,44.0,67
2026-05-19T16:00,28.9,87,0.0,10.1,1002.5,16.2,31.4,225.0,15.1,5.5,41.0,67
2026-05-19T17:00,28.6,87,0.0,9.9,1003.2,16.4,31.9,220.0,14.8,5.6,42.0,67
2026-05-19T18:00,28.9,87,0.0,10.7,1003.2,16.8,33.2,210.0,13.9,5.5,43.0,67
2026-05-19T19:00,28.5,90,0.0,11.2,1003.0,16.8,34.0,190.0,12.0,5.1,45.0,67
2026-05-19T20:00,28.2,91,0.0,11.8,1002.5,16.4,34.0,166.0,9.5,4.6,49.0,67
2026-05-19T21:00,28.0,92,0.0,12.1,1002.3,16.2,34.2,149.0,7.5,4.3,52.0,67
2026-05-19T22:00,27.8,93,0.0,11.3,1002.1,16.5,36.0,141.0,6.5,4.2,54.0,67
2026-05-19T23:00,27.6,93,0.0,12.1,1002.2,16.9,38.4,139.0,6.0,4.3,56.0,67
2026-05-20T00:00,27.9,90,0.0,13.0,1002.4,16.7,37.3,152.0,5.9,4.4,58.0,67
2026-05-20T01:00,27.8,89,0.0,14.0,1002.9,17.1,38.1,193.0,6.8,4.7,61.0,67
2026-05-20T02:00,28.5,82,0.0,16.0,1003.7,19.3,48.0,249.0,8.0,5.1,65.0,67
2026-05-20T03:00,29.5,75,0.0,15.4,1004.1,22.5,56.2,282.0,8.5,5.5,72.0,67
2026-05-20T04:00,30.4,70,0.0,15.8,1004.5,23.9,61.7,271.0,7.5,5.8,85.0,67
2026-05-20T05:00,31.2,67,0.0,16.4,1004.7,25.4,68.0,237.0,5.7,5.9,101.0,67
2026-05-20T06:00,32.5,63,0.0,17.0,1004.5,26.7,73.3,212.0,4.3,6.0,113.0,67
2026-05-20T07:00,33.0,58,0.0,17.1,1004.2,27.1,76.1,207.0,3.8,5.9,117.0,68
2026-05-20T08:00,33.2,56,0.0,17.4,1003.6,27.4,78.0,211.0,3.6,5.6,117.0,68
2026-05-20T09:00,33.2,57,0.0,17.0,1003.0,27.4,76.8,220.0,4.0,5.4,114.0,68
2026-05-20T10:00,32.8,59,0.0,16.7,1002.4,27.8,77.3,237.0,4.8,5.4,108.0,68
2026-05-20T11:00,32.1,64,0.0,16.9,1001.8,28.0,75.9,259.0,6.1,5.4,100.0,69
2026-05-20T12:00,31.6,63,0.0,15.8,1001.7,32.4,92.2,276.0,8.0,5.2,92.0,69
2026-05-20T13:00,30.4,71,0.0,14.6,1001.5,31.2,83.6,286.0,11.2,5.5,81.0,70
2026-05-20T14:00,29.4,78,0.0,12.5,1001.8,30.5,74.5,292.0,15.6,6.0,67.0,71
2026-05-20T15:00,28.9,83,0.0,11.8,1002.2,27.5,61.2,287.0,18.3,6.2,56.0,72
2026-05-20T16:00,28.6,85,0.0,12.0,1002.7,26.0,55.4,266.0,18.0,6.1,53.0,73
2026-05-20T17:00,28.5,86,0.0,13.2,1003.3,24.9,53.7,236.0,16.1,5.8,54.0,73
2026-05-20T18:00,28.8,85,0.0,16.3,1003.3,23.8,52.0,208.0,13.9,5.5,55.0,74
2026-05-20T19:00,28.7,84,0.0,15.3,1003.1,23.1,52.7,185.0,11.5,5.0,56.0,75
2026-05-20T20:00,28.3,88,0.0,14.0,1002.7,22.5,53.6,165.0,8.7,4.5,59.0,75
2026-05-20T21:00,28.2,88,0.0,14.2,1002.4,22.4,54.5,152.0,6.7,4.2,60.0,76
2026-05-20T22:00,28.1,86,0.0,14.1,1002.3,22.5,55.8,145.0,5.9,4.2,60.0,77
2026-05-20T23:00,28.2,83,0.0,13.7,1002.4,22.8,57.2,145.0,5.8,4.4,59.0,77
2026-05-21T00:00,28.3,84,0.0,12.5,1002.4,23.8,61.0,157.0,6.0,4.6,62.0,78
2026-05-21T01:00,28.1,84,0.0,12.1,1003.0,24.7,63.6,195.0,6.9,5.0,64.0,78
2026-05-21T02:00,28.7,80,0.0,13.6,1003.6,28.2,80.8,245.0,8.1,5.5,66.0,79
2026-05-21T03:00,29.8,74,0.0,14.9,1004.2,33.1,100.8,275.0,8.5,5.8,71.0,80
2026-05-21T04:00,30.9,67,0.0,15.5,1004.4,36.1,111.3,264.0,7.3,5.8,80.0,81
2026-05-21T05:00,31.5,65,0.0,15.9,1004.6,34.6,105.7,233.0,5.2,5.7,92.0,82
2026-05-21T06:00,32.5,62,0.0,15.9,1004.6,34.6,104.1,209.0,3.7,5.5,100.0,82
2026-05-21T07:00,32.5,63,0.0,15.9,1004.4,34.1,103.6,203.0,3.1,5.4,102.0,83
2026-05-21T08:00,32.6,63,0.0,16.6,1003.9,33.5,101.0,204.0,3.1,5.2,100.0,84
2026-05-21T09:00,32.4,64,0.0,16.7,1003.3,32.7,95.5,210.0,3.4,5.1,96.0,84
2026-05-21T10:00,32.1,65,0.0,17.1,1002.9,31.9,91.5,223.0,4.0,5.0,89.0,85
2026-05-21T11:00,31.7,66,0.0,16.1,1002.5,31.1,87.5,241.0,5.0,4.8,80.0,85
2026-05-21T12:00,31.5,66,0.0,15.3,1002.5,42.3,123.4,252.0,6.6,5.1,77.0,85
2026-05-21T13:00,30.5,70,0.0,15.4,1002.7,42.6,122.5,249.0,8.2,5.2,70.0,86
2026-05-21T14:00,29.9,73,0.0,15.0,1003.2,42.5,118.3,238.0,10.4,5.3,61.0,87
2026-05-21T15:00,29.5,75,0.0,14.4,1003.7,42.6,115.3,228.0,12.3,5.5,54.0,88
2026-05-21T16:00,29.2,78,0.0,13.2,1004.3,39.2,102.2,221.0,13.6,5.7,50.0,90
2026-05-21T17:00,29.0,81,0.0,12.7,1004.8,38.0,97.3,215.0,14.5,6.0,49.0,91
2026-05-21T18:00,29.0,81,0.0,13.3,1004.9,37.1,92.7,206.0,14.6,6.1,48.0,92
2026-05-21T19:00,28.7,82,0.0,13.0,1004.9,36.4,90.3,191.0,13.5,5.9,48.0,93
2026-05-21T20:00,28.5,84,0.0,12.2,1004.7,35.3,87.3,174.0,11.6,5.6,49.0,94
2026-05-21T21:00,28.3,85,0.0,11.3,1004.4,34.1,84.8,162.0,10.1,5.4,49.0,96
2026-05-21T22:00,28.0,87,0.0,10.6,1004.7,33.3,83.6,156.0,9.4,5.5,48.0,97
2026-05-21T23:00,27.9,88,0.0,9.7,1004.9,32.6,82.4,155.0,9.1,5.7,47.0,98
2026-05-22T00:00,28.1,86,0.0,9.6,1004.9,30.9,79.9,169.0,7.6,5.4,52.0,98
2026-05-22T01:00,27.9,87,0.0,9.7,1005.4,31.0,79.9,214.0,8.2,5.8,53.0,99
2026-05-22T02:00,28.6,82,0.0,10.2,1006.3,34.0,98.0,274.0,9.0,6.3,55.0,100
2026-05-22T03:00,29.9,75,0.0,10.5,1006.9,37.4,117.6,310.0,9.1,6.7,60.0,100
2026-05-22T04:00,30.9,70,0.0,10.8,1007.4,40.2,130.4,297.0,7.8,6.8,72.0,101
2026-05-22T05:00,31.6,67,0.0,11.8,1007.7,42.4,138.8,259.0,5.8,6.9,87.0,101
2026-05-22T06:00,32.3,63,0.0,11.7,1007.7,43.8,139.7,231.0,4.3,6.8,98.0,102
2026-05-22T07:00,32.7,61,0.0,12.4,1007.4,45.1,143.0,227.0,3.7,6.6,103.0,103
2026-05-22T08:00,33.0,59,0.0,13.2,1006.8,45.5,143.9,233.0,3.5,6.4,105.0,104
2026-05-22T09:00,32.9,60,0.0,14.1,1006.1,45.6,143.9,242.0,3.8,6.2,103.0,105
2026-05-22T10:00,32.3,62,0.0,15.2,1005.6,45.4,141.6,256.0,4.6,6.1,95.0,107
2026-05-22T11:00,31.5,66,0.0,15.6,1005.4,43.9,132.2,273.0,5.9,5.9,83.0,108
2026-05-22T12:00,31.2,70,0.0,13.7,1005.3,52.6,163.0,279.0,7.5,5.8,74.0,109
2026-05-22T13:00,30.1,75,0.0,13.7,1005.6,51.2,156.9,265.0,8.6,5.6,67.0,110
2026-05-22T14:00,29.5,78,0.0,13.1,1006.0,49.6,148.1,239.0,10.1,5.4,57.0,111
2026-05-22T15:00,29.4,79,0.0,14.8,1006.5,49.1,147.6,217.0,11.0,5.2,50.0,112
2026-05-22T16:00,29.2,79,0.0,15.7,1006.8,49.1,151.3,204.0,10.9,5.1,48.0,113
2026-05-22T17:00,29.1,79,0.0,14.5,1007.4,48.5,142.5,195.0,10.2,5.1,50.0,114
2026-05-22T18:00,29.1,80,0.0,14.3,1007.5,48.9,139.2,185.0,9.4,5.0,51.0,115
2026-05-22T19:00,29.0,80,0.0,13.7,1007.5,49.0,137.4,170.0,8.5,4.9,52.0,116
2026-05-22T20:00,28.8,81,0.0,12.8,1007.3,49.1,135.0,154.0,7.6,4.7,53.0,117
2026-05-22T21:00,28.5,83,0.0,11.8,1007.2,48.4,133.6,143.0,6.8,4.6,54.0,119
2026-05-22T22:00,28.4,82,0.0,10.7,1007.1,46.9,127.6,136.0,6.3,4.7,55.0,120
2026-05-22T23:00,28.2,82,0.0,10.0,1007.2,44.0,121.1,134.0,6.1,4.8,57.0,122
2026-05-23T00:00,28.0,82,0.0,10.3,1007.0,38.0,99.0,149.0,6.2,5.0,61.0,123
2026-05-23T01:00,27.6,84,0.0,10.0,1007.4,36.2,90.3,199.0,7.2,5.4,64.0,124
2026-05-23T02:00,28.3,78,0.0,10.3,1007.8,38.2,105.9,265.0,8.6,5.9,68.0,124
2026-05-23T03:00,29.4,73,0.0,9.9,1008.3,40.2,110.8,305.0,9.1,6.3,75.0,125
2026-05-23T04:00,30.6,66,0.0,10.7,1008.8,40.4,109.4,293.0,7.9,6.5,89.0,125
2026-05-23T05:00,31.5,62,0.0,12.0,1009.0,40.7,108.3,255.0,5.9,6.6,106.0,125
2026-05-23T06:00,32.3,60,0.0,12.8,1008.7,40.5,106.6,226.0,4.3,6.5,118.0,125
2026-05-23T07:00,32.5,58,0.0,13.4,1008.4,40.0,102.9,221.0,3.6,6.2,122.0,124
2026-05-23T08:00,32.5,58,0.0,14.4,1007.9,39.6,100.1,225.0,3.5,5.8,120.0,124
2026-05-23T09:00,32.0,62,0.0,15.5,1007.4,39.1,99.0,231.0,3.7,5.5,115.0,123
2026-05-23T10:00,31.5,65,0.0,16.4,1007.0,38.8,99.4,239.0,4.4,5.2,105.0,123
2026-05-23T11:00,31.0,67,0.0,16.7,1006.5,39.0,100.8,248.0,5.5,5.0,91.0,122
2026-05-23T12:00,30.9,67,0.0,15.8,1006.3,39.0,101.0,253.0,7.1,5.0,84.0,121
2026-05-23T13:00,29.9,71,0.0,14.9,1006.1,39.5,102.2,249.0,8.7,5.1,76.0,120
2026-05-23T14:00,29.0,76,0.0,14.0,1006.1,39.5,101.3,240.0,11.0,5.2,65.0,119
2026-05-23T15:00,28.5,78,0.0,13.4,1006.4,39.5,100.4,229.0,12.8,5.3,57.0,118
2026-05-23T16:00,28.6,77,0.0,13.9,1007.0,38.6,92.2,215.0,13.9,5.4,54.0,117
2026-05-23T17:00,28.5,78,0.0,14.3,1007.6,38.5,89.6,199.0,14.6,5.6,54.0,116
2026-05-23T18:00,28.5,79,0.0,14.0,1007.5,38.2,88.0,183.0,14.1,5.5,55.0,115
2026-05-23T19:00,28.2,80,0.0,13.6,1007.2,37.3,85.7,166.0,11.7,5.0,58.0,113
2026-05-23T20:00,28.0,82,0.0,14.3,1006.7,36.2,85.2,149.0,8.3,4.2,63.0,112
2026-05-23T21:00,27.8,82,0.0,14.6,1006.3,35.2,82.4,137.0,5.6,3.7,67.0,111
2026-05-23T22:00,27.8,81,0.0,14.6,1006.0,34.6,82.0,132.0,4.5,3.6,68.0,109
2026-05-23T23:00,27.8,79,0.0,14.2,1006.4,35.7,85.7,133.0,4.3,3.7,68.0,108
2026-05-24T00:00,27.9,81,0.0,14.8,1006.7,33.4,77.8,140.0,4.2,3.7,72.0,107
2026-05-24T01:00,28.0,78,0.0,14.5,1007.2,33.9,81.0,158.0,4.5,3.9,74.0,107
2026-05-24T02:00,28.8,73,0.0,15.6,1007.9,39.2,104.1,182.0,5.0,4.3,76.0,107
2026-05-24T03:00,29.6,70,0.0,17.7,1008.4,40.6,108.7,195.0,5.0,4.5,79.0,107
2026-05-24T04:00,30.6,65,0.0,18.3,1008.7,40.7,109.0,188.0,4.3,4.6,84.0,107
2026-05-24T05:00,31.5,61,0.0,18.8,1008.8,40.9,109.7,171.0,3.2,4.6,90.0,107
2026-05-24T06:00,32.3,60,0.0,19.8,1008.7,40.4,108.7,158.0,2.4,4.6,94.0,107
2026-05-24T07:00,32.7,58,0.0,20.0,1008.3,40.2,108.5,156.0,2.1,4.5,93.0,107
2026-05-24T08:00,32.6,59,0.0,19.2,1007.6,39.7,108.0,159.0,2.0,4.3,90.0,107
2026-05-24T09:00,32.8,59,0.0,18.8,1006.8,39.1,107.1,164.0,2.2,4.1,86.0,107
2026-05-24T10:00,32.5,62,0.0,18.7,1005.9,37.6,102.4,175.0,2.6,4.1,80.0,107
2026-05-24T11:00,31.8,66,0.0,18.6,1005.6,35.7,96.9,188.0,3.3,4.1,74.0,107
2026-05-24T12:00,31.0,67,0.0,18.3,1005.5,43.9,118.5,195.0,4.3,4.1,68.0,106
2026-05-24T13:00,30.0,72,0.0,17.2,1005.4,41.4,110.1,191.0,5.3,4.2,62.0,107
2026-05-24T14:00,29.1,79,0.0,16.4,1005.7,39.1,99.4,181.0,6.7,4.3,55.0,107
2026-05-24T15:00,28.8,81,0.0,17.6,1006.0,32.8,83.4,171.0,7.7,4.4,49.0,107
2026-05-24T16:00,28.8,80,0.0,18.2,1006.4,28.6,70.1,164.0,7.9,4.4,47.0,106
2026-05-24T17:00,28.8,81,0.0,16.9,1007.1,27.1,65.4,158.0,7.6,4.3,47.0,105
2026-05-24T18:00,28.9,79,0.0,17.4,1007.1,25.5,62.4,151.0,7.1,4.2,48.0,104
2026-05-24T19:00,28.7,80,0.0,17.6,1006.7,24.0,59.1,141.0,6.2,3.9,49.0,103
2026-05-24T20:00,28.8,78,0.0,17.4,1006.1,23.3,58.2,131.0,5.1,3.6,50.0,101
2026-05-24T21:00,28.5,81,0.0,17.6,1005.8,23.3,58.8,125.0,4.3,3.3,51.0,100
2026-05-24T22:00,28.4,82,0.0,17.7,1005.4,23.4,58.3,121.0,3.9,3.2,52.0,99
2026-05-24T23:00,28.4,81,0.0,17.1,1005.2,23.6,57.9,122.0,3.7,3.3,53.0,98
2026-05-25T00:00,28.0,87,0.0,16.2,1005.4,24.9,61.9,134.0,3.8,3.3,54.0,97
2026-05-25T01:00,28.1,87,0.0,15.8,1005.4,24.6,58.9,171.0,4.8,3.7,55.0,96
2026-05-25T02:00,29.0,82,0.0,17.6,1006.0,27.0,69.8,220.0,6.1,4.2,58.0,95
2026-05-25T03:00,30.2,74,0.0,18.0,1006.4,34.6,95.5,250.0,6.8,4.7,62.0,94
2026-05-25T04:00,31.2,69,0.0,18.4,1006.8,34.8,99.0,243.0,6.1,5.0,70.0,94
2026-05-25T05:00,32.0,66,0.0,17.3,1007.0,35.9,103.6,216.0,4.7,5.2,80.0,93
2026-05-25T06:00,32.3,66,0.0,18.0,1006.8,36.4,105.2,196.0,3.6,5.3,87.0,93
2026-05-25T07:00,32.6,65,0.0,19.0,1006.5,36.1,102.0,189.0,3.1,5.2,89.0,92
2026-05-25T08:00,32.9,64,0.0,20.3,1005.7,33.5,90.3,189.0,2.9,4.9,89.0,92
2026-05-25T09:00,32.9,65,0.0,20.2,1004.9,31.5,83.4,195.0,3.2,4.7,86.0,92
2026-05-25T10:00,32.3,68,0.0,19.8,1004.1,30.3,79.9,213.0,4.0,4.6,81.0,91
2026-05-25T11:00,31.8,72,0.0,18.6,1003.5,28.6,74.0,238.0,5.3,4.6,73.0,90
2026-05-25T12:00,31.5,72,0.0,16.9,1003.2,31.0,80.3,255.0,6.9,4.9,69.0,90
2026-05-25T13:00,30.5,78,0.0,13.9,1003.2,27.8,66.6,257.0,9.0,5.0,62.0,88
2026-05-25T14:00,29.6,83,0.0,13.0,1003.6,22.6,50.3,250.0,11.8,5.2,52.0,87
2026-05-25T15:00,29.4,84,0.0,12.7,1004.0,19.7,42.4,239.0,14.3,5.5,44.0,86
2026-05-25T16:00,29.2,85,0.0,11.3,1004.3,19.4,39.9,225.0,16.2,5.9,40.0,85
2026-05-25T17:00,29.0,87,0.0,10.2,1004.7,19.1,38.1,207.0,17.7,6.4,38.0,84
2026-05-25T18:00,29.2,87,0.0,10.3,1004.9,19.4,37.7,189.0,17.8,6.6,38.0,83
2026-05-25T19:00,28.8,90,0.0,10.5,1004.6,19.0,37.5,172.0,15.7,6.2,40.0,83
2026-05-25T20:00,28.5,92,0.0,10.6,1004.4,17.9,36.6,155.0,12.3,5.4,44.0,82
2026-05-25T21:00,28.3,93,0.0,12.7,1003.9,16.7,34.9,143.0,9.4,4.8,47.0,82
2026-05-25T22:00,28.1,93,0.0,13.3,1003.6,16.1,35.3,134.0,7.5,4.5,49.0,81
2026-05-25T23:00,28.1,93,0.0,13.5,1003.6,15.9,36.2,131.0,6.2,4.4,51.0,80
2026-05-26T00:00,28.1,93,0.0,13.2,1003.8,15.4,33.2,144.0,6.0,4.3,52.0,80
2026-05-26T01:00,28.0,94,0.0,12.7,1004.1,15.8,34.1,192.0,7.0,4.7,53.0,79
2026-05-26T02:00,28.8,88,0.0,13.3,1004.8,18.2,41.8,256.0,8.3,5.3,54.0,78
2026-05-26T03:00,30.0,80,0.0,12.0,1005.3,23.5,57.9,296.0,8.8,5.8,60.0,77
2026-05-26T04:00,31.1,75,0.0,11.4,1005.5,25.8,62.9,287.0,7.7,6.0,73.0,76
2026-05-26T05:00,32.2,71,0.0,11.3,1005.8,28.7,71.7,252.0,5.8,6.1,90.0,75
2026-05-26T06:00,33.2,66,0.0,13.5,1005.7,30.5,77.1,226.0,4.4,6.1,103.0,75
2026-05-26T07:00,33.7,63,0.0,14.5,1005.4,31.3,80.6,218.0,3.8,6.0,108.0,74
2026-05-26T08:00,33.8,63,0.0,15.7,1004.9,30.7,77.8,218.0,3.7,5.7,108.0,74
2026-05-26T09:00,33.8,63,0.0,16.2,1004.2,29.3,73.3,226.0,4.0,5.5,105.0,74
2026-05-26T10:00,33.5,63,0.0,15.9,1003.4,27.2,65.9,248.0,4.7,5.3,98.0,73
2026-05-26T11:00,33.1,65,0.0,15.1,1003.2,24.4,55.9,279.0,5.9,5.2,87.0,73
2026-05-26T12:00,32.8,67,0.0,13.4,1003.2,21.5,47.1,299.0,8.0,5.5,80.0,73
2026-05-26T13:00,31.3,74,0.0,12.2,1003.1,18.8,38.2,299.0,10.8,5.8,70.0,72
2026-05-26T14:00,30.0,81,0.0,12.0,1003.6,17.2,30.3,288.0,14.7,6.2,56.0,71
2026-05-26T15:00,29.5,84,0.0,10.8,1004.0,14.8,24.1,277.0,17.5,6.5,45.0,71
2026-05-26T16:00,29.1,87,0.0,10.2,1004.5,15.0,24.2,272.0,18.3,6.7,41.0,70
2026-05-26T17:00,29.0,88,0.0,9.4,1005.2,16.3,27.2,267.0,18.0,6.7,41.0,70
2026-05-26T18:00,28.9,90,0.0,8.0,1005.6,17.3,30.3,254.0,17.2,6.7,41.0,70
2026-05-26T19:00,28.5,92,0.0,6.6,1005.5,17.6,31.7,223.0,15.9,6.6,40.0,69
2026-05-26T20:00,28.2,93,0.0,6.9,1005.3,17.4,32.5,184.0,14.1,6.3,40.0,69
2026-05-26T21:00,28.0,94,0.0,9.2,1005.0,16.8,31.5,155.0,12.3,6.1,41.0,69
2026-05-26T22:00,27.9,94,0.0,10.6,1004.8,16.1,30.7,140.0,10.5,5.8,42.0,69
2026-05-26T23:00,27.9,93,0.0,12.4,1004.9,15.8,32.2,135.0,8.8,5.5,45.0,69
2026-05-27T00:00,28.2,92,0.0,13.8,1005.0,15.4,32.0,148.0,7.4,5.4,48.0,69
2026-05-27T01:00,28.1,92,0.0,13.9,1005.3,15.7,33.1,194.0,8.2,5.6,49.0,69
2026-05-27T02:00,28.9,87,0.0,13.6,1006.1,17.6,38.8,258.0,9.2,6.0,51.0,69
2026-05-27T03:00,30.0,79,0.0,14.0,1006.7,20.5,48.3,296.0,9.5,6.2,56.0,69
2026-05-27T04:00,31.1,73,0.0,14.3,1007.1,22.6,51.6,283.0,8.2,6.2,68.0,69
2026-05-27T05:00,32.1,69,0.0,13.9,1007.1,23.9,53.1,244.0,6.1,6.1,84.0,69
2026-05-27T06:00,33.0,64,0.0,14.8,1007.0,24.6,52.5,214.0,4.5,5.9,96.0,68
2026-05-27T07:00,33.3,64,0.0,15.8,1006.5,24.7,50.6,206.0,3.8,5.7,102.0,68
2026-05-27T08:00,33.3,65,0.0,16.2,1005.9,24.6,48.8,208.0,3.7,5.5,103.0,67
2026-05-27T09:00,33.2,66,0.0,16.7,1005.2,24.5,48.1,217.0,4.0,5.3,101.0,67
2026-05-27T10:00,32.8,68,0.0,16.7,1004.7,24.0,47.4,236.0,4.7,5.2,93.0,66
2026-05-27T11:00,32.3,71,0.0,16.2,1004.4,23.2,46.9,263.0,6.0,5.2,82.0,66
2026-05-27T12:00,32.2,69,0.0,15.3,1004.0,27.8,59.5,284.0,8.1,5.3,75.0,66
2026-05-27T13:00,31.2,74,0.0,13.5,1004.1,27.1,58.3,299.0,11.4,5.7,65.0,66
2026-05-27T14:00,30.0,81,0.0,11.8,1004.4,26.4,54.6,309.0,15.9,6.1,50.0,67
2026-05-27T15:00,29.5,87,0.0,11.6,1004.6,22.2,43.3,306.0,18.8,6.4,40.0,68
2026-05-27T16:00,29.1,89,0.0,12.3,1004.8,20.7,39.2,281.0,18.6,6.3,38.0,69
2026-05-27T17:00,28.9,91,0.0,14.0,1005.4,20.1,37.5,243.0,16.7,6.1,40.0,69
2026-05-27T18:00,29.1,89,0.0,12.9,1005.9,19.8,37.4,207.0,14.5,5.7,43.0,69
2026-05-27T19:00,28.9,91,0.0,13.4,1005.8,19.2,36.3,178.0,12.2,5.2,45.0,70
2026-05-27T20:00,28.6,92,0.0,14.3,1005.3,18.5,35.2,152.0,9.6,4.7,47.0,70
2026-05-27T21:00,28.4,93,0.0,14.0,1005.1,17.8,34.3,134.0,7.5,4.3,48.0,70
2026-05-27T22:00,28.4,92,0.0,14.7,1004.7,17.2,33.6,124.0,6.3,4.1,48.0,70
2026-05-27T23:00,28.3,92,0.0,15.0,1004.3,17.0,32.8,123.0,5.7,4.1,49.0,70
2026-05-28T00:00,28.4,91,0.0,15.5,1004.4,16.9,33.3,135.0,5.4,4.1,51.0,70
2026-05-28T01:00,28.2,92,0.0,14.7,1004.9,16.9,32.4,174.0,6.6,4.5,51.0,70
2026-05-28T02:00,29.1,86,0.0,15.9,1005.5,18.6,35.9,227.0,8.2,5.2,51.0,70
2026-05-28T03:00,30.2,79,0.0,17.1,1005.7,21.6,43.5,260.0,8.9,5.6,54.0,70
2026-05-28T04:00,31.4,72,0.0,17.1,1006.0,23.3,47.0,252.0,7.8,5.7,65.0,71
2026-05-28T05:00,32.2,69,0.0,16.9,1006.1,24.3,48.5,223.0,5.8,5.7,79.0,71
2026-05-28T06:00,33.2,65,0.0,16.7,1006.1,24.8,48.5,201.0,4.3,5.6,89.0,71
2026-05-28T07:00,33.4,65,0.0,16.4,1005.7,24.7,47.5,196.0,3.7,5.4,93.0,71
2026-05-28T08:00,33.6,64,0.0,16.1,1005.1,24.5,46.9,199.0,3.4,5.0,94.0,71
2026-05-28T09:00,33.3,67,0.0,17.5,1004.3,24.7,47.8,208.0,3.7,4.8,91.0,71
2026-05-28T10:00,32.8,72,0.0,17.8,1003.6,24.0,46.3,227.0,4.4,4.7,85.0,71
2026-05-28T11:00,32.2,74,0.0,18.0,1003.0,23.3,46.4,252.0,5.6,4.7,75.0,71
2026-05-28T12:00,32.0,74,0.0,16.8,1002.8,35.3,75.7,268.0,7.2,4.7,67.0,71
2026-05-28T13:00,30.9,79,0.0,15.7,1002.7,33.2,68.2,266.0,9.6,4.8,60.0,71
2026-05-28T14:00,30.0,84,0.0,15.1,1003.0,27.5,55.5,254.0,12.9,5.1,51.0,72
2026-05-28T15:00,29.6,88,0.0,13.8,1003.5,24.2,46.0,241.0,15.3,5.3,44.0,72
2026-05-28T16:00,29.5,89,0.0,12.6,1004.2,23.2,43.5,232.0,16.2,5.6,41.0,72
2026-05-28T17:00,29.2,90,0.0,11.9,1004.6,23.1,42.8,223.0,16.3,6.0,41.0,72
2026-05-28T18:00,29.4,90,0.0,13.3,1004.4,22.6,41.2,209.0,15.5,6.1,41.0,73
2026-05-28T19:00,29.0,92,0.0,14.4,1003.9,21.4,38.8,184.0,13.4,5.7,43.0,73
2026-05-28T20:00,28.9,92,0.0,13.2,1003.5,19.8,36.4,155.0,10.4,5.0,45.0,73
2026-05-28T21:00,28.8,91,0.0,13.1,1003.4,18.1,33.4,134.0,7.9,4.5,48.0,73
2026-05-28T22:00,28.7,91,0.0,12.4,1003.5,16.9,31.5,124.0,6.4,4.2,50.0,73
2026-05-28T23:00,28.6,91,0.0,15.1,1003.1,16.2,30.7,124.0,5.3,4.1,51.0,73
2026-05-29T00:00,28.8,92,0.0,15.5,1003.1,16.2,30.9,137.0,5.0,3.9,53.0,73
2026-05-29T01:00,28.8,91,0.0,13.8,1003.6,16.2,31.0,178.0,6.1,4.3,53.0,73
2026-05-29T02:00,29.5,87,0.0,13.8,1004.0,17.8,34.8,234.0,7.5,4.8,53.0,73
2026-05-29T03:00,30.6,79,0.0,16.2,1004.3,21.5,43.7,268.0,8.1,5.2,57.0,73
2026-05-29T04:00,31.9,72,0.0,15.9,1004.5,24.4,49.4,260.0,7.3,5.5,69.0,73
2026-05-29T05:00,32.6,70,0.0,16.0,1004.3,26.7,53.7,232.0,5.6,5.7,84.0,73
2026-05-29T06:00,33.5,66,0.0,16.4,1004.2,28.2,57.7,211.0,4.4,5.7,95.0,73
2026-05-29T07:00,34.0,64,0.0,17.3,1003.6,28.9,60.5,208.0,3.8,5.5,99.0,74
2026-05-29T08:00,34.5,63,0.0,17.5,1002.9,29.2,62.6,212.0,3.6,5.2,98.0,74
2026-05-29T09:00,34.3,63,0.0,17.2,1002.1,28.7,62.9,221.0,3.9,4.9,95.0,74
2026-05-29T10:00,34.0,65,0.0,17.1,1001.4,27.9,62.9,238.0,4.7,4.8,88.0,75
2026-05-29T11:00,33.0,70,0.0,17.3,1000.7,26.4,58.4,260.0,6.0,4.7,78.0,75
2026-05-29T12:00,32.2,72,0.0,17.3,1000.4,33.3,78.2,277.0,8.0,4.6,75.0,75
2026-05-29T13:00,31.3,75,0.0,16.4,1000.5,28.9,62.2,287.0,10.5,4.9,66.0,75
2026-05-29T14:00,30.3,80,0.0,15.9,1000.8,23.3,44.0,293.0,13.9,5.2,54.0,75
2026-05-29T15:00,30.0,83,0.0,13.6,1001.2,19.6,34.1,290.0,16.0,5.4,45.0,74
2026-05-29T16:00,29.8,85,0.0,12.1,1001.4,18.4,31.1,277.0,15.6,5.3,43.0,74
2026-05-29T17:00,29.5,85,0.0,12.2,1001.9,18.1,30.4,257.0,13.8,5.0,45.0,74
2026-05-29T18:00,29.4,87,0.0,11.8,1001.6,17.7,30.2,232.0,11.8,4.7,47.0,73
2026-05-29T19:00,29.1,88,0.0,12.5,1001.4,17.3,30.0,200.0,9.8,4.3,50.0,73
2026-05-29T20:00,29.0,86,0.0,14.4,1001.0,16.7,30.2,163.0,7.7,3.9,53.0,72
2026-05-29T21:00,28.9,87,0.0,14.1,1000.7,16.4,31.1,138.0,6.0,3.6,55.0,72
2026-05-29T22:00,28.7,88,0.0,14.8,1000.4,16.2,31.3,126.0,5.0,3.5,56.0,72
2026-05-29T23:00,28.7,88,0.0,13.5,1000.3,16.0,31.0,125.0,4.5,3.5,55.0,72
2026-05-30T00:00,28.9,89,0.0,13.2,1000.1,16.3,32.5,142.0,4.8,3.7,58.0,72
2026-05-30T01:00,28.9,90,0.0,14.5,1000.4,16.5,31.9,193.0,6.7,4.2,58.0,72
2026-05-30T02:00,29.7,86,0.0,14.4,1001.0,17.6,33.2,262.0,9.2,5.0,58.0,72
2026-05-30T03:00,30.8,80,0.0,14.8,1001.4,22.9,45.4,302.0,10.4,5.5,62.0,72
2026-05-30T04:00,31.9,75,0.0,14.4,1001.7,26.0,54.0,287.0,9.2,5.7,75.0,72
2026-05-30T05:00,32.8,70,0.0,15.7,1001.7,28.2,62.4,243.0,6.7,5.6,92.0,72
2026-05-30T06:00,33.6,70,0.0,18.5,1001.8,29.4,69.4,210.0,4.8,5.5,104.0,72
2026-05-30T07:00,34.2,65,0.0,17.9,1001.4,29.2,72.4,201.0,4.0,5.3,107.0,72
2026-05-30T08:00,35.0,61,0.0,15.9,1001.1,28.8,75.4,203.0,3.8,4.9,104.0,72
2026-05-30T09:00,35.0,59,0.0,15.8,1000.5,27.2,70.8,212.0,4.0,4.7,99.0,72
2026-05-30T10:00,34.5,62,0.0,15.7,999.7,25.1,59.8,234.0,4.8,4.6,91.0,72
2026-05-30T11:00,33.7,65,0.0,15.4,999.4,24.0,54.4,263.0,6.0,4.6,81.0,72
2026-05-30T12:00,33.0,70,0.0,14.8,999.4,23.4,54.1,283.0,7.9,4.6,76.0,72
2026-05-30T13:00,31.4,78,0.0,15.6,999.3,21.8,41.0,286.0,10.3,4.9,67.0,71
2026-05-30T14:00,30.5,84,0.0,14.9,1000.0,21.1,34.2,280.0,13.6,5.3,54.0,70
2026-05-30T15:00,30.1,86,0.0,12.5,1000.7,17.8,27.5,269.0,15.7,5.6,45.0,70
2026-05-30T16:00,29.9,88,0.0,11.8,1001.6,16.5,25.8,252.0,15.8,5.7,42.0,70
2026-05-30T17:00,29.8,88,0.0,11.9,1002.2,16.6,26.9,230.0,14.7,5.7,43.0,70
2026-05-30T18:00,29.7,88,0.0,13.1,1002.6,16.8,27.7,207.0,13.2,5.5,44.0,70
2026-05-30T19:00,29.4,90,0.0,13.4,1002.5,16.5,28.1,181.0,11.0,5.0,46.0,69
2026-05-30T20:00,29.2,90,0.0,14.7,1002.5,16.3,28.3,154.0,8.3,4.4,48.0,69
2026-05-30T21:00,29.1,89,0.0,14.6,1002.1,16.6,29.5,136.0,6.3,4.0,50.0,69
2026-05-30T22:00,28.9,92,0.0,13.4,1001.9,17.3,31.1,129.0,5.5,3.9,50.0,69
2026-05-30T23:00,28.7,92,0.0,12.5,1002.0,18.0,32.8,131.0,5.4,3.9,48.0,69
2026-05-31T00:00,28.9,92,0.0,14.1,1001.9,18.3,33.3,141.0,5.9,4.4,49.0,70
2026-05-31T01:00,28.8,92,0.0,11.8,1002.8,19.0,34.8,168.0,6.1,4.6,50.0,70
2026-05-31T02:00,29.6,86,0.0,11.7,1003.6,20.4,38.6,203.0,6.3,4.9,52.0,70
2026-05-31T03:00,30.5,80,0.0,13.4,1004.3,22.6,44.6,223.0,6.1,5.1,55.0,70
2026-05-31T04:00,31.5,74,0.1,15.2,1004.8,23.3,47.3,211.0,5.3,5.1,61.0,70
2026-05-31T05:00,32.1,71,0.2,16.6,1004.9,23.3,46.7,183.0,4.1,5.0,67.0,70
2026-05-31T06:00,32.6,70,0.2,16.2,1005.4,22.5,44.8,162.0,3.2,4.9,73.0,70
2026-05-31T07:00,33.0,67,0.2,15.9,1005.4,21.7,42.8,157.0,2.6,4.7,77.0,69
2026-05-31T08:00,32.8,69,0.1,16.0,1005.1,20.4,40.5,160.0,2.3,4.5,79.0,68
2026-05-31T09:00,32.8,69,0.1,16.1,1004.5,20.5,40.4,165.0,2.2,4.4,79.0,68
2026-05-31T10:00,32.5,71,0.1,17.0,1003.7,19.2,38.1,173.0,2.5,4.4,76.0,67
2026-05-31T11:00,32.0,73,0.1,16.9,1003.4,19.0,37.5,184.0,3.1,4.4,70.0,66
2026-05-31T12:00,31.6,71,0.1,16.8,1003.2,23.4,49.9,190.0,4.1,4.6,65.0,66
2026-05-31T13:00,30.9,73,0.0,16.0,1003.2,22.4,47.4,187.0,5.7,4.8,60.0,66
2026-05-31T14:00,30.4,75,0.1,15.9,1003.7,21.0,42.8,179.0,7.9,5.1,52.0,66
2026-05-31T15:00,30.1,77,0.1,14.3,1004.3,21.4,41.1,172.0,9.5,5.4,47.0,66
2026-05-31T16:00,30.0,76,0.1,13.5,1005.1,21.4,39.5,168.0,10.1,5.6,46.0,66
2026-05-31T17:00,29.9,76,0.2,12.5,1005.8,19.1,35.0,165.0,10.1,5.8,46.0,67
2026-05-31T18:00,29.9,80,0.1,12.5,1005.7,18.2,33.6,159.0,9.9,5.8,47.0,67
2026-05-31T19:00,29.5,83,0.0,10.2,1005.5,18.1,33.6,147.0,9.4,5.6,47.0,67
2026-05-31T20:00,29.2,84,0.0,10.1,1005.2,21.1,41.4,133.0,8.6,5.2,48.0,67
2026-05-31T21:00,29.1,85,0.0,10.8,1004.5,20.1,39.1,124.0,8.0,5.0,48.0,68
2026-05-31T22:00,29.0,85,0.0,11.2,1004.3,20.1,39.8,117.0,7.8,5.0,47.0,68
2026-05-31T23:00,28.9,85,0.0,9.9,1004.2,19.4,38.5,115.0,7.8,5.1,46.0,68
2026-06-01T00:00,28.6,86,0.0,6.6,1004.1,18.9,40.9,130.0,5.9,5.0,55.0,68
2026-06-01T01:00,28.6,86,0.0,7.0,1004.8,19.4,40.4,183.0,7.0,5.6,56.0,68
2026-06-01T02:00,29.5,81,0.0,8.0,1005.4,23.3,55.5,253.0,8.5,6.5,59.0,69
2026-06-01T03:00,30.8,74,0.0,9.0,1005.8,24.3,59.4,296.0,9.1,7.1,64.0,69
2026-06-01T04:00,31.8,68,0.0,10.8,1006.1,25.6,63.6,283.0,7.9,7.2,76.0,69
2026-06-01T05:00,32.3,65,0.0,12.5,1006.3,27.2,66.4,242.0,5.8,7.0,91.0,69
2026-06-01T06:00,33.0,62,0.0,11.8,1006.7,28.1,67.5,210.0,4.1,6.8,101.0,69
2026-06-01T07:00,33.0,61,0.0,12.4,1006.5,27.9,65.2,201.0,3.4,6.5,104.0,70
2026-06-01T08:00,32.9,64,0.0,14.1,1005.9,27.1,62.4,202.0,3.1,6.0,102.0,71
2026-06-01T09:00,32.7,65,0.0,14.8,1005.3,25.9,57.6,207.0,3.2,5.7,97.0,71
2026-06-01T10:00,32.1,68,0.0,14.7,1004.4,24.7,53.0,219.0,3.8,5.5,89.0,72
2026-06-01T11:00,31.8,70,0.0,14.4,1004.1,23.2,47.4,236.0,4.8,5.4,78.0,72
2026-06-01T12:00,32.2,66,0.0,13.8,1003.6,34.7,79.2,245.0,6.3,5.8,75.0,72
2026-06-01T13:00,31.5,67,0.0,13.2,1003.6,33.3,76.1,238.0,8.1,5.9,66.0,73
2026-06-01T14:00,31.0,69,0.0,14.3,1003.7,32.0,73.6,224.0,10.6,6.0,54.0,74
2026-06-01T15:00,30.3,73,0.0,14.0,1003.8,31.1,69.8,212.0,12.7,6.1,44.0,75
2026-06-01T16:00,30.1,75,0.0,12.1,1004.9,29.9,63.8,209.0,14.0,6.3,40.0,76
2026-06-01T17:00,30.1,76,0.0,7.7,1006.2,28.9,59.3,208.0,15.0,6.4,39.0,77
2026-06-01T18:00,30.1,75,0.0,5.8,1005.6,25.4,52.5,202.0,15.7,6.6,38.0,78
2026-06-01T19:00,29.6,79,0.0,9.0,1005.0,25.1,51.9,183.0,16.2,6.7,36.0,79
2026-06-01T20:00,29.2,81,0.0,16.1,1003.5,25.2,49.6,158.0,16.5,6.8,33.0,79
2026-06-01T21:00,29.1,82,0.0,6.3,1005.6,24.8,46.7,143.0,16.2,6.9,32.0,80
2026-06-01T22:00,29.3,81,0.0,6.0,1004.8,24.6,47.0,142.0,15.1,6.9,33.0,80
2026-06-01T23:00,29.0,83,0.0,6.7,1005.0,24.0,46.6,150.0,13.5,6.8,35.0,80
